Date,Open,High,Low,Close,Volume,TOTAL_TRADES,QTY_PER_TRADE,DLV_QTY
1996-10-14,1.45,1.75,1.45,1.75,4000,,,
1996-10-16,1.6,1.95,1.6,1.6,6100,,,
1996-12-12,1.55,1.55,1.55,1.55,100,,,
1997-01-03,1.7,1.7,1.4,1.4,600,,,
1997-01-07,1.3,1.3,1.3,1.3,400,,,
1997-02-20,1.45,1.45,1.2,1.45,10000,,,
1997-03-05,1.6,1.6,1.3,1.3,22000,,,
1997-03-06,1.4,1.4,1.2,1.2,2000,,,
1997-03-17,1.1,1.3,1.1,1.2,8400,,,
1997-03-21,1.3,1.3,1.2,1.2,5400,,,
1997-03-25,1.1,1.1,1.1,1.1,5300,,,
1997-04-10,1.0,1.0,1.0,1.0,100,,,
1997-04-11,0.9,0.9,0.9,0.9,100,,,
1997-04-12,0.85,0.85,0.85,0.85,100,,,
1997-04-15,0.85,0.85,0.85,0.85,100,,,
1997-04-21,0.75,0.75,0.75,0.75,100,,,
1997-04-25,0.75,0.75,0.75,0.75,300,,,
1997-04-28,0.7,0.8,0.7,0.8,4300,,,
1997-04-29,0.8,0.8,0.8,0.8,2000,,,
1997-04-30,0.8,0.8,0.8,0.8,200,,,
1997-05-02,0.75,0.75,0.75,0.75,100,,,
1997-05-06,0.7,0.7,0.7,0.7,100,,,
1997-05-08,0.75,0.75,0.7,0.7,300,,,
1997-05-09,0.75,0.75,0.7,0.75,2300,,,
1997-06-02,0.65,0.65,0.65,0.65,5000,,,
1997-06-03,0.7,0.7,0.7,0.7,300,,,
1997-06-04,0.65,0.65,0.65,0.65,700,,,
1997-06-05,0.55,0.55,0.55,0.55,200,,,
1997-06-09,0.6,0.6,0.6,0.6,100,,,
1997-06-12,0.55,0.55,0.55,0.55,400,,,
1997-07-02,0.5,0.5,0.5,0.5,100,,,
1997-07-07,0.5,0.5,0.5,0.5,200,,,
1997-07-08,0.45,0.45,0.45,0.45,200,,,
1997-07-09,0.4,0.4,0.4,0.4,700,,,
1997-07-10,0.4,0.4,0.4,0.4,100,,,
1997-07-11,0.4,0.4,0.35,0.35,600,,,
1997-07-14,0.35,0.35,0.35,0.35,300,,,
1997-07-15,0.35,0.4,0.35,0.35,400,,,
1997-07-17,0.4,0.4,0.35,0.35,3200,,,
1997-07-21,0.4,0.4,0.4,0.4,1100,,,
1997-07-22,0.45,0.45,0.45,0.45,1100,,,
1997-07-23,0.45,0.45,0.45,0.45,2500,,,
1997-07-24,0.5,0.55,0.5,0.55,3800,,,
1997-07-25,0.55,0.55,0.5,0.55,19400,,,
1997-07-28,0.55,0.55,0.5,0.55,7700,,,
1997-07-29,0.55,0.55,0.5,0.5,15300,,,
1997-07-30,0.5,0.55,0.5,0.55,6800,,,
1997-07-31,0.6,0.6,0.55,0.6,8700,,,
1997-08-01,0.6,0.65,0.6,0.65,15500,,,
1997-08-04,0.65,0.65,0.65,0.65,17100,,,
1997-08-05,0.65,0.65,0.65,0.65,2000,,,
1997-08-07,0.7,0.7,0.6,0.6,13500,,,
1997-08-08,0.65,0.65,0.55,0.55,11300,,,
1997-08-11,0.6,0.6,0.6,0.6,12400,,,
1997-08-12,0.6,0.6,0.55,0.6,12900,,,
1997-08-13,0.6,0.6,0.6,0.6,2600,,,
1997-08-14,0.6,0.6,0.6,0.6,5900,,,
1997-08-18,0.55,0.55,0.55,0.55,12000,,,
1997-08-19,0.55,0.55,0.5,0.55,5600,,,
1997-08-20,0.6,0.6,0.55,0.6,30500,,,
1997-08-21,0.6,0.6,0.55,0.55,2000,,,
1997-08-22,0.55,0.55,0.55,0.55,1000,,,
1997-08-25,0.55,0.6,0.55,0.6,5000,,,
1997-08-26,0.6,0.6,0.6,0.6,1100,,,
1997-08-27,0.6,0.6,0.55,0.55,1900,,,
1997-08-28,0.55,0.55,0.55,0.55,3100,,,
1997-08-29,0.55,0.55,0.5,0.5,6100,,,
1997-09-01,0.5,0.5,0.5,0.5,1100,,,
1997-09-02,0.5,0.5,0.5,0.5,400,,,
1997-09-03,0.55,0.55,0.5,0.55,900,,,
1997-09-04,0.5,0.5,0.5,0.5,500,,,
1997-09-05,0.5,0.5,0.5,0.5,3500,,,
1997-09-08,0.5,0.5,0.5,0.5,200,,,
1997-09-09,0.55,0.55,0.5,0.55,800,,,
1997-09-10,0.5,0.55,0.5,0.55,300,,,
1997-09-11,0.5,0.5,0.5,0.5,1100,,,
1997-09-12,0.5,0.5,0.5,0.5,200,,,
1997-09-15,0.45,0.45,0.45,0.45,500,,,
1997-09-16,0.45,0.45,0.45,0.45,900,,,
1997-09-17,0.45,0.45,0.45,0.45,100,,,
1997-09-18,0.45,0.45,0.45,0.45,400,,,
1997-09-19,0.45,0.45,0.4,0.45,6600,,,
1997-09-22,0.4,0.4,0.4,0.4,300,,,
1997-09-23,0.4,0.4,0.4,0.4,300,,,
1997-09-24,0.4,0.4,0.4,0.4,4200,,,
1997-09-25,0.4,0.4,0.4,0.4,400,,,
1997-09-26,0.4,0.4,0.4,0.4,5600,,,
1997-09-29,0.45,0.45,0.4,0.45,6800,,,
1997-09-30,0.4,0.45,0.4,0.4,2100,,,
1997-10-01,0.4,0.4,0.4,0.4,3100,,,
1997-10-09,0.4,0.4,0.4,0.4,400,,,
1997-10-10,0.45,0.45,0.4,0.4,300,,,
1997-10-13,0.4,0.4,0.4,0.4,500,,,
1997-10-14,0.4,0.4,0.35,0.35,1800,,,
1997-10-15,0.4,0.4,0.4,0.4,1400,,,
1997-10-16,0.35,0.35,0.35,0.35,1600,,,
1997-10-17,0.35,0.35,0.35,0.35,500,,,
1997-10-20,0.35,0.35,0.35,0.35,800,,,
1997-10-21,0.4,0.4,0.35,0.35,4500,,,
1997-10-22,0.35,0.35,0.35,0.35,100,,,
1997-10-23,0.35,0.35,0.35,0.35,1700,,,
1997-10-24,0.35,0.35,0.35,0.35,200,,,
1997-10-27,0.35,0.35,0.35,0.35,800,,,
1997-10-28,0.3,0.35,0.3,0.35,800,,,
1997-10-29,0.35,0.35,0.35,0.35,100,,,
1997-11-03,0.35,0.35,0.35,0.35,200,,,
1997-11-04,0.35,0.35,0.3,0.3,1700,,,
1997-11-05,0.3,0.3,0.3,0.3,100,,,
1997-11-06,0.3,0.3,0.3,0.3,2100,,,
1997-11-07,0.3,0.3,0.3,0.3,1200,,,
1997-11-10,0.3,0.3,0.3,0.3,500,,,
1997-11-11,0.3,0.3,0.3,0.3,1500,,,
1997-11-12,0.3,0.3,0.3,0.3,3400,,,
1997-11-13,0.3,0.3,0.3,0.3,1400,,,
1997-11-17,0.25,0.25,0.25,0.25,400,,,
1997-11-18,0.25,0.25,0.25,0.25,2000,,,
1997-11-19,0.25,0.25,0.25,0.25,1900,,,
1997-11-20,0.25,0.25,0.25,0.25,600,,,
1997-11-21,0.25,0.25,0.25,0.25,700,,,
1997-11-24,0.25,0.25,0.25,0.25,800,,,
1997-11-25,0.25,0.25,0.25,0.25,1500,,,
1997-11-26,0.25,0.25,0.25,0.25,1900,,,
1997-11-27,0.25,0.25,0.25,0.25,400,,,
1997-11-28,0.25,0.25,0.25,0.25,1300,,,
1997-12-01,0.25,0.25,0.25,0.25,100,,,
1997-12-02,0.25,0.25,0.25,0.25,200,,,
1997-12-03,0.25,0.25,0.25,0.25,300,,,
1997-12-04,0.25,0.25,0.25,0.25,400,,,
1997-12-08,0.25,0.25,0.25,0.25,200,,,
1997-12-09,0.25,0.25,0.25,0.25,900,,,
1997-12-10,0.25,0.25,0.25,0.25,100,,,
1997-12-11,0.25,0.25,0.25,0.25,200,,,
1997-12-15,0.25,0.25,0.25,0.25,200,,,
1997-12-16,0.25,0.25,0.25,0.25,1800,,,
1997-12-17,0.25,0.25,0.25,0.25,700,,,
1997-12-18,0.25,0.25,0.25,0.25,100,,,
1997-12-19,0.25,0.25,0.25,0.25,800,,,
1997-12-22,0.25,0.25,0.25,0.25,100,,,
1997-12-23,0.25,0.25,0.25,0.25,400,,,
1997-12-24,0.3,0.3,0.25,0.3,2200,,,
1997-12-26,0.3,0.3,0.3,0.3,900,,,
1997-12-29,0.3,0.3,0.25,0.25,600,,,
1997-12-30,0.25,0.25,0.25,0.25,1100,,,
1997-12-31,0.25,0.25,0.25,0.25,1300,,,
1998-01-01,0.25,0.25,0.25,0.25,400,,,
1998-01-05,0.3,0.3,0.3,0.3,100,,,
1998-01-06,0.3,0.3,0.3,0.3,2300,,,
1998-01-07,0.3,0.35,0.3,0.35,2700,,,
1998-01-08,0.35,0.35,0.3,0.3,4200,,,
1998-01-09,0.3,0.3,0.3,0.3,1600,,,
1998-01-12,0.25,0.25,0.25,0.25,2600,,,
1998-01-13,0.25,0.25,0.25,0.25,1100,,,
1998-01-14,0.25,0.25,0.25,0.25,200,,,
1998-01-15,0.3,0.3,0.3,0.3,100,,,
1998-01-16,0.25,0.25,0.25,0.25,1700,,,
1998-01-19,0.25,0.25,0.25,0.25,300,,,
1998-01-20,0.25,0.25,0.25,0.25,200,,,
1998-01-27,0.25,0.25,0.25,0.25,300,,,
1998-01-28,0.25,0.25,0.25,0.25,400,,,
1998-01-29,0.25,0.25,0.25,0.25,500,,,
1998-01-30,0.25,0.25,0.25,0.25,400,,,
1998-02-02,0.25,0.25,0.25,0.25,100,,,
1998-02-03,0.25,0.25,0.25,0.25,500,,,
1998-02-04,0.25,0.25,0.25,0.25,100,,,
1998-02-05,0.25,0.25,0.25,0.25,400,,,
1998-02-06,0.25,0.25,0.25,0.25,300,,,
1998-02-09,0.25,0.25,0.25,0.25,500,,,
1998-02-10,0.25,0.25,0.25,0.25,700,,,
1998-02-11,0.25,0.25,0.25,0.25,400,,,
1998-02-12,0.2,0.2,0.2,0.2,100,,,
1998-02-13,0.2,0.25,0.2,0.25,800,,,
1998-02-17,0.25,0.25,0.25,0.25,200,,,
1998-02-18,0.25,0.25,0.25,0.25,200,,,
1998-02-19,0.25,0.25,0.25,0.25,1400,,,
1998-02-20,0.2,0.2,0.2,0.2,900,,,
1998-02-23,0.2,0.2,0.2,0.2,200,,,
1998-02-24,0.2,0.2,0.2,0.2,2800,,,
1998-02-25,0.2,0.25,0.2,0.25,1300,,,
1998-02-26,0.25,0.25,0.25,0.25,400,,,
1998-02-27,0.25,0.25,0.25,0.25,1700,,,
1998-03-02,0.25,0.25,0.25,0.25,900,,,
1998-03-03,0.25,0.25,0.25,0.25,1600,,,
1998-03-04,0.25,0.25,0.25,0.25,100,,,
1998-03-06,0.25,0.25,0.25,0.25,700,,,
1998-03-09,0.25,0.25,0.25,0.25,100,,,
1998-03-10,0.25,0.25,0.25,0.25,1600,,,
1998-03-11,0.25,0.25,0.25,0.25,700,,,
1998-03-12,0.25,0.25,0.25,0.25,1300,,,
1998-03-16,0.25,0.25,0.25,0.25,400,,,
1998-03-17,0.25,0.25,0.25,0.25,2100,,,
1998-03-18,0.25,0.25,0.25,0.25,1700,,,
1998-03-19,0.25,0.25,0.25,0.25,1700,,,
1998-03-20,0.25,0.25,0.25,0.25,500,,,
1998-03-24,0.25,0.25,0.25,0.25,800,,,
1998-03-25,0.25,0.3,0.25,0.3,400,,,
1998-03-26,0.3,0.3,0.3,0.3,4200,,,
1998-03-27,0.3,0.3,0.3,0.3,400,,,
1998-03-30,0.3,0.3,0.3,0.3,1000,,,
1998-03-31,0.3,0.3,0.25,0.3,1500,,,
1998-04-01,0.3,0.3,0.3,0.3,300,,,
1998-04-02,0.3,0.3,0.3,0.3,300,,,
1998-04-06,0.3,0.3,0.3,0.3,1600,,,
1998-04-07,0.3,0.3,0.3,0.3,700,,,
1998-04-09,0.35,0.35,0.35,0.35,200,,,
1998-04-10,0.4,0.4,0.4,0.4,1000,,,
1998-04-13,0.4,0.4,0.4,0.4,800,,,
1998-04-15,0.45,0.45,0.4,0.45,4400,,,
1998-04-16,0.45,0.45,0.45,0.45,29300,,,
1998-04-17,0.45,0.45,0.4,0.45,7900,,,
1998-04-20,0.45,0.45,0.4,0.4,3400,,,
1998-04-21,0.4,0.45,0.4,0.4,3800,,,
1998-04-22,0.4,0.45,0.4,0.45,31300,,,
1998-04-23,0.4,0.45,0.4,0.45,3300,,,
1998-04-24,0.45,0.45,0.4,0.4,5700,,,
1998-04-27,0.4,0.45,0.4,0.45,4600,,,
1998-04-28,0.45,0.45,0.45,0.45,6000,,,
1998-04-29,0.45,0.45,0.45,0.45,2300,,,
1998-04-30,0.45,0.45,0.4,0.45,1900,,,
1998-05-05,0.5,0.55,0.5,0.55,32700,,,
1998-05-06,0.55,0.6,0.55,0.55,9100,,,
1998-05-08,0.55,0.55,0.55,0.55,7200,,,
1998-05-11,0.55,0.55,0.5,0.55,6800,,,
1998-05-12,0.5,0.5,0.45,0.5,10400,,,
1998-05-13,0.45,0.45,0.45,0.45,5000,,,
1998-05-14,0.45,0.5,0.4,0.45,3200,,,
1998-05-15,0.45,0.45,0.45,0.45,800,,,
1998-05-18,0.45,0.5,0.45,0.5,3700,,,
1998-05-19,0.5,0.55,0.5,0.55,5800,,,
1998-05-20,0.55,0.6,0.55,0.6,14300,,,
1998-05-21,0.65,0.65,0.55,0.6,8800,,,
1998-05-22,0.55,0.65,0.55,0.65,29900,,,
1998-05-25,0.6,0.65,0.6,0.65,11200,,,
1998-05-26,0.65,0.65,0.65,0.65,500,,,
1998-05-27,0.75,0.75,0.7,0.75,36900,,,
1998-05-28,0.75,0.75,0.7,0.7,33900,,,
1998-05-29,0.65,0.7,0.65,0.7,16800,,,
1998-06-01,0.7,0.75,0.7,0.7,24900,,,
1998-06-02,0.7,0.7,0.65,0.65,28800,,,
1998-06-03,0.6,0.65,0.6,0.65,5400,,,
1998-06-04,0.65,0.7,0.65,0.65,8700,,,
1998-06-05,0.65,0.65,0.6,0.6,2800,,,
1998-06-08,0.6,0.6,0.55,0.55,5200,,,
1998-06-09,0.55,0.6,0.55,0.55,4900,,,
1998-06-10,0.55,0.55,0.55,0.55,700,,,
1998-06-11,0.45,0.5,0.45,0.5,400,,,
1998-06-12,0.5,0.5,0.5,0.5,800,,,
1998-06-15,0.45,0.45,0.45,0.45,1100,,,
1998-06-16,0.4,0.5,0.4,0.5,7400,,,
1998-06-17,0.5,0.5,0.5,0.5,6200,,,
1998-06-18,0.5,0.5,0.5,0.5,1100,,,
1998-06-19,0.45,0.45,0.45,0.45,1500,,,
1998-06-22,0.4,0.4,0.4,0.4,500,,,
1998-06-23,0.45,0.45,0.4,0.4,1000,,,
1998-06-24,0.45,0.45,0.45,0.45,600,,,
1998-06-25,0.5,0.5,0.45,0.45,2400,,,
1998-06-26,0.45,0.5,0.45,0.5,900,,,
1998-06-29,0.5,0.5,0.45,0.45,2500,,,
1998-06-30,0.45,0.45,0.4,0.4,2000,,,
1998-07-01,0.45,0.45,0.4,0.4,200,,,
1998-07-02,0.45,0.45,0.4,0.4,600,,,
1998-07-03,0.4,0.4,0.4,0.4,300,,,
1998-07-06,0.4,0.4,0.4,0.4,5100,,,
1998-07-07,0.4,0.4,0.4,0.4,300,,,
1998-07-08,0.45,0.45,0.4,0.4,1200,,,
1998-07-09,0.4,0.45,0.4,0.45,1400,,,
1998-07-10,0.45,0.45,0.45,0.45,600,,,
1998-07-13,0.45,0.45,0.45,0.45,200,,,
1998-07-14,0.45,0.45,0.4,0.4,800,,,
1998-07-15,0.45,0.45,0.45,0.45,400,,,
1998-07-16,0.4,0.4,0.4,0.4,1100,,,
1998-07-17,0.4,0.4,0.4,0.4,300,,,
1998-07-20,0.4,0.4,0.4,0.4,600,,,
1998-07-21,0.35,0.35,0.35,0.35,700,,,
1998-07-22,0.35,0.35,0.35,0.35,300,,,
1998-07-24,0.35,0.35,0.35,0.35,100,,,
1998-07-27,0.3,0.3,0.3,0.3,400,,,
1998-07-28,0.3,0.3,0.3,0.3,1300,,,
1998-07-29,0.3,0.3,0.25,0.3,900,,,
1998-07-30,0.3,0.3,0.25,0.3,1300,,,
1998-07-31,0.3,0.3,0.25,0.25,2400,,,
1998-08-03,0.25,0.3,0.25,0.25,1300,,,
1998-08-04,0.25,0.3,0.25,0.3,3200,,,
1998-08-05,0.3,0.3,0.25,0.25,5700,,,
1998-08-06,0.3,0.3,0.25,0.25,4500,,,
1998-08-07,0.25,0.25,0.25,0.25,600,,,
1998-08-10,0.25,0.25,0.25,0.25,600,,,
1998-08-11,0.25,0.25,0.25,0.25,5500,,,
1998-08-12,0.25,0.25,0.25,0.25,200,,,
1998-08-13,0.25,0.25,0.25,0.25,500,,,
1998-08-18,0.25,0.25,0.25,0.25,1100,,,
1998-08-19,0.25,0.25,0.25,0.25,700,,,
1998-08-20,0.25,0.25,0.25,0.25,3000,,,
1998-08-21,0.25,0.25,0.25,0.25,900,,,
1998-08-25,0.25,0.25,0.25,0.25,21100,,,
1998-08-27,0.25,0.3,0.25,0.3,13800,,,
1998-08-28,0.3,0.3,0.25,0.25,7600,,,
1998-08-31,0.25,0.25,0.25,0.25,11800,,,
1998-09-01,0.25,0.25,0.25,0.25,2100,,,
1998-09-02,0.25,0.25,0.25,0.25,1300,,,
1998-09-03,0.25,0.25,0.25,0.25,1400,,,
1998-09-04,0.25,0.25,0.25,0.25,2700,,,
1998-09-07,0.25,0.25,0.25,0.25,5300,,,
1998-09-08,0.25,0.25,0.25,0.25,6900,,,
1998-09-09,0.25,0.25,0.25,0.25,1600,,,
1998-09-10,0.25,0.25,0.25,0.25,8300,,,
1998-09-11,0.25,0.25,0.25,0.25,8600,,,
1998-09-14,0.25,0.25,0.25,0.25,20000,,,
1998-09-15,0.25,0.25,0.25,0.25,64700,,,
1998-09-16,0.25,0.25,0.25,0.25,2000,,,
1998-09-17,0.25,0.25,0.25,0.25,101400,,,
1998-09-18,0.25,0.3,0.25,0.3,57200,,,
1998-09-21,0.3,0.3,0.3,0.3,26100,,,
1998-09-22,0.35,0.35,0.3,0.3,25800,,,
1998-09-23,0.35,0.35,0.3,0.35,12300,,,
1998-09-24,0.3,0.35,0.3,0.3,18400,,,
1998-09-25,0.3,0.35,0.3,0.35,41500,,,
1998-09-28,0.3,0.3,0.3,0.3,6100,,,
1998-09-29,0.3,0.3,0.3,0.3,13200,,,
1998-09-30,0.3,0.3,0.3,0.3,4000,,,
1998-10-05,0.3,0.3,0.3,0.3,1600,,,
1998-10-06,0.25,0.3,0.25,0.25,3700,,,
1998-10-07,0.3,0.3,0.3,0.3,2800,,,
1998-10-08,0.3,0.3,0.3,0.3,4000,,,
1998-10-09,0.3,0.3,0.3,0.3,2000,,,
1998-10-12,0.3,0.3,0.3,0.3,2500,,,
1998-10-13,0.3,0.3,0.25,0.25,3600,,,
1998-10-14,0.25,0.3,0.25,0.3,1600,,,
1998-10-15,0.3,0.3,0.3,0.3,1700,,,
1998-10-16,0.3,0.3,0.25,0.25,1500,,,
1998-10-19,0.25,0.3,0.25,0.25,1200,,,
1998-10-20,0.25,0.25,0.25,0.25,2700,,,
1998-10-22,0.3,0.3,0.25,0.25,1000,,,
1998-10-23,0.25,0.25,0.25,0.25,400,,,
1998-10-26,0.3,0.3,0.25,0.25,11600,,,
1998-10-27,0.25,0.25,0.25,0.25,3300,,,
1998-10-28,0.25,0.25,0.25,0.25,2200,,,
1998-10-29,0.25,0.3,0.25,0.3,7200,,,
1998-10-30,0.3,0.3,0.25,0.25,2500,,,
1998-10-31,0.3,0.3,0.3,0.3,100,,,
1998-11-02,0.25,0.25,0.25,0.25,6800,,,
1998-11-03,0.25,0.25,0.25,0.25,9400,,,
1998-11-05,0.25,0.25,0.25,0.25,500,,,
1998-11-06,0.25,0.25,0.25,0.25,700,,,
1998-11-09,0.25,0.25,0.25,0.25,11700,,,
1998-11-10,0.25,0.25,0.25,0.25,9400,,,
1998-11-11,0.25,0.25,0.25,0.25,900,,,
1998-11-12,0.25,0.25,0.25,0.25,12500,,,
1998-11-13,0.25,0.25,0.25,0.25,1900,,,
1998-11-16,0.25,0.25,0.25,0.25,5200,,,
1998-11-17,0.25,0.25,0.25,0.25,4600,,,
1998-11-18,0.25,0.25,0.25,0.25,36900,,,
1998-11-19,0.25,0.25,0.25,0.25,37800,,,
1998-11-20,0.25,0.25,0.25,0.25,7200,,,
1998-11-23,0.25,0.25,0.25,0.25,1400,,,
1998-11-24,0.25,0.25,0.25,0.25,2400,,,
1998-11-26,0.25,0.25,0.25,0.25,5200,,,
1998-11-27,0.2,0.2,0.2,0.2,700,,,
1998-11-28,0.2,0.25,0.2,0.25,5400,,,
1998-11-30,0.2,0.25,0.2,0.25,700,,,
1998-12-01,0.2,0.2,0.2,0.2,1000,,,
1998-12-02,0.2,0.25,0.2,0.25,600,,,
1998-12-04,0.25,0.25,0.25,0.25,300,,,
1998-12-08,0.25,0.25,0.25,0.25,1600,,,
1998-12-09,0.2,0.2,0.2,0.2,2500,,,
1998-12-10,0.25,0.25,0.2,0.2,1800,,,
1998-12-11,0.2,0.25,0.2,0.25,200,,,
1998-12-14,0.25,0.25,0.25,0.25,200,,,
1998-12-15,0.2,0.2,0.2,0.2,1600,,,
1998-12-16,0.2,0.2,0.2,0.2,700,,,
1998-12-17,0.2,0.2,0.2,0.2,200,,,
1998-12-18,0.2,0.2,0.2,0.2,1200,,,
1998-12-21,0.2,0.2,0.2,0.2,3000,,,
1998-12-22,0.2,0.25,0.2,0.2,1900,,,
1998-12-23,0.2,0.2,0.2,0.2,3500,,,
1998-12-24,0.2,0.2,0.2,0.2,11100,,,
1998-12-28,0.2,0.2,0.2,0.2,3400,,,
1998-12-29,0.2,0.2,0.2,0.2,4500,,,
1998-12-30,0.2,0.25,0.2,0.25,7400,,,
1998-12-31,0.25,0.25,0.25,0.25,6100,,,
1999-01-01,0.25,0.25,0.25,0.25,2100,,,
1999-01-04,0.25,0.25,0.25,0.25,1700,,,
1999-01-05,0.2,0.25,0.2,0.25,2500,,,
1999-01-06,0.25,0.25,0.25,0.25,3300,,,
1999-01-07,0.25,0.25,0.25,0.25,3800,,,
1999-01-08,0.25,0.25,0.25,0.25,5500,,,
1999-01-11,0.25,0.25,0.25,0.25,8200,,,
1999-01-12,0.25,0.25,0.25,0.25,3400,,,
1999-01-13,0.25,0.25,0.25,0.25,7500,,,
1999-01-14,0.25,0.25,0.2,0.2,4000,,,
1999-01-15,0.2,0.2,0.2,0.2,6800,,,
1999-01-18,0.2,0.2,0.2,0.2,7600,,,
1999-01-19,0.2,0.2,0.2,0.2,4800,,,
1999-01-21,0.2,0.2,0.2,0.2,14100,,,
1999-01-22,0.2,0.2,0.2,0.2,14300,,,
1999-01-25,0.2,0.2,0.2,0.2,24900,,,
1999-01-27,0.2,0.2,0.2,0.2,36300,,,
1999-01-28,0.2,0.2,0.2,0.2,10800,,,
1999-01-29,0.2,0.2,0.2,0.2,37300,,,
1999-02-01,0.2,0.2,0.2,0.2,4400,,,
1999-02-02,0.2,0.2,0.2,0.2,10100,,,
1999-02-03,0.2,0.2,0.2,0.2,49900,,,
1999-02-04,0.2,0.2,0.2,0.2,10100,,,
1999-02-05,0.2,0.2,0.2,0.2,36200,,,
1999-02-08,0.2,0.2,0.2,0.2,4900,,,
1999-02-09,0.2,0.2,0.2,0.2,35800,,,
1999-02-10,0.2,0.2,0.2,0.2,36600,,,
1999-02-11,0.2,0.25,0.2,0.2,279300,,,
1999-02-12,0.2,0.25,0.2,0.25,717600,,,
1999-02-15,0.25,0.25,0.25,0.25,460300,,,
1999-02-16,0.25,0.25,0.25,0.25,507300,,,
1999-02-17,0.25,0.3,0.25,0.3,317700,,,
1999-02-18,0.3,0.3,0.3,0.3,406300,,,
1999-02-19,0.3,0.3,0.25,0.25,347400,,,
1999-02-22,0.3,0.3,0.25,0.25,160800,,,
1999-02-23,0.25,0.25,0.25,0.25,192100,,,
1999-02-24,0.25,0.25,0.25,0.25,184500,,,
1999-02-25,0.25,0.25,0.25,0.25,199200,,,
1999-02-26,0.3,0.3,0.3,0.3,451700,,,
1999-02-27,0.3,0.3,0.3,0.3,433200,,,
1999-03-01,0.35,0.35,0.3,0.35,629200,,,
1999-03-03,0.35,0.4,0.35,0.4,494300,,,
1999-03-04,0.4,0.4,0.35,0.35,251100,,,
1999-03-05,0.35,0.35,0.35,0.35,117900,,,
1999-03-08,0.35,0.35,0.3,0.3,156500,,,
1999-03-09,0.3,0.35,0.3,0.35,292200,,,
1999-03-10,0.35,0.35,0.3,0.3,208900,,,
1999-03-11,0.3,0.3,0.3,0.3,82300,,,
1999-03-12,0.3,0.3,0.3,0.3,89600,,,
1999-03-15,0.3,0.3,0.3,0.3,177600,,,
1999-03-16,0.35,0.35,0.3,0.3,180800,,,
1999-03-17,0.35,0.35,0.3,0.35,191100,,,
1999-03-18,0.35,0.35,0.3,0.35,104800,,,
1999-03-19,0.35,0.35,0.3,0.35,101900,,,
1999-03-20,0.35,0.35,0.3,0.3,13200,,,
1999-03-22,0.3,0.35,0.3,0.3,102200,,,
1999-03-23,0.3,0.3,0.3,0.3,120700,,,
1999-03-24,0.3,0.35,0.3,0.3,140600,,,
1999-03-25,0.35,0.35,0.3,0.3,51900,,,
1999-03-26,0.3,0.3,0.3,0.3,57300,,,
1999-03-30,0.3,0.3,0.25,0.25,91100,,,
1999-03-31,0.3,0.3,0.25,0.3,85000,,,
1999-04-01,0.3,0.3,0.25,0.3,66800,,,
1999-04-05,0.25,0.25,0.25,0.25,34500,,,
1999-04-06,0.25,0.25,0.25,0.25,78400,,,
1999-04-07,0.25,0.25,0.25,0.25,41100,,,
1999-04-08,0.25,0.25,0.25,0.25,64100,,,
1999-04-09,0.25,0.25,0.25,0.25,29500,,,
1999-04-12,0.25,0.25,0.25,0.25,36300,,,
1999-04-13,0.2,0.25,0.2,0.25,57600,,,
1999-04-15,0.2,0.25,0.2,0.25,67500,,,
1999-04-16,0.25,0.25,0.25,0.25,289300,,,
1999-04-17,0.25,0.25,0.25,0.25,97600,,,
1999-04-19,0.25,0.25,0.25,0.25,99500,,,
1999-04-20,0.25,0.25,0.2,0.2,172900,,,
1999-04-21,0.2,0.2,0.2,0.2,126200,,,
1999-04-22,0.2,0.2,0.2,0.2,44500,,,
1999-04-23,0.2,0.2,0.2,0.2,77800,,,
1999-04-26,0.2,0.2,0.15,0.2,90900,,,
1999-04-28,0.15,0.2,0.15,0.2,29400,,,
1999-04-29,0.2,0.2,0.2,0.2,29600,,,
1999-04-30,0.2,0.2,0.2,0.2,29200,,,
1999-05-03,0.2,0.2,0.2,0.2,40200,,,
1999-05-04,0.2,0.2,0.2,0.2,97400,,,
1999-05-05,0.2,0.2,0.2,0.2,32800,,,
1999-05-06,0.2,0.2,0.2,0.2,12900,,,
1999-05-07,0.2,0.2,0.2,0.2,57200,,,
1999-05-10,0.2,0.2,0.2,0.2,56100,,,
1999-05-11,0.2,0.25,0.2,0.2,206700,,,
1999-05-12,0.2,0.2,0.2,0.2,68500,,,
1999-05-13,0.2,0.2,0.2,0.2,18800,,,
1999-05-14,0.2,0.2,0.2,0.2,102100,,,
1999-05-17,0.2,0.2,0.2,0.2,35000,,,
1999-05-18,0.2,0.2,0.2,0.2,44500,,,
1999-05-19,0.2,0.2,0.2,0.2,88800,,,
1999-05-20,0.2,0.25,0.2,0.2,105900,,,
1999-05-21,0.25,0.25,0.2,0.2,58800,,,
1999-05-24,0.2,0.2,0.2,0.2,31900,,,
1999-05-25,0.2,0.2,0.2,0.2,29700,,,
1999-05-26,0.2,0.2,0.2,0.2,26100,,,
1999-05-27,0.2,0.2,0.2,0.2,12800,,,
1999-05-28,0.2,0.2,0.2,0.2,40100,,,
1999-05-31,0.2,0.2,0.2,0.2,52900,,,
1999-06-01,0.2,0.2,0.2,0.2,24500,,,
1999-06-02,0.2,0.2,0.2,0.2,13100,,,
1999-06-03,0.2,0.2,0.2,0.2,8000,,,
1999-06-04,0.2,0.2,0.2,0.2,49200,,,
1999-06-07,0.2,0.2,0.2,0.2,33700,,,
1999-06-08,0.2,0.2,0.2,0.2,43200,,,
1999-06-09,0.2,0.2,0.2,0.2,29200,,,
1999-06-10,0.2,0.25,0.2,0.25,9600,,,
1999-06-11,0.25,0.25,0.25,0.25,16100,,,
1999-06-14,0.25,0.25,0.25,0.25,171100,,,
1999-06-15,0.3,0.3,0.3,0.3,52500,,,
1999-06-16,0.3,0.3,0.3,0.3,775000,,,
1999-06-17,0.3,0.3,0.3,0.3,188600,,,
1999-06-18,0.3,0.3,0.25,0.25,163100,,,
1999-06-21,0.25,0.25,0.25,0.25,88600,,,
1999-06-22,0.25,0.25,0.25,0.25,183300,,,
1999-06-23,0.25,0.3,0.25,0.3,144400,,,
1999-06-24,0.3,0.3,0.3,0.3,250600,,,
1999-06-25,0.3,0.3,0.3,0.3,80300,,,
1999-06-28,0.3,0.3,0.25,0.3,79500,,,
1999-06-29,0.3,0.3,0.25,0.25,90800,,,
1999-06-30,0.25,0.3,0.25,0.25,40400,,,
1999-07-01,0.25,0.25,0.25,0.25,25900,,,
1999-07-02,0.25,0.3,0.25,0.25,81800,,,
1999-07-05,0.3,0.3,0.3,0.3,172000,,,
1999-07-06,0.3,0.35,0.3,0.35,51400,,,
1999-07-07,0.35,0.35,0.35,0.35,553000,,,
1999-07-08,0.35,0.35,0.35,0.35,180700,,,
1999-07-09,0.35,0.35,0.35,0.35,184700,,,
1999-07-12,0.35,0.35,0.35,0.35,329000,,,
1999-07-13,0.35,0.4,0.35,0.35,224900,,,
1999-07-14,0.35,0.4,0.35,0.35,177500,,,
1999-07-15,0.35,0.4,0.35,0.35,145300,,,
1999-07-16,0.35,0.35,0.3,0.35,117100,,,
1999-07-19,0.3,0.35,0.3,0.35,152800,,,
1999-07-20,0.35,0.35,0.3,0.3,159500,,,
1999-07-21,0.35,0.35,0.35,0.35,40900,,,
1999-07-22,0.4,0.4,0.4,0.4,32800,,,
1999-07-23,0.4,0.4,0.4,0.4,544900,,,
1999-07-26,0.4,0.45,0.4,0.45,321600,,,
1999-07-27,0.45,0.45,0.45,0.45,291900,,,
1999-07-28,0.5,0.5,0.5,0.5,274400,,,
1999-07-29,0.55,0.55,0.45,0.5,617700,,,
1999-07-30,0.5,0.5,0.45,0.45,224800,,,
1999-08-02,0.45,0.45,0.4,0.45,235300,,,
1999-08-03,0.45,0.45,0.4,0.4,269700,,,
1999-08-04,0.45,0.45,0.4,0.45,165300,,,
1999-08-05,0.45,0.45,0.4,0.4,179800,,,
1999-08-06,0.4,0.45,0.4,0.45,102200,,,
1999-08-09,0.45,0.45,0.45,0.45,288200,,,
1999-08-10,0.5,0.5,0.45,0.45,332900,,,
1999-08-11,0.45,0.5,0.45,0.45,217900,,,
1999-08-12,0.45,0.5,0.45,0.45,126000,,,
1999-08-13,0.45,0.45,0.45,0.45,124700,,,
1999-08-16,0.45,0.45,0.45,0.45,124700,,,
1999-08-17,0.45,0.5,0.45,0.5,226200,,,
1999-08-18,0.55,0.55,0.55,0.55,33400,,,
1999-08-19,0.55,0.55,0.5,0.5,261600,,,
1999-08-20,0.5,0.55,0.45,0.55,234400,,,
1999-08-23,0.55,0.6,0.55,0.6,269400,,,
1999-08-24,0.6,0.6,0.55,0.6,475500,,,
1999-08-25,0.6,0.6,0.55,0.6,544500,,,
1999-08-26,0.6,0.6,0.6,0.6,158900,,,
1999-08-27,0.6,0.6,0.6,0.6,88000,,,
1999-08-30,0.6,0.6,0.6,0.6,66300,,,
1999-08-31,0.6,0.6,0.55,0.6,75100,,,
1999-09-01,0.6,0.6,0.55,0.55,78200,,,
1999-09-02,0.55,0.55,0.55,0.55,64100,,,
1999-09-03,0.5,0.6,0.5,0.55,88300,,,
1999-09-06,0.55,0.6,0.55,0.6,125200,,,
1999-09-07,0.6,0.65,0.6,0.6,285400,,,
1999-09-08,0.6,0.6,0.6,0.6,145900,,,
1999-09-09,0.6,0.6,0.6,0.6,72400,,,
1999-09-10,0.6,0.6,0.55,0.6,50200,,,
1999-09-14,0.6,0.6,0.6,0.6,39100,,,
1999-09-15,0.6,0.6,0.6,0.6,323500,,,
1999-09-16,0.6,0.6,0.55,0.55,109700,,,
1999-09-17,0.55,0.6,0.5,0.6,283400,,,
1999-09-20,0.6,0.6,0.55,0.6,86800,,,
1999-09-21,0.55,0.6,0.55,0.55,312800,,,
1999-09-22,0.55,0.6,0.55,0.55,102800,,,
1999-09-23,0.55,0.6,0.55,0.55,56100,,,
1999-09-24,0.55,0.55,0.5,0.5,70100,,,
1999-09-27,0.55,0.55,0.5,0.5,76400,,,
1999-09-28,0.5,0.5,0.45,0.45,95000,,,
1999-09-29,0.5,0.5,0.5,0.5,79400,,,
1999-09-30,0.5,0.55,0.5,0.5,101900,,,
1999-10-01,0.5,0.5,0.5,0.5,103200,,,
1999-10-04,0.5,0.55,0.45,0.5,210800,,,
1999-10-05,0.5,0.55,0.5,0.55,156400,,,
1999-10-06,0.6,0.6,0.55,0.6,272200,,,
1999-10-07,0.65,0.65,0.6,0.65,130900,,,
1999-10-08,0.7,0.7,0.65,0.7,118500,,,
1999-10-11,0.75,0.75,0.75,0.75,55900,,,
1999-10-12,0.8,0.8,0.75,0.8,328300,,,
1999-10-13,0.8,0.85,0.75,0.85,312300,,,
1999-10-14,0.85,0.9,0.85,0.9,358400,,,
1999-10-15,0.95,0.95,0.85,0.85,162600,,,
1999-10-18,0.85,0.9,0.85,0.9,298000,,,
1999-10-20,0.95,0.95,0.95,0.95,74600,,,
1999-10-21,1.0,1.0,0.9,0.9,211700,,,
1999-10-22,0.9,0.95,0.8,0.9,286900,,,
1999-10-23,0.9,0.9,0.85,0.9,44100,,,
1999-10-25,0.9,0.9,0.85,0.85,162700,,,
1999-10-26,0.85,0.85,0.75,0.8,163300,,,
1999-10-27,0.8,0.8,0.75,0.75,227200,,,
1999-10-28,0.75,0.8,0.7,0.8,338600,,,
1999-10-29,0.75,0.8,0.75,0.75,221500,,,
1999-11-01,0.7,0.7,0.65,0.65,60300,,,
1999-11-02,0.65,0.75,0.6,0.7,216800,,,
1999-11-03,0.75,0.75,0.65,0.7,137500,,,
1999-11-04,0.65,0.65,0.65,0.65,66400,,,
1999-11-05,0.65,0.7,0.65,0.7,101800,,,
1999-11-09,0.65,0.7,0.65,0.65,107100,,,
1999-11-10,0.7,0.75,0.7,0.75,56600,,,
1999-11-11,0.75,0.75,0.7,0.75,147900,,,
1999-11-12,0.75,0.75,0.75,0.75,78900,,,
1999-11-15,0.8,0.8,0.75,0.8,138200,,,
1999-11-16,0.75,0.8,0.75,0.75,116200,,,
1999-11-17,0.8,0.8,0.75,0.75,83400,,,
1999-11-18,0.75,0.75,0.7,0.7,108300,,,
1999-11-19,0.7,0.7,0.65,0.65,125100,,,
1999-11-22,0.65,0.65,0.6,0.6,233800,,,
1999-11-24,0.65,0.65,0.6,0.65,245600,,,
1999-11-25,0.65,0.7,0.65,0.65,175800,,,
1999-11-26,0.65,0.65,0.6,0.65,112600,,,
1999-11-29,0.65,0.65,0.6,0.6,79900,,,
1999-11-30,0.65,0.65,0.6,0.65,217800,,,
1999-12-01,0.7,0.75,0.7,0.75,284800,,,
1999-12-02,0.75,0.75,0.7,0.7,111800,,,
1999-12-03,0.7,0.7,0.7,0.7,60800,,,
1999-12-06,0.75,0.75,0.65,0.7,150800,,,
1999-12-07,0.7,0.7,0.7,0.7,134200,,,
1999-12-08,0.7,0.75,0.65,0.7,118800,,,
1999-12-09,0.65,0.7,0.65,0.7,42400,,,
1999-12-10,0.65,0.75,0.65,0.7,91800,,,
1999-12-13,0.7,0.75,0.7,0.75,282900,,,
1999-12-14,0.75,0.75,0.7,0.7,188500,,,
1999-12-15,0.75,0.75,0.7,0.7,101500,,,
1999-12-16,0.7,0.75,0.7,0.75,183900,,,
1999-12-17,0.75,0.8,0.75,0.8,231900,,,
1999-12-20,0.85,0.85,0.85,0.85,124700,,,
1999-12-21,0.95,0.95,0.85,0.9,470600,,,
1999-12-22,1.0,1.0,0.9,0.95,671700,,,
1999-12-23,0.9,0.9,0.9,0.9,92900,,,
1999-12-24,0.85,0.85,0.8,0.8,174600,,,
1999-12-27,0.85,0.9,0.75,0.8,279800,,,
1999-12-28,0.8,0.8,0.75,0.75,365700,,,
1999-12-29,0.75,0.8,0.75,0.75,105300,,,
1999-12-30,0.75,0.8,0.75,0.8,86900,,,
2000-01-03,0.9,0.9,0.9,0.9,164300,,,
2000-01-04,0.95,0.95,0.9,0.95,255400,,,
2000-01-05,0.95,1.05,0.9,1.0,566700,,,
2000-01-06,1.1,1.1,1.1,1.1,52800,,,
2000-01-07,1.2,1.2,1.05,1.15,505300,,,
2000-01-10,1.2,1.2,1.15,1.2,394100,,,
2000-01-11,1.25,1.25,1.1,1.1,560700,,,
2000-01-12,1.15,1.15,1.05,1.05,291700,,,
2000-01-13,1.05,1.05,0.95,0.95,164900,,,
2000-01-14,0.95,1.05,0.9,1.0,347500,,,
2000-01-17,1.05,1.05,0.95,1.0,286400,,,
2000-01-18,1.0,1.0,0.95,1.0,203200,,,
2000-01-19,1.0,1.05,1.0,1.05,336800,,,
2000-01-20,1.05,1.05,0.95,1.0,196100,,,
2000-01-21,0.95,1.0,0.95,0.95,169800,,,
2000-01-24,1.05,1.05,1.05,1.05,139600,,,
2000-01-25,1.05,1.15,1.05,1.15,549500,,,
2000-01-27,1.15,1.25,1.15,1.25,164900,,,
2000-01-28,1.3,1.3,1.15,1.3,812900,,,
2000-01-31,1.35,1.35,1.2,1.25,576000,,,
2000-02-01,1.2,1.35,1.2,1.3,454300,,,
2000-02-02,1.4,1.4,1.35,1.4,632000,,,
2000-02-03,1.5,1.5,1.4,1.45,374500,,,
2000-02-04,1.45,1.55,1.4,1.5,576300,,,
2000-02-07,1.5,1.5,1.45,1.45,453400,,,
2000-02-08,1.45,1.45,1.35,1.4,358900,,,
2000-02-09,1.35,1.45,1.35,1.35,248300,,,
2000-02-10,1.3,1.35,1.25,1.3,140100,,,
2000-02-11,1.35,1.35,1.25,1.25,135000,,,
2000-02-14,1.25,1.25,1.2,1.25,179000,,,
2000-02-15,1.25,1.35,1.2,1.35,441000,,,
2000-02-16,1.45,1.45,1.25,1.3,337900,,,
2000-02-17,1.3,1.35,1.25,1.3,251200,,,
2000-02-18,1.3,1.3,1.2,1.2,236200,,,
2000-02-21,1.2,1.25,1.15,1.2,202200,,,
2000-02-22,1.2,1.2,1.1,1.1,281600,,,
2000-02-23,1.15,1.15,1.0,1.0,237200,,,
2000-02-24,1.0,1.05,0.95,1.0,116600,,,
2000-02-25,1.05,1.05,0.9,0.9,98500,,,
2000-02-28,0.95,1.0,0.9,1.0,270900,,,
2000-02-29,1.0,1.05,0.9,0.9,542400,,,
2000-03-01,0.95,1.0,0.9,1.0,175700,,,
2000-03-02,1.05,1.05,1.0,1.05,336100,,,
2000-03-03,1.0,1.0,0.95,0.95,120100,,,
2000-03-06,0.95,1.0,0.85,0.9,133100,,,
2000-03-07,0.9,0.9,0.8,0.8,130300,,,
2000-03-08,0.85,0.85,0.75,0.75,148200,,,
2000-03-09,0.7,0.75,0.7,0.7,124000,,,
2000-03-10,0.7,0.75,0.7,0.75,71200,,,
2000-03-13,0.8,0.8,0.7,0.75,224300,,,
2000-03-14,0.75,0.75,0.7,0.7,297900,,,
2000-03-15,0.75,0.75,0.7,0.75,137000,,,
2000-03-16,0.75,0.75,0.65,0.65,97300,,,
2000-03-21,0.65,0.7,0.6,0.65,179900,,,
2000-03-22,0.65,0.7,0.65,0.7,137300,,,
2000-03-23,0.7,0.7,0.65,0.65,77000,,,
2000-03-24,0.6,0.65,0.6,0.6,95700,,,
2000-03-27,0.6,0.6,0.6,0.6,97200,,,
2000-03-28,0.6,0.6,0.55,0.6,129300,,,
2000-03-29,0.6,0.65,0.6,0.65,74300,,,
2000-03-30,0.7,0.7,0.65,0.65,126400,,,
2000-03-31,0.65,0.65,0.6,0.6,111800,,,
2000-04-03,0.65,0.65,0.6,0.65,123100,,,
2000-04-04,0.6,0.65,0.6,0.6,172300,,,
2000-04-05,0.6,0.65,0.55,0.65,224500,,,
2000-04-06,0.7,0.7,0.6,0.65,256600,,,
2000-04-07,0.7,0.7,0.65,0.7,131400,,,
2000-04-10,0.75,0.75,0.75,0.75,9200,,,
2000-04-11,0.8,0.8,0.7,0.8,210100,,,
2000-04-12,0.9,0.9,0.8,0.9,374600,,,
2000-04-13,0.85,0.85,0.8,0.8,191700,,,
2000-04-17,0.8,0.8,0.75,0.75,179800,,,
2000-04-18,0.8,0.8,0.8,0.8,65300,,,
2000-04-19,0.9,0.9,0.8,0.85,475600,,,
2000-04-20,0.9,0.9,0.75,0.9,424900,,,
2000-04-24,0.9,0.95,0.85,0.95,475400,,,
2000-04-25,0.9,0.9,0.9,0.9,293400,,,
2000-04-26,0.9,0.95,0.9,0.95,279500,,,
2000-04-27,0.9,0.9,0.85,0.85,75300,,,
2000-04-28,0.8,0.85,0.8,0.8,59700,,,
2000-05-02,0.8,0.8,0.7,0.7,171400,,,
2000-05-03,0.7,0.75,0.65,0.7,153300,,,
2000-05-04,0.7,0.75,0.7,0.75,110400,,,
2000-05-05,0.75,0.75,0.7,0.75,120100,,,
2000-05-08,0.75,0.75,0.7,0.7,86100,,,
2000-05-09,0.7,0.75,0.7,0.75,86500,,,
2000-05-10,0.75,0.75,0.7,0.75,61000,,,
2000-05-11,0.65,0.7,0.65,0.7,41600,,,
2000-05-12,0.7,0.7,0.65,0.65,67300,,,
2000-05-15,0.65,0.65,0.6,0.65,87500,,,
2000-05-16,0.65,0.65,0.6,0.65,66900,,,
2000-05-17,0.65,0.65,0.65,0.65,76700,,,
2000-05-18,0.6,0.65,0.6,0.65,30800,,,
2000-05-19,0.6,0.65,0.6,0.6,51000,,,
2000-05-22,0.6,0.6,0.6,0.6,40200,,,
2000-05-23,0.6,0.6,0.6,0.6,65000,,,
2000-05-24,0.6,0.6,0.6,0.6,46100,,,
2000-05-25,0.6,0.65,0.6,0.65,76500,,,
2000-05-26,0.65,0.65,0.6,0.65,124500,,,
2000-05-29,0.65,0.75,0.65,0.7,105600,,,
2000-05-30,0.75,0.75,0.75,0.75,117400,,,
2000-05-31,0.8,0.8,0.75,0.75,166800,,,
2000-06-01,0.75,0.75,0.7,0.75,66900,,,
2000-06-02,0.75,0.8,0.75,0.75,61300,,,
2000-06-05,0.8,0.85,0.7,0.75,183500,,,
2000-06-06,0.7,0.75,0.7,0.75,90900,,,
2000-06-07,0.75,0.75,0.7,0.7,91200,,,
2000-06-08,0.75,0.75,0.7,0.75,60800,,,
2000-06-09,0.75,0.75,0.7,0.7,98400,,,
2000-06-12,0.7,0.7,0.65,0.65,38300,,,
2000-06-13,0.7,0.7,0.65,0.7,93200,,,
2000-06-14,0.7,0.75,0.7,0.7,74700,,,
2000-06-15,0.7,0.7,0.65,0.7,34200,,,
2000-06-16,0.65,0.7,0.65,0.65,81200,,,
2000-06-19,0.7,0.75,0.7,0.75,220000,,,
2000-06-20,0.75,0.8,0.75,0.8,137200,,,
2000-06-21,0.85,0.85,0.75,0.75,188821,,,
2000-06-22,0.75,0.75,0.7,0.75,148016,,,
2000-06-23,0.7,0.75,0.7,0.7,201646,,,
2000-06-26,0.7,0.7,0.65,0.7,63600,,,
2000-06-27,0.7,0.75,0.7,0.7,176678,,,
2000-06-28,0.7,0.75,0.7,0.75,124269,,,
2000-06-29,0.75,0.75,0.7,0.7,73494,,,
2000-06-30,0.7,0.7,0.7,0.7,60010,,,
2000-07-03,0.7,0.7,0.7,0.7,54003,,,
2000-07-04,0.7,0.7,0.7,0.7,76973,,,
2000-07-05,0.7,0.7,0.7,0.7,60559,,,
2000-07-06,0.7,0.7,0.7,0.7,12456,,,
2000-07-07,0.7,0.7,0.65,0.7,84139,,,
2000-07-10,0.7,0.7,0.65,0.7,25995,,,
2000-07-11,0.65,0.7,0.65,0.7,89003,,,
2000-07-12,0.7,0.75,0.7,0.75,112902,,,
2000-07-13,0.75,0.75,0.7,0.7,81259,,,
2000-07-14,0.7,0.75,0.7,0.7,52947,,,
2000-07-17,0.75,0.75,0.7,0.7,62585,,,
2000-07-18,0.7,0.7,0.7,0.7,70648,,,
2000-07-19,0.7,0.7,0.7,0.7,35414,,,
2000-07-20,0.65,0.7,0.65,0.7,26280,,,
2000-07-21,0.7,0.7,0.65,0.65,43051,,,
2000-07-24,0.6,0.65,0.6,0.65,61734,,,
2000-07-25,0.6,0.65,0.6,0.65,84696,,,
2000-07-26,0.65,0.65,0.65,0.65,54585,,,
2000-07-27,0.65,0.65,0.65,0.65,43259,,,
2000-07-28,0.65,0.75,0.65,0.7,245737,,,
2000-07-31,0.7,0.7,0.65,0.65,49397,,,
2000-08-01,0.65,0.7,0.6,0.6,177660,,,
2000-08-02,0.65,0.65,0.6,0.6,87079,,,
2000-08-03,0.6,0.6,0.6,0.6,38448,,,
2000-08-04,0.6,0.6,0.6,0.6,50571,,,
2000-08-07,0.6,0.6,0.6,0.6,45703,,,
2000-08-08,0.6,0.6,0.6,0.6,95883,,,
2000-08-09,0.6,0.65,0.6,0.6,77406,,,
2000-08-10,0.65,0.65,0.6,0.6,64642,,,
2000-08-11,0.6,0.6,0.6,0.6,37324,,,
2000-08-14,0.6,0.6,0.6,0.6,70473,,,
2000-08-16,0.6,0.6,0.6,0.6,37124,,,
2000-08-17,0.6,0.65,0.6,0.6,42611,,,
2000-08-18,0.6,0.6,0.6,0.6,29758,,,
2000-08-21,0.6,0.65,0.6,0.6,44346,,,
2000-08-22,0.6,0.65,0.6,0.65,74394,,,
2000-08-23,0.65,0.7,0.65,0.65,134850,,,
2000-08-24,0.65,0.7,0.65,0.65,94015,,,
2000-08-25,0.65,0.65,0.65,0.65,71066,,,
2000-08-28,0.65,0.7,0.65,0.7,182834,,,
2000-08-29,0.7,0.75,0.7,0.7,262009,,,
2000-08-30,0.75,0.75,0.65,0.65,306569,,,
2000-08-31,0.65,0.7,0.65,0.65,112600,,,
2000-09-04,0.7,0.7,0.65,0.7,112886,,,
2000-09-05,0.7,0.7,0.7,0.7,44106,,,
2000-09-06,0.7,0.7,0.65,0.7,57875,,,
2000-09-07,0.7,0.7,0.65,0.65,42310,,,
2000-09-08,0.65,0.7,0.65,0.7,79026,,,
2000-09-11,0.7,0.7,0.65,0.7,65649,,,
2000-09-12,0.7,0.7,0.65,0.65,182737,,,
2000-09-13,0.7,0.7,0.65,0.65,58310,,,
2000-09-14,0.65,0.7,0.65,0.7,293314,,,
2000-09-15,0.65,0.65,0.6,0.65,137601,,,
2000-09-18,0.6,0.6,0.6,0.6,76992,,,
2000-09-19,0.6,0.6,0.55,0.55,139779,,,
2000-09-20,0.6,0.6,0.55,0.6,62022,,,
2000-09-21,0.6,0.6,0.6,0.6,52295,,,
2000-09-22,0.6,0.6,0.55,0.55,72498,,,
2000-09-25,0.55,0.55,0.55,0.55,51316,,,
2000-09-26,0.55,0.55,0.55,0.55,56775,,,
2000-09-27,0.5,0.55,0.5,0.55,59100,,,
2000-09-28,0.55,0.55,0.55,0.55,34110,,,
2000-09-29,0.55,0.55,0.5,0.55,37713,,,
2000-10-03,0.5,0.55,0.5,0.5,54071,,,
2000-10-04,0.55,0.55,0.5,0.55,34765,,,
2000-10-05,0.55,0.55,0.5,0.5,20131,,,
2000-10-06,0.5,0.55,0.5,0.5,36234,,,
2000-10-09,0.5,0.5,0.5,0.5,22429,,,
2000-10-10,0.5,0.5,0.45,0.45,48958,,,
2000-10-11,0.45,0.45,0.45,0.45,46790,,,
2000-10-12,0.45,0.45,0.45,0.45,30054,,,
2000-10-13,0.45,0.45,0.45,0.45,45587,,,
2000-10-16,0.45,0.45,0.45,0.45,29029,,,
2000-10-17,0.45,0.45,0.45,0.45,37934,,,
2000-10-18,0.45,0.45,0.45,0.45,11550,,,
2000-10-19,0.45,0.45,0.45,0.45,22379,,,
2000-10-20,0.5,0.5,0.45,0.45,13407,,,
2000-10-23,0.45,0.45,0.45,0.45,14955,,,
2000-10-24,0.45,0.45,0.4,0.4,25254,,,
2000-10-25,0.45,0.5,0.45,0.45,36045,,,
2000-10-26,0.5,0.5,0.45,0.5,17413,,,
2000-10-27,0.5,0.5,0.45,0.5,21210,,,
2000-10-30,0.45,0.45,0.45,0.45,11563,,,
2000-10-31,0.45,0.5,0.45,0.5,121808,,,
2000-11-01,0.55,0.55,0.5,0.5,67170,,,
2000-11-02,0.5,0.55,0.5,0.55,116173,,,
2000-11-03,0.55,0.55,0.5,0.5,46946,,,
2000-11-06,0.55,0.55,0.5,0.5,36422,,,
2000-11-07,0.5,0.5,0.5,0.5,45195,,,
2000-11-08,0.5,0.6,0.5,0.55,234407,,,
2000-11-09,0.55,0.6,0.55,0.55,123476,,,
2000-11-10,0.55,0.55,0.55,0.55,102500,,,
2000-11-13,0.55,0.55,0.5,0.5,55416,,,
2000-11-14,0.5,0.55,0.5,0.55,193044,,,
2000-11-15,0.55,0.6,0.55,0.55,87899,,,
2000-11-16,0.55,0.55,0.55,0.55,53761,,,
2000-11-17,0.5,0.55,0.5,0.55,42087,,,
2000-11-20,0.55,0.55,0.55,0.55,36485,,,
2000-11-21,0.55,0.55,0.5,0.5,61383,,,
2000-11-22,0.55,0.55,0.55,0.55,57313,,,
2000-11-23,0.5,0.55,0.5,0.55,19030,,,
2000-11-24,0.55,0.55,0.55,0.55,56629,,,
2000-11-27,0.55,0.55,0.55,0.55,86759,,,
2000-11-28,0.55,0.6,0.55,0.6,195690,,,
2000-11-29,0.6,0.6,0.55,0.6,78092,,,
2000-11-30,0.6,0.6,0.55,0.55,50081,,,
2000-12-01,0.55,0.6,0.55,0.55,182789,,,
2000-12-04,0.55,0.6,0.55,0.55,64418,,,
2000-12-05,0.55,0.6,0.55,0.55,96160,,,
2000-12-06,0.6,0.6,0.6,0.6,101831,,,
2000-12-07,0.6,0.6,0.6,0.6,38976,,,
2000-12-08,0.6,0.65,0.6,0.65,335060,,,
2000-12-11,0.65,0.65,0.6,0.65,185863,,,
2000-12-12,0.65,0.65,0.6,0.65,183237,,,
2000-12-13,0.65,0.7,0.65,0.65,375847,,,
2000-12-14,0.7,0.7,0.6,0.65,255184,,,
2000-12-15,0.65,0.7,0.65,0.65,210470,,,
2000-12-18,0.6,0.7,0.6,0.65,173087,,,
2000-12-19,0.7,0.7,0.65,0.65,107789,,,
2000-12-20,0.65,0.75,0.65,0.7,236831,,,
2000-12-21,0.7,0.8,0.7,0.75,663862,,,
2000-12-22,0.75,0.75,0.7,0.7,223237,,,
2000-12-26,0.65,0.7,0.65,0.65,193724,,,
2000-12-27,0.65,0.7,0.65,0.7,159901,,,
2000-12-28,0.7,0.75,0.65,0.7,335113,,,
2000-12-29,0.7,0.75,0.7,0.75,342045,,,
2001-01-01,0.75,0.75,0.75,0.75,182420,,,
2001-01-02,0.75,0.75,0.7,0.75,176422,,,
2001-01-03,0.75,0.75,0.75,0.75,240697,,,
2001-01-04,0.75,0.8,0.75,0.75,201243,,,
2001-01-05,0.75,0.75,0.75,0.75,95729,,,
2001-01-08,0.75,0.75,0.7,0.7,74593,,,
2001-01-09,0.7,0.7,0.7,0.7,112700,,,
2001-01-10,0.7,0.7,0.65,0.7,67223,,,
2001-01-11,0.65,0.7,0.65,0.65,83287,,,
2001-01-12,0.65,0.7,0.65,0.65,63333,,,
2001-01-15,0.65,0.65,0.65,0.65,50754,,,
2001-01-16,0.65,0.7,0.65,0.65,115307,,,
2001-01-17,0.65,0.7,0.65,0.65,95194,,,
2001-01-18,0.65,0.75,0.65,0.75,428164,,,
2001-01-19,0.75,0.75,0.7,0.75,208340,,,
2001-01-22,0.75,0.75,0.75,0.75,174276,,,
2001-01-23,0.75,0.75,0.7,0.7,125825,,,
2001-01-24,0.75,0.75,0.7,0.75,186858,,,
2001-01-25,0.7,0.7,0.7,0.7,205045,,,
2001-01-29,0.65,0.65,0.65,0.65,112393,,,
2001-01-30,0.65,0.7,0.65,0.7,241522,,,
2001-01-31,0.7,0.7,0.65,0.65,260908,,,
2001-02-01,0.65,0.7,0.65,0.65,144196,,,
2001-02-02,0.65,0.75,0.65,0.75,778806,,,
2001-02-05,0.75,0.8,0.75,0.75,450413,,,
2001-02-06,0.75,0.75,0.75,0.75,183681,,,
2001-02-07,0.75,0.85,0.75,0.8,595793,,,
2001-02-08,0.8,0.85,0.8,0.85,266470,,,
2001-02-09,0.85,0.85,0.8,0.85,330313,,,
2001-02-12,0.85,0.85,0.8,0.8,195775,,,
2001-02-13,0.8,0.8,0.75,0.75,263914,,,
2001-02-14,0.85,0.85,0.75,0.8,134640,,,
2001-02-15,0.8,0.8,0.75,0.8,159616,,,
2001-02-16,0.8,0.8,0.75,0.75,162947,,,
2001-02-19,0.75,0.75,0.75,0.75,83958,,,
2001-02-20,0.75,0.75,0.7,0.7,255102,,,
2001-02-21,0.75,0.75,0.7,0.7,325022,,,
2001-02-22,0.7,0.75,0.7,0.7,252906,,,
2001-02-23,0.7,0.7,0.65,0.65,215717,,,
2001-02-26,0.7,0.7,0.65,0.7,120091,,,
2001-02-27,0.7,0.7,0.65,0.65,238085,,,
2001-02-28,0.65,0.7,0.65,0.65,185540,,,
2001-03-01,0.7,0.7,0.65,0.7,198860,,,
2001-03-02,0.7,0.75,0.6,0.6,350527,,,
2001-03-05,0.6,0.6,0.55,0.6,270298,,,
2001-03-07,0.6,0.6,0.6,0.6,148616,,,
2001-03-08,0.6,0.65,0.6,0.6,128770,,,
2001-03-09,0.6,0.6,0.55,0.6,142941,,,
2001-03-12,0.6,0.6,0.5,0.55,104326,,,
2001-03-13,0.5,0.55,0.45,0.45,185997,,,
2001-03-14,0.45,0.5,0.45,0.5,126224,,,
2001-03-15,0.5,0.5,0.45,0.5,61776,,,
2001-03-16,0.5,0.55,0.45,0.5,131288,,,
2001-03-19,0.5,0.5,0.45,0.5,52180,,,
2001-03-20,0.45,0.5,0.45,0.45,145189,,,
2001-03-21,0.45,0.5,0.45,0.5,83176,,,
2001-03-22,0.45,0.5,0.45,0.5,75313,,,
2001-03-23,0.5,0.5,0.45,0.45,67041,,,
2001-03-26,0.45,0.5,0.45,0.5,76615,,,
2001-03-27,0.45,0.55,0.45,0.55,177440,,,
2001-03-28,0.55,0.6,0.55,0.55,112132,,,
2001-03-29,0.5,0.55,0.5,0.5,36286,,,
2001-03-30,0.5,0.5,0.5,0.5,78372,,,
2001-04-02,0.45,0.5,0.45,0.5,64871,,,
2001-04-03,0.5,0.5,0.45,0.5,91996,,,
2001-04-04,0.5,0.5,0.45,0.45,143993,,,
2001-04-06,0.5,0.5,0.45,0.5,138451,,,
2001-04-09,0.45,0.5,0.45,0.5,57311,,,
2001-04-10,0.5,0.5,0.45,0.5,100153,,,
2001-04-11,0.5,0.5,0.45,0.45,60870,,,
2001-04-12,0.45,0.5,0.45,0.45,61289,,,
2001-04-16,0.45,0.5,0.45,0.5,42318,,,
2001-04-17,0.5,0.5,0.45,0.5,107573,,,
2001-04-18,0.5,0.55,0.5,0.5,162702,,,
2001-04-19,0.55,0.55,0.5,0.5,152145,,,
2001-04-20,0.5,0.5,0.5,0.5,63550,,,
2001-04-23,0.55,0.55,0.5,0.55,264578,,,
2001-04-24,0.55,0.55,0.55,0.55,127681,,,
2001-04-25,0.55,0.6,0.55,0.55,112971,,,
2001-04-26,0.55,0.6,0.55,0.6,369612,,,
2001-04-27,0.6,0.6,0.55,0.55,271967,,,
2001-04-30,0.55,0.6,0.55,0.6,197838,,,
2001-05-02,0.6,0.65,0.6,0.6,390461,,,
2001-05-03,0.6,0.6,0.6,0.6,139536,,,
2001-05-04,0.6,0.6,0.6,0.6,122133,,,
2001-05-07,0.6,0.6,0.6,0.6,151162,,,
2001-05-08,0.6,0.65,0.6,0.65,302410,,,
2001-05-09,0.65,0.7,0.6,0.65,202623,,,
2001-05-10,0.65,0.65,0.65,0.65,152576,,,
2001-05-11,0.65,0.65,0.6,0.6,96932,,,
2001-05-14,0.6,0.65,0.6,0.6,89648,,,
2001-05-15,0.6,0.6,0.55,0.6,184045,,,
2001-05-16,0.6,0.65,0.6,0.6,66309,,,
2001-05-17,0.6,0.65,0.6,0.65,99801,,,
2001-05-18,0.65,0.7,0.65,0.65,525440,,,
2001-05-21,0.65,0.65,0.65,0.65,242795,,,
2001-05-22,0.65,0.65,0.65,0.65,167246,,,
2001-05-23,0.65,0.65,0.65,0.65,130870,,,
2001-05-24,0.65,0.65,0.65,0.65,106040,,,
2001-05-25,0.65,0.65,0.65,0.65,187602,,,
2001-05-28,0.65,0.7,0.65,0.65,249877,,,
2001-05-29,0.7,0.75,0.65,0.7,406393,,,
2001-05-30,0.7,0.75,0.65,0.7,313463,,,
2001-05-31,0.65,0.7,0.65,0.7,150691,,,
2001-06-01,0.7,0.7,0.65,0.65,107721,,,
2001-06-04,0.7,0.7,0.65,0.65,79879,,,
2001-06-05,0.65,0.65,0.6,0.65,135650,,,
2001-06-06,0.6,0.65,0.6,0.65,48780,,,
2001-06-07,0.6,0.65,0.6,0.6,46641,,,
2001-06-08,0.6,0.65,0.6,0.6,70549,,,
2001-06-11,0.6,0.6,0.6,0.6,46818,,,
2001-06-12,0.6,0.65,0.6,0.65,98888,,,
2001-06-13,0.65,0.65,0.65,0.65,54610,,,
2001-06-14,0.65,0.65,0.6,0.6,66045,,,
2001-06-15,0.6,0.6,0.6,0.6,58032,,,
2001-06-18,0.6,0.65,0.6,0.6,72574,,,
2001-06-19,0.6,0.65,0.6,0.65,85060,,,
2001-06-20,0.65,0.65,0.6,0.6,43725,,,
2001-06-21,0.6,0.65,0.6,0.6,83561,,,
2001-06-22,0.6,0.65,0.6,0.6,50264,,,
2001-06-25,0.6,0.6,0.6,0.6,102435,,,
2001-06-26,0.6,0.65,0.6,0.65,92390,,,
2001-06-27,0.65,0.65,0.65,0.65,52830,,,
2001-06-28,0.65,0.65,0.6,0.65,17902,,,
2001-06-29,0.6,0.65,0.6,0.6,83725,,,
2001-07-02,0.6,0.65,0.6,0.65,7852,,,
2001-07-03,0.65,0.65,0.6,0.65,124058,,,
2001-07-04,0.65,0.7,0.65,0.65,45563,,,
2001-07-05,0.65,0.7,0.65,0.65,82926,,,
2001-07-06,0.65,0.7,0.65,0.65,16290,,,
2001-07-09,0.65,0.65,0.65,0.65,21450,,,
2001-07-10,0.65,0.7,0.65,0.65,29279,,,
2001-07-11,0.7,0.75,0.65,0.7,51848,,,
2001-07-12,0.65,0.7,0.65,0.7,36040,,,
2001-07-13,0.7,0.7,0.65,0.65,37192,,,
2001-07-16,0.7,0.7,0.7,0.7,9936,,,
2001-07-17,0.7,0.7,0.65,0.65,7753,,,
2001-07-18,0.7,0.8,0.65,0.7,360548,,,
2001-07-19,0.7,0.7,0.65,0.7,9829,,,
2001-07-20,0.7,0.7,0.65,0.65,11740,,,
2001-07-23,0.7,0.8,0.65,0.65,2925,,,
2001-07-24,0.65,0.65,0.65,0.65,21114,,,
2001-07-25,0.65,0.65,0.65,0.65,35884,,,
2001-07-26,0.65,0.65,0.6,0.6,49185,,,
2001-07-27,0.6,0.65,0.6,0.6,15560,,,
2001-07-30,0.6,0.65,0.6,0.6,12399,,,
2001-07-31,0.65,0.65,0.65,0.65,16987,,,
2001-08-01,0.65,0.65,0.65,0.65,14445,,,
2001-08-02,0.65,0.65,0.65,0.65,3312,,,
2001-08-03,0.65,0.65,0.65,0.65,9407,,,
2001-08-06,0.65,0.65,0.65,0.65,4810,,,
2001-08-07,0.65,0.65,0.6,0.65,14695,,,
2001-08-08,0.65,0.65,0.6,0.65,5816,,,
2001-08-09,0.65,0.65,0.6,0.65,11744,,,
2001-08-10,0.65,0.65,0.6,0.65,10082,,,
2001-08-13,0.65,0.65,0.65,0.65,17823,,,
2001-08-14,0.65,0.65,0.65,0.65,9021,,,
2001-08-16,0.65,0.65,0.65,0.65,6106,,,
2001-08-17,0.65,0.65,0.65,0.65,10170,,,
2001-08-20,0.65,0.7,0.65,0.7,20698,,,
2001-08-21,0.65,0.7,0.65,0.7,9561,,,
2001-08-23,0.7,0.7,0.65,0.65,17923,,,
2001-08-24,0.65,0.65,0.65,0.65,18833,,,
2001-08-27,0.65,0.7,0.65,0.7,19097,,,
2001-08-28,0.7,0.7,0.7,0.7,15977,,,
2001-08-29,0.65,0.65,0.65,0.65,22929,,,
2001-08-30,0.65,0.65,0.65,0.65,9035,,,
2001-08-31,0.65,0.65,0.65,0.65,11348,,,
2001-09-03,0.65,0.65,0.6,0.6,19870,,,
2001-09-04,0.6,0.6,0.6,0.6,9454,,,
2001-09-05,0.6,0.6,0.6,0.6,7380,,,
2001-09-06,0.6,0.6,0.6,0.6,4120,,,
2001-09-07,0.6,0.6,0.6,0.6,7013,,,
2001-09-10,0.6,0.6,0.6,0.6,12647,,,
2001-09-11,0.6,0.6,0.6,0.6,7040,,,
2001-09-12,0.6,0.6,0.55,0.6,18855,,,
2001-09-13,0.6,0.6,0.6,0.6,6870,,,
2001-09-14,0.55,0.6,0.55,0.55,24833,,,
2001-09-17,0.55,0.55,0.5,0.5,22665,,,
2001-09-18,0.55,0.55,0.5,0.55,16825,,,
2001-09-19,0.55,0.55,0.55,0.55,26465,,,
2001-09-20,0.55,0.6,0.55,0.55,15760,,,
2001-09-21,0.55,0.6,0.55,0.6,18372,,,
2001-09-24,0.65,0.65,0.6,0.6,150027,,,
2001-09-25,0.65,0.65,0.6,0.6,70401,,,
2001-09-26,0.6,0.6,0.6,0.6,19176,,,
2001-09-27,0.6,0.6,0.6,0.6,14217,,,
2001-09-28,0.6,0.65,0.6,0.65,87707,,,
2001-10-01,0.65,0.65,0.6,0.65,63125,,,
2001-10-03,0.65,0.65,0.65,0.65,35905,,,
2001-10-04,0.65,0.65,0.6,0.65,10315,,,
2001-10-05,0.65,0.65,0.55,0.6,58545,,,
2001-10-08,0.55,0.6,0.55,0.6,61714,,,
2001-10-09,0.6,0.65,0.6,0.6,22592,,,
2001-10-10,0.6,0.65,0.6,0.65,18803,,,
2001-10-11,0.65,0.65,0.6,0.65,17112,,,
2001-10-12,0.65,0.65,0.6,0.65,13620,,,
2001-10-15,0.6,0.65,0.6,0.65,12841,,,
2001-10-16,0.65,0.65,0.65,0.65,43882,,,
2001-10-17,0.65,0.7,0.65,0.65,70906,,,
2001-10-18,0.65,0.7,0.6,0.65,191930,,,
2001-10-19,0.65,0.7,0.65,0.65,46589,,,
2001-10-22,0.65,0.7,0.65,0.65,28648,,,
2001-10-23,0.7,0.7,0.65,0.7,50649,,,
2001-10-24,0.7,0.7,0.65,0.65,9942,,,
2001-10-25,0.65,0.65,0.65,0.65,7139,,,
2001-10-29,0.65,0.65,0.65,0.65,19185,,,
2001-10-30,0.65,0.65,0.6,0.65,12735,,,
2001-10-31,0.65,0.65,0.65,0.65,12786,,,
2001-11-01,0.65,0.65,0.6,0.65,20633,,,
2001-11-02,0.65,0.65,0.65,0.65,21013,,,
2001-11-05,0.65,0.65,0.65,0.65,11894,,,
2001-11-06,0.65,0.65,0.65,0.65,25157,,,
2001-11-07,0.65,0.65,0.65,0.65,21755,,,
2001-11-08,0.65,0.65,0.65,0.65,40290,,,
2001-11-09,0.65,0.65,0.65,0.65,38363,,,
2001-11-12,0.65,0.65,0.65,0.65,9905,,,
2001-11-13,0.65,0.65,0.65,0.65,8433,,,
2001-11-14,0.65,0.65,0.65,0.65,9940,,,
2001-11-15,0.65,0.65,0.65,0.65,17079,,,
2001-11-19,0.65,0.65,0.65,0.65,21618,,,
2001-11-20,0.65,0.65,0.65,0.65,29301,,,
2001-11-21,0.65,0.65,0.65,0.65,27983,,,
2001-11-22,0.65,0.75,0.65,0.75,231578,,,
2001-11-23,0.75,0.8,0.75,0.75,126195,,,
2001-11-26,0.75,0.85,0.75,0.8,128938,,,
2001-11-27,0.85,0.9,0.8,0.8,161154,,,
2001-11-28,0.8,0.85,0.8,0.8,55396,,,
2001-11-29,0.8,0.8,0.75,0.8,36033,,,
2001-12-03,0.85,0.85,0.8,0.8,59867,,,
2001-12-04,0.8,0.8,0.8,0.8,24479,,,
2001-12-05,0.8,0.95,0.8,0.9,514643,,,
2001-12-06,0.9,0.95,0.9,0.9,226526,,,
2001-12-07,0.9,0.9,0.9,0.9,142364,,,
2001-12-10,0.9,0.95,0.9,0.95,124484,,,
2001-12-11,0.95,1.0,0.9,0.95,106551,,,
2001-12-12,0.95,0.95,0.9,0.95,56939,,,
2001-12-13,0.9,0.9,0.85,0.85,89410,,,
2001-12-14,0.85,0.9,0.85,0.9,43381,,,
2001-12-18,0.85,0.9,0.85,0.9,37653,,,
2001-12-19,0.9,0.9,0.85,0.85,42536,,,
2001-12-20,0.8,0.85,0.8,0.85,47530,,,
2001-12-21,0.85,0.85,0.8,0.8,25819,,,
2001-12-24,0.8,0.8,0.8,0.8,24700,,,
2001-12-26,0.8,0.85,0.8,0.8,10600,,,
2001-12-27,0.8,0.8,0.75,0.75,10056,,,
2001-12-28,0.8,0.8,0.75,0.8,21310,,,
2001-12-31,0.85,0.85,0.8,0.85,50275,,,
2002-01-01,0.85,0.9,0.85,0.85,29368,,,
2002-01-02,0.85,0.85,0.85,0.85,15373,,,
2002-01-03,0.85,0.9,0.85,0.85,32570,,,
2002-01-04,0.9,0.9,0.85,0.85,27795,,,
2002-01-07,0.9,0.9,0.85,0.85,16221,,,
2002-01-08,0.9,0.9,0.85,0.85,17855,,,
2002-01-09,0.85,0.95,0.85,0.9,90455,,,
2002-01-10,0.9,1.0,0.9,1.0,348652,,,
2002-01-11,0.9,1.1,0.9,1.0,409450,,,
2002-01-14,1.1,1.2,1.1,1.2,600884,,,
2002-01-15,1.25,1.25,1.1,1.15,302915,,,
2002-01-16,1.35,1.35,1.1,1.2,423865,,,
2002-01-17,1.4,1.4,1.1,1.25,384838,,,
2002-01-18,1.3,1.3,1.2,1.2,194728,,,
2002-01-21,1.2,1.25,1.15,1.2,142197,,,
2002-01-22,1.2,1.2,1.15,1.15,64994,,,
2002-01-23,1.15,1.2,1.15,1.15,172620,,,
2002-01-24,1.15,1.2,1.1,1.1,99383,,,
2002-01-25,1.15,1.15,1.1,1.1,77828,,,
2002-01-28,1.15,1.15,1.1,1.1,45547,,,
2002-01-29,1.1,1.15,1.05,1.1,86945,,,
2002-01-30,1.05,1.1,1.05,1.05,56130,,,
2002-01-31,1.1,1.15,1.1,1.1,99976,,,
2002-02-01,1.15,1.3,1.1,1.25,599365,,,
2002-02-04,1.25,1.3,1.2,1.25,340775,,,
2002-02-05,1.25,1.3,1.2,1.3,501473,,,
2002-02-06,1.35,1.45,1.3,1.35,981585,,,
2002-02-07,1.4,1.4,1.25,1.25,385237,,,
2002-02-08,1.25,1.25,1.2,1.2,225330,,,
2002-02-11,1.25,1.35,1.25,1.3,367841,,,
2002-02-12,1.35,1.4,1.3,1.3,224819,,,
2002-02-13,1.3,1.35,1.25,1.25,163548,,,
2002-02-14,1.3,1.4,1.3,1.35,435581,,,
2002-02-15,1.35,1.4,1.35,1.35,371819,,,
2002-02-18,1.35,1.35,1.25,1.3,169268,,,
2002-02-19,1.3,1.35,1.3,1.3,188406,,,
2002-02-20,1.3,1.45,1.3,1.4,949901,,,
2002-02-21,1.4,1.55,1.4,1.5,1118713,,,
2002-02-22,1.5,1.65,1.45,1.6,1167500,,,
2002-02-25,1.6,1.7,1.55,1.6,1136999,,,
2002-02-26,1.6,1.6,1.55,1.55,681719,,,
2002-02-27,1.6,1.65,1.5,1.55,573241,,,
2002-02-28,1.6,1.7,1.3,1.35,2722463,,,
2002-03-01,1.35,1.45,1.35,1.45,698990,,,
2002-03-04,1.5,1.55,1.4,1.45,375899,,,
2002-03-05,1.45,1.5,1.4,1.4,268517,,,
2002-03-06,1.4,1.4,1.3,1.3,265329,,,
2002-03-07,1.35,1.35,1.3,1.3,268662,,,
2002-03-08,1.3,1.4,1.3,1.35,513068,,,
2002-03-11,1.4,1.4,1.3,1.3,192391,,,
2002-03-12,1.3,1.35,1.25,1.25,261691,,,
2002-03-13,1.3,1.35,1.25,1.3,264298,,,
2002-03-14,1.3,1.35,1.3,1.3,210771,,,
2002-03-15,1.3,1.4,1.3,1.35,388262,,,
2002-03-18,1.35,1.4,1.35,1.35,316091,,,
2002-03-19,1.35,1.35,1.3,1.3,148652,,,
2002-03-20,1.3,1.35,1.3,1.3,197965,,,
2002-03-21,1.3,1.35,1.3,1.3,77741,,,
2002-03-22,1.3,1.3,1.25,1.3,60470,,,
2002-03-26,1.3,1.3,1.25,1.25,53798,,,
2002-03-27,1.25,1.25,1.2,1.2,107930,,,
2002-03-28,1.25,1.3,1.25,1.25,226639,,,
2002-04-01,1.3,1.4,1.25,1.4,517048,,,
2002-04-02,1.4,1.55,1.4,1.45,1196581,,,
2002-04-03,1.45,1.55,1.45,1.5,564474,,,
2002-04-04,1.5,1.55,1.45,1.45,394155,,,
2002-04-05,1.5,1.5,1.45,1.45,248225,,,
2002-04-08,1.5,1.6,1.45,1.6,892922,,,
2002-04-09,1.6,1.75,1.6,1.7,1057080,,,
2002-04-10,1.75,1.75,1.65,1.65,881917,,,
2002-04-11,1.7,1.7,1.6,1.6,297035,,,
2002-04-12,1.6,1.75,1.6,1.75,544484,,,
2002-04-15,1.75,1.8,1.6,1.65,347240,,,
2002-04-16,1.6,1.65,1.55,1.6,341879,,,
2002-04-17,1.6,1.65,1.6,1.6,159670,,,
2002-04-18,1.6,1.65,1.6,1.65,277185,,,
2002-04-19,1.65,1.65,1.6,1.6,175464,,,
2002-04-22,1.6,1.6,1.55,1.6,108122,,,
2002-04-23,1.6,1.7,1.6,1.65,281595,,,
2002-04-24,1.7,1.75,1.7,1.7,372988,,,
2002-04-25,1.75,1.75,1.65,1.65,441794,,,
2002-04-26,1.7,1.7,1.6,1.65,189850,,,
2002-04-29,1.65,1.65,1.6,1.6,118299,,,
2002-04-30,1.65,1.75,1.65,1.75,370409,,,
2002-05-02,1.75,2.0,1.75,1.9,1473545,,,
2002-05-03,1.9,2.1,1.85,2.05,1787607,,,
2002-05-06,2.05,2.15,2.05,2.1,784549,,,
2002-05-07,2.15,2.15,2.0,2.05,539573,,,
2002-05-08,2.05,2.05,1.95,2.0,410019,,,
2002-05-09,2.05,2.3,2.0,2.25,1296515,,,
2002-05-10,2.25,2.35,2.1,2.15,1762287,,,
2002-05-13,2.15,2.25,2.1,2.1,909468,,,
2002-05-14,2.15,2.15,2.0,2.05,627140,,,
2002-05-15,2.1,2.15,1.95,2.0,906776,,,
2002-05-16,2.0,2.1,1.95,2.0,936133,,,
2002-05-17,2.05,2.1,1.95,2.0,1030321,,,
2002-05-20,2.1,2.15,1.95,2.05,1922269,,,
2002-05-21,2.05,2.05,1.9,1.9,905566,,,
2002-05-22,1.9,2.0,1.85,1.9,879868,,,
2002-05-23,1.9,1.95,1.9,1.9,331669,,,
2002-05-24,1.95,2.15,1.95,2.15,1909839,,,
2002-05-27,2.15,2.2,2.1,2.1,1552418,,,
2002-05-28,2.1,2.1,1.9,1.9,917463,,,
2002-05-29,1.95,2.0,1.85,1.9,966754,,,
2002-05-30,1.9,2.0,1.85,1.85,1181599,,,
2002-05-31,1.9,1.9,1.8,1.85,998459,,,
2002-06-03,1.9,1.95,1.9,1.95,1125721,,,
2002-06-04,1.95,2.0,1.9,1.95,892200,,,
2002-06-05,1.95,2.2,1.9,2.1,2606107,,,
2002-06-06,2.1,2.3,2.1,2.1,2436615,,,
2002-06-07,2.1,2.15,2.05,2.05,1406507,,,
2002-06-10,2.1,2.15,2.05,2.1,1046378,,,
2002-06-11,2.1,2.15,2.05,2.05,935271,,,
2002-06-12,2.1,2.2,2.1,2.15,1803380,,,
2002-06-13,2.2,2.25,2.2,2.2,2704844,,,
2002-06-14,2.2,2.25,2.15,2.2,954721,,,
2002-06-17,2.2,2.25,2.1,2.15,469964,,,
2002-06-18,2.15,2.2,2.1,2.1,533999,,,
2002-06-19,2.1,2.1,2.05,2.05,522314,,,
2002-06-20,2.05,2.1,2.05,2.05,528670,,,
2002-06-21,2.1,2.1,2.05,2.05,204967,,,
2002-06-24,2.05,2.05,2.0,2.0,252125,,,
2002-06-25,2.0,2.05,2.0,2.05,407341,,,
2002-06-26,2.05,2.05,1.95,2.0,270872,,,
2002-06-27,2.0,2.05,2.0,2.05,279671,,,
2002-06-28,2.05,2.1,2.05,2.05,519636,,,
2002-07-01,2.1,2.15,2.1,2.15,667756,,,
2002-07-02,2.15,2.2,2.1,2.1,539927,,,
2002-07-03,2.15,2.15,2.05,2.1,255980,,,
2002-07-04,2.05,2.1,2.05,2.05,186859,,,
2002-07-05,2.05,2.1,2.05,2.1,170543,,,
2002-07-08,2.1,2.1,2.05,2.05,104008,,,
2002-07-09,2.05,2.1,2.05,2.05,211355,,,
2002-07-10,2.05,2.05,2.0,2.0,110461,,,
2002-07-11,2.0,2.05,1.95,1.95,205834,,,
2002-07-12,1.95,2.0,1.95,1.95,182349,,,
2002-07-15,1.95,2.0,1.9,1.95,133750,,,
2002-07-16,1.95,2.0,1.9,2.0,204079,,,
2002-07-17,2.0,2.0,1.85,1.85,334113,,,
2002-07-18,1.85,1.95,1.85,1.9,221273,,,
2002-07-19,1.9,2.1,1.9,2.1,1800039,,,
2002-07-22,2.05,2.15,2.0,2.05,2440271,,,
2002-07-23,2.0,2.2,2.0,2.15,2475678,,,
2002-07-24,2.15,2.2,2.05,2.05,1549626,,,
2002-07-25,2.1,2.2,2.1,2.15,1542246,,,
2002-07-26,2.15,2.15,2.0,2.0,728582,,,
2002-07-29,2.05,2.05,1.9,1.95,1060947,,,
2002-07-30,2.0,2.0,1.8,1.85,416579,,,
2002-07-31,1.8,2.0,1.7,1.9,1207372,,,
2002-08-01,2.0,2.0,1.85,1.9,644879,,,
2002-08-02,1.85,1.9,1.75,1.8,486499,,,
2002-08-05,1.8,1.9,1.8,1.85,409914,,,
2002-08-06,1.85,1.95,1.8,1.95,628569,,,
2002-08-07,2.0,2.15,1.95,2.1,1663902,,,
2002-08-08,2.1,2.1,2.0,2.05,685733,,,
2002-08-09,2.1,2.15,2.05,2.1,936164,,,
2002-08-12,2.15,2.2,2.1,2.15,721687,,,
2002-08-13,2.15,2.2,2.1,2.15,649829,,,
2002-08-14,2.1,2.15,2.1,2.1,425727,,,
2002-08-16,2.1,2.15,2.05,2.1,379127,,,
2002-08-19,2.1,2.1,2.1,2.1,265196,,,
2002-08-20,2.1,2.1,2.05,2.05,289203,,,
2002-08-21,2.05,2.1,2.05,2.05,206873,,,
2002-08-22,2.1,2.15,2.05,2.1,850134,,,
2002-08-23,2.1,2.15,2.1,2.15,487284,,,
2002-08-26,2.15,2.2,2.1,2.15,331042,,,
2002-08-27,2.15,2.15,2.1,2.15,531618,,,
2002-08-28,2.1,2.2,2.1,2.1,439802,,,
2002-08-29,2.1,2.1,2.05,2.05,339009,,,
2002-08-30,2.05,2.05,2.0,2.05,367258,,,
2002-09-02,2.05,2.1,1.95,1.95,304336,,,
2002-09-03,1.95,2.0,1.9,1.9,567142,,,
2002-09-04,1.9,2.0,1.9,1.95,600333,,,
2002-09-05,1.95,2.0,1.95,1.95,196366,,,
2002-09-06,1.95,1.95,1.9,1.9,272901,,,
2002-09-09,1.9,1.9,1.7,1.75,651552,,,
2002-09-11,1.75,1.85,1.75,1.8,622060,,,
2002-09-12,1.8,1.85,1.8,1.8,268456,,,
2002-09-13,1.8,1.85,1.75,1.8,338500,,,
2002-09-16,1.8,1.8,1.7,1.7,317823,,,
2002-09-17,1.75,1.75,1.65,1.7,399768,,,
2002-09-18,1.7,1.75,1.65,1.65,280490,,,
2002-09-19,1.65,1.65,1.6,1.6,363409,,,
2002-09-20,1.6,1.6,1.35,1.5,707243,,,
2002-09-23,1.5,1.6,1.5,1.6,720192,,,
2002-09-24,1.55,1.55,1.5,1.55,271405,,,
2002-09-25,1.5,1.55,1.5,1.5,218062,,,
2002-09-26,1.55,1.55,1.5,1.55,137194,,,
2002-09-27,1.55,1.6,1.55,1.55,324506,,,
2002-09-30,1.55,1.55,1.45,1.5,272510,,,
2002-10-01,1.45,1.55,1.45,1.5,441801,,,
2002-10-03,1.55,1.55,1.4,1.45,398445,,,
2002-10-04,1.45,1.5,1.4,1.45,364895,,,
2002-10-07,1.5,1.65,1.45,1.6,1754260,,,
2002-10-08,1.6,1.7,1.6,1.6,1046144,,,
2002-10-09,1.6,1.65,1.6,1.6,499808,,,
2002-10-10,1.6,1.6,1.55,1.55,308727,,,
2002-10-11,1.6,1.65,1.55,1.6,581688,,,
2002-10-14,1.6,1.6,1.5,1.55,256331,,,
2002-10-16,1.55,1.55,1.5,1.5,221017,,,
2002-10-17,1.5,1.6,1.5,1.6,399345,,,
2002-10-18,1.65,1.65,1.6,1.6,567340,,,
2002-10-21,1.6,1.6,1.55,1.6,194486,,,
2002-10-22,1.6,1.6,1.55,1.55,133075,,,
2002-10-23,1.55,1.6,1.55,1.55,134322,,,
2002-10-24,1.6,1.6,1.55,1.55,105271,,,
2002-10-25,1.55,1.6,1.55,1.6,308353,,,
2002-10-28,1.6,1.6,1.55,1.6,136917,,,
2002-10-29,1.6,1.65,1.6,1.65,410309,,,
2002-10-30,1.65,1.75,1.6,1.7,940938,,,
2002-10-31,1.75,1.75,1.7,1.75,579349,,,
2002-11-01,1.75,1.75,1.65,1.7,357566,,,
2002-11-04,1.7,1.7,1.65,1.7,70068,,,
2002-11-05,1.7,1.7,1.65,1.65,98382,,,
2002-11-07,1.65,1.65,1.6,1.6,104259,,,
2002-11-08,1.6,1.65,1.6,1.65,121937,,,
2002-11-11,1.65,1.65,1.6,1.65,127194,,,
2002-11-12,1.6,1.7,1.6,1.65,129793,,,
2002-11-13,1.7,1.7,1.65,1.65,126319,,,
2002-11-14,1.65,1.7,1.65,1.7,307736,,,
2002-11-15,1.7,1.75,1.65,1.7,259384,,,
2002-11-18,1.7,1.75,1.65,1.7,132255,,,
2002-11-20,1.7,1.7,1.65,1.7,100577,,,
2002-11-21,1.7,1.7,1.7,1.7,78065,,,
2002-11-22,1.7,1.75,1.7,1.7,121096,,,
2002-11-25,1.75,1.8,1.7,1.75,162639,,,
2002-11-26,1.75,1.8,1.7,1.75,333571,,,
2002-11-27,1.8,1.8,1.75,1.75,158876,,,
2002-11-28,1.75,1.75,1.65,1.65,357277,,,
2002-11-29,1.7,1.7,1.65,1.7,219378,,,
2002-12-02,1.7,1.9,1.7,1.85,494033,,,
2002-12-03,1.85,1.9,1.75,1.75,246280,,,
2002-12-04,1.8,1.8,1.75,1.75,182859,,,
2002-12-05,1.75,1.8,1.75,1.75,250275,,,
2002-12-06,1.85,2.05,1.85,1.85,673091,,,
2002-12-09,1.85,1.9,1.75,1.75,488071,,,
2002-12-10,1.75,1.75,1.7,1.75,174751,,,
2002-12-11,1.8,1.8,1.75,1.75,88275,,,
2002-12-12,1.75,1.75,1.75,1.75,76247,,,
2002-12-13,1.75,1.8,1.75,1.8,159127,,,
2002-12-16,1.8,1.85,1.8,1.8,492936,,,
2002-12-17,1.85,1.85,1.75,1.75,143844,,,
2002-12-18,1.8,1.8,1.75,1.8,59806,,,
2002-12-19,1.75,1.8,1.75,1.8,59128,,,
2002-12-20,1.8,1.8,1.75,1.75,113789,,,
2002-12-23,1.75,1.8,1.75,1.75,53246,,,
2002-12-24,1.8,1.8,1.75,1.8,24447,,,
2002-12-26,1.8,1.8,1.75,1.75,63600,,,
2002-12-27,1.8,1.8,1.75,1.75,206314,,,
2002-12-30,1.75,1.75,1.75,1.75,145276,,,
2002-12-31,1.75,1.8,1.75,1.75,48668,,,
2003-01-01,1.75,1.75,1.75,1.75,64578,,,
2003-01-02,1.75,1.75,1.7,1.7,141373,,,
2003-01-03,1.75,1.75,1.7,1.7,104401,,,
2003-01-06,1.7,1.75,1.7,1.75,292303,,,
2003-01-07,1.75,1.8,1.75,1.75,93422,,,
2003-01-08,1.75,1.8,1.75,1.8,126024,,,
2003-01-09,1.8,1.8,1.75,1.75,50821,,,
2003-01-10,1.85,1.95,1.8,1.9,751735,,,
2003-01-13,1.9,2.05,1.9,2.0,761641,,,
2003-01-14,2.0,2.05,1.95,1.95,489972,,,
2003-01-15,2.0,2.0,1.95,1.95,200823,,,
2003-01-16,1.95,2.0,1.95,1.95,103418,,,
2003-01-17,1.95,1.95,1.9,1.95,62233,,,
2003-01-20,1.95,1.95,1.85,1.9,142983,,,
2003-01-21,1.9,1.95,1.85,1.9,84881,,,
2003-01-22,1.9,1.9,1.85,1.9,187667,,,
2003-01-23,1.9,1.95,1.9,1.9,217770,,,
2003-01-24,1.9,1.9,1.9,1.9,87153,,,
2003-01-27,1.95,1.95,1.8,1.85,105775,,,
2003-01-28,1.85,1.9,1.85,1.9,73491,,,
2003-01-29,1.85,1.95,1.85,1.9,148248,,,
2003-01-30,1.9,2.0,1.9,2.0,303323,,,
2003-01-31,2.05,2.05,2.0,2.05,506757,,,
2003-02-03,2.05,2.1,2.05,2.1,396978,,,
2003-02-04,2.1,2.1,2.05,2.1,222504,,,
2003-02-05,2.05,2.1,2.0,2.05,235508,,,
2003-02-06,1.95,2.05,1.95,2.05,160997,,,
2003-02-07,2.05,2.05,2.0,2.0,198492,,,
2003-02-10,2.0,2.05,2.0,2.0,96198,,,
2003-02-11,2.0,2.0,2.0,2.0,81118,,,
2003-02-12,2.05,2.05,1.95,1.95,51683,,,
2003-02-14,1.95,2.0,1.9,1.9,56029,,,
2003-02-17,2.0,2.0,1.95,1.95,107103,,,
2003-02-18,1.95,2.05,1.95,2.05,316564,,,
2003-02-19,2.1,2.2,2.05,2.05,304312,,,
2003-02-20,2.05,2.1,2.05,2.05,151787,,,
2003-02-21,2.05,2.1,2.05,2.05,171365,,,
2003-02-24,2.1,2.1,2.05,2.1,98983,,,
2003-02-25,2.05,2.1,2.0,2.0,93086,,,
2003-02-26,2.05,2.05,1.95,1.95,163565,,,
2003-02-27,2.0,2.05,1.95,2.05,366777,,,
2003-02-28,2.05,2.1,2.0,2.0,264148,,,
2003-03-03,2.05,2.05,2.0,2.0,120957,,,
2003-03-04,2.0,2.05,2.0,2.0,87099,,,
2003-03-05,2.0,2.05,1.95,2.0,241700,,,
2003-03-06,2.0,2.05,2.0,2.0,132404,,,
2003-03-07,2.0,2.0,1.95,1.95,70746,,,
2003-03-10,1.95,2.0,1.95,1.95,67670,,,
2003-03-11,1.9,2.0,1.9,1.95,89454,,,
2003-03-12,2.0,2.05,1.9,1.95,145647,,,
2003-03-13,1.95,1.95,1.9,1.95,123105,,,
2003-03-17,1.9,1.95,1.85,1.9,58207,,,
2003-03-19,1.95,1.95,1.9,1.9,25771,,,
2003-03-20,1.95,1.95,1.9,1.9,81719,,,
2003-03-21,2.0,2.0,1.95,1.95,66632,,,
2003-03-22,1.95,1.95,1.95,1.95,12431,,,
2003-03-24,2.0,2.0,1.9,1.9,31826,,,
2003-03-25,1.85,1.9,1.85,1.9,53117,,,
2003-03-26,1.95,1.95,1.9,1.9,47543,,,
2003-03-27,1.9,1.9,1.85,1.85,98200,,,
2003-03-28,1.85,1.85,1.75,1.85,127609,,,
2003-03-31,1.8,1.85,1.8,1.8,56498,,,
2003-04-01,1.85,1.85,1.85,1.85,35846,,,
2003-04-02,1.9,1.95,1.9,1.95,211031,,,
2003-04-03,1.95,2.0,1.95,1.95,59878,,,
2003-04-04,1.95,2.05,1.95,2.0,171815,,,
2003-04-07,2.05,2.05,2.0,2.05,111025,,,
2003-04-08,2.0,2.15,2.0,2.1,403659,,,
2003-04-09,2.1,2.2,2.1,2.15,440561,,,
2003-04-10,2.0,2.15,2.0,2.1,111177,,,
2003-04-11,2.1,2.15,2.1,2.1,94122,,,
2003-04-15,2.15,2.25,2.1,2.2,347424,,,
2003-04-16,2.25,2.3,2.2,2.3,436108,,,
2003-04-17,2.3,2.3,2.2,2.3,313246,,,
2003-04-21,2.3,2.4,2.3,2.4,560596,,,
2003-04-22,2.4,2.5,2.35,2.4,826642,,,
2003-04-23,2.45,2.45,2.35,2.35,353386,,,
2003-04-24,2.35,2.4,2.35,2.4,374805,,,
2003-04-25,2.35,2.4,2.35,2.4,424462,,,
2003-04-28,2.4,2.5,2.4,2.5,741341,,,
2003-04-29,2.5,2.55,2.4,2.45,951150,,,
2003-04-30,2.45,2.5,2.4,2.5,359969,,,
2003-05-02,2.45,2.55,2.45,2.5,258572,,,
2003-05-05,2.5,2.6,2.5,2.55,330315,,,
2003-05-06,2.55,2.6,2.55,2.6,176128,,,
2003-05-07,2.6,2.6,2.55,2.55,103129,,,
2003-05-08,2.55,2.6,2.5,2.5,138632,,,
2003-05-09,2.5,2.6,2.5,2.55,118425,,,
2003-05-12,2.55,2.6,2.55,2.6,159583,,,
2003-05-13,2.6,2.75,2.6,2.7,658311,,,
2003-05-14,2.7,2.7,2.65,2.7,161492,,,
2003-05-15,2.65,2.7,2.65,2.7,150578,,,
2003-05-16,2.65,2.7,2.65,2.65,145032,,,
2003-05-19,2.65,2.75,2.65,2.7,201822,,,
2003-05-20,2.75,2.75,2.7,2.75,138027,,,
2003-05-21,2.75,2.85,2.7,2.8,294163,,,
2003-05-22,2.8,3.0,2.8,2.9,209828,,,
2003-05-23,2.9,3.0,2.9,2.95,366904,,,
2003-05-26,2.6,3.0,2.6,2.9,205745,,,
2003-05-27,2.9,2.95,2.85,2.9,141864,,,
2003-05-28,2.9,2.95,2.85,2.9,159104,,,
2003-05-29,2.9,3.0,2.9,2.9,205670,,,
2003-05-30,2.9,2.95,2.85,2.9,176991,,,
2003-06-02,2.9,2.95,2.85,2.85,135915,,,
2003-06-03,2.9,2.9,2.8,2.85,182677,,,
2003-06-04,2.85,2.9,2.8,2.8,112419,,,
2003-06-05,2.85,2.9,2.85,2.85,91146,,,
2003-06-06,2.85,2.9,2.8,2.85,89145,,,
2003-06-09,2.85,3.15,2.85,3.1,809858,,,
2003-06-10,3.1,3.15,3.0,3.05,278790,,,
2003-06-11,3.05,3.15,3.0,3.05,206580,,,
2003-06-12,3.0,3.1,2.9,3.05,132046,,,
2003-06-13,3.1,3.1,3.05,3.1,141368,,,
2003-06-16,2.9,3.1,2.9,3.05,52404,,,
2003-06-17,3.1,3.2,3.1,3.15,344216,,,
2003-06-18,3.2,3.25,3.1,3.25,427265,,,
2003-06-19,3.25,3.3,3.2,3.25,170337,,,
2003-06-20,3.25,3.3,3.2,3.25,205014,,,
2003-06-23,3.3,3.3,3.15,3.2,178399,,,
2003-06-24,3.15,3.25,3.15,3.25,240816,,,
2003-06-25,3.2,3.3,3.2,3.3,324123,,,
2003-06-26,3.3,3.45,3.25,3.4,405243,,,
2003-06-27,3.4,3.45,3.35,3.4,188539,,,
2003-06-30,3.4,3.5,3.4,3.45,96195,,,
2003-07-01,2.75,3.55,2.75,3.55,138140,,,
2003-07-02,3.45,3.7,3.45,3.7,200011,,,
2003-07-03,3.75,3.85,3.55,3.6,394257,,,
2003-07-04,3.6,3.65,3.55,3.6,81737,,,
2003-07-07,3.6,3.65,3.55,3.6,91181,,,
2003-07-08,3.6,3.65,3.6,3.6,88729,,,
2003-07-09,3.6,3.6,3.45,3.45,72860,,,
2003-07-10,3.4,3.55,3.4,3.45,152848,,,
2003-07-11,3.4,3.55,3.4,3.45,134747,,,
2003-07-14,3.5,3.5,3.45,3.45,37360,,,
2003-07-15,3.55,3.55,3.35,3.45,131791,,,
2003-07-16,3.25,3.6,3.25,3.6,181364,,,
2003-07-17,3.65,3.65,3.55,3.6,123553,,,
2003-07-18,3.55,3.6,3.45,3.5,47265,,,
2003-07-21,3.55,3.55,3.4,3.4,58273,,,
2003-07-22,3.4,3.4,3.25,3.3,121289,,,
2003-07-23,3.3,3.35,3.15,3.2,199009,,,
2003-07-24,3.25,3.45,3.15,3.45,418598,,,
2003-07-25,3.45,3.5,3.4,3.5,179782,,,
2003-07-28,3.5,3.6,3.5,3.6,180039,,,
2003-07-29,3.6,3.6,3.5,3.55,177678,,,
2003-07-30,3.25,3.75,3.25,3.65,523845,,,
2003-07-31,3.75,3.8,3.55,3.6,464253,,,
2003-08-01,3.7,3.75,3.6,3.75,406252,,,
2003-08-04,3.7,3.75,3.65,3.7,278588,,,
2003-08-05,3.7,3.75,3.55,3.6,182971,,,
2003-08-06,3.55,3.6,3.4,3.45,148366,,,
2003-08-07,3.5,3.6,3.45,3.55,119113,,,
2003-08-08,3.6,3.65,3.6,3.65,132767,,,
2003-08-11,3.55,3.8,3.55,3.75,283366,,,
2003-08-12,3.75,3.8,3.65,3.7,120537,,,
2003-08-13,3.75,3.8,3.7,3.75,269520,,,
2003-08-14,3.85,3.85,3.75,3.75,173594,,,
2003-08-18,3.8,3.85,3.75,3.8,88056,,,
2003-08-19,3.9,3.9,3.75,3.75,99492,,,
2003-08-20,3.75,4.0,3.75,3.9,162102,,,
2003-08-21,4.0,4.0,3.9,3.95,133651,,,
2003-08-22,4.0,4.0,3.85,3.9,74761,,,
2003-08-25,3.85,3.95,3.65,3.75,125454,,,
2003-08-26,3.75,3.9,3.65,3.9,111902,,,
2003-08-27,3.9,4.1,3.85,4.0,263498,,,
2003-08-28,4.05,4.05,3.9,3.9,228283,,,
2003-08-29,3.9,4.2,3.9,4.1,349892,,,
2003-09-01,4.1,4.25,4.1,4.2,138785,,,
2003-09-02,4.25,4.25,4.1,4.15,57789,,,
2003-09-03,4.2,4.2,3.95,4.0,149461,,,
2003-09-04,3.9,4.25,3.9,4.15,375235,,,
2003-09-05,4.2,4.4,4.15,4.3,366148,,,
2003-09-08,4.35,5.05,4.3,4.95,1640800,,,
2003-09-09,5.0,5.0,4.75,4.8,551864,,,
2003-09-10,4.75,4.95,4.75,4.85,252826,,,
2003-09-11,4.75,5.0,4.75,4.85,246777,,,
2003-09-12,4.9,4.9,4.6,4.65,165216,,,
2003-09-15,4.55,4.7,4.4,4.45,196220,,,
2003-09-16,4.45,4.75,4.3,4.75,225263,,,
2003-09-17,4.75,4.8,4.5,4.6,100828,,,
2003-09-18,4.5,4.6,4.3,4.35,126679,,,
2003-09-19,4.4,4.6,4.25,4.5,305115,,,
2003-09-22,4.5,4.6,4.4,4.45,116950,,,
2003-09-23,4.45,4.55,4.35,4.55,236655,,,
2003-09-24,4.6,4.7,4.5,4.65,225701,,,
2003-09-25,4.6,4.85,4.6,4.7,392509,,,
2003-09-26,4.8,4.9,4.75,4.8,248429,,,
2003-09-29,4.75,4.95,4.75,4.85,177304,,,
2003-09-30,4.9,4.9,4.8,4.9,195652,,,
2003-10-01,4.85,5.15,4.85,5.0,476857,,,
2003-10-03,5.05,5.1,4.95,5.05,156124,,,
2003-10-06,5.05,5.2,5.0,5.1,247480,,,
2003-10-07,5.15,5.3,5.1,5.15,507840,,,
2003-10-08,5.15,5.25,5.1,5.15,262855,,,
2003-10-09,5.2,5.25,5.1,5.15,121347,,,
2003-10-10,5.2,5.2,5.05,5.1,103732,,,
2003-10-13,5.1,5.15,5.0,5.1,284978,,,
2003-10-14,5.15,5.15,4.8,4.85,93947,,,
2003-10-15,4.95,4.95,4.75,4.85,244379,,,
2003-10-16,4.95,5.0,4.85,4.95,220900,,,
2003-10-17,4.9,5.0,4.8,4.9,161030,,,
2003-10-20,4.95,4.95,4.7,4.75,151825,,,
2003-10-21,4.75,4.85,4.6,4.65,542151,,,
2003-10-22,5.4,5.4,4.65,4.8,454480,,,
2003-10-23,5.5,5.5,4.75,4.8,337652,,,
2003-10-24,4.85,4.95,4.7,4.9,136473,,,
2003-10-25,4.9,5.2,4.9,5.0,32282,,,
2003-10-27,5.0,5.0,4.8,4.8,67765,,,
2003-10-28,5.0,5.0,4.65,4.8,129219,,,
2003-10-29,5.1,5.1,4.75,4.8,97614,,,
2003-10-30,5.05,5.05,4.8,4.9,272644,,,
2003-10-31,5.0,5.3,4.9,5.25,545547,,,
2003-11-03,5.25,5.35,5.2,5.25,138325,,,
2003-11-04,5.3,5.45,5.25,5.25,274173,,,
2003-11-05,5.35,5.35,5.05,5.1,180054,,,
2003-11-06,5.15,5.25,5.05,5.1,96164,,,
2003-11-07,5.15,5.15,4.9,4.95,76033,,,
2003-11-10,4.9,4.9,4.8,4.9,99942,,,
2003-11-11,4.9,5.15,4.9,5.05,250718,,,
2003-11-12,5.1,5.15,5.0,5.05,217693,,,
2003-11-13,5.1,5.1,4.85,4.9,165238,,,
2003-11-14,4.85,4.95,4.85,4.85,204100,,,
2003-11-15,4.8,4.9,4.8,4.85,43129,,,
2003-11-17,4.9,5.15,4.85,5.1,450282,,,
2003-11-18,5.15,5.2,4.95,5.0,189486,,,
2003-11-19,5.0,5.0,4.85,4.95,207551,,,
2003-11-20,5.0,5.05,4.85,4.9,138954,,,
2003-11-21,4.9,5.0,4.85,4.95,140642,,,
2003-11-24,5.05,5.05,4.95,4.95,100066,,,
2003-11-25,4.7,5.15,4.15,5.15,175291,,,
2003-11-27,5.15,5.4,5.15,5.3,282512,,,
2003-11-28,5.25,5.45,5.25,5.3,162087,,,
2003-12-01,5.35,5.45,5.35,5.4,84898,,,
2003-12-02,5.4,5.55,5.35,5.4,178818,,,
2003-12-03,5.4,5.65,5.4,5.6,269590,,,
2003-12-04,5.6,5.85,5.6,5.8,494406,,,
2003-12-05,5.85,5.85,5.45,5.55,155032,,,
2003-12-08,5.55,5.65,5.5,5.6,86330,,,
2003-12-09,5.6,5.85,5.6,5.8,120473,,,
2003-12-10,5.95,5.95,5.6,5.7,63372,,,
2003-12-11,5.75,5.75,5.65,5.65,41351,,,
2003-12-12,5.65,5.75,5.6,5.75,49863,,,
2003-12-15,5.8,5.8,5.7,5.7,40331,,,
2003-12-16,5.75,5.75,5.6,5.65,27928,,,
2003-12-17,5.75,5.85,5.7,5.7,97557,,,
2003-12-18,5.75,5.9,5.7,5.85,135629,,,
2003-12-19,6.3,6.3,5.85,6.1,293125,,,
2003-12-22,6.1,6.15,5.95,6.0,60486,,,
2003-12-23,6.05,6.1,5.95,6.05,92649,,,
2003-12-24,6.05,6.1,6.0,6.05,87964,,,
2003-12-26,6.1,6.15,5.95,6.1,132426,,,
2003-12-29,6.15,6.3,6.1,6.25,184508,,,
2003-12-30,6.2,6.3,6.1,6.2,136013,,,
2003-12-31,6.25,6.25,6.1,6.15,46786,,,
2004-01-01,6.1,6.3,6.1,6.25,66857,,,
2004-01-02,6.25,6.4,6.25,6.35,97137,,,
2004-01-05,6.3,6.55,6.3,6.4,230516,,,
2004-01-06,6.25,6.45,5.95,6.15,55916,,,
2004-01-07,6.05,6.2,5.9,5.95,118670,,,
2004-01-08,6.05,6.25,6.05,6.2,103809,,,
2004-01-09,6.2,6.55,6.1,6.15,102549,,,
2004-01-12,6.15,6.25,6.1,6.15,105763,,,
2004-01-13,6.05,6.2,6.0,6.1,59678,,,
2004-01-14,6.2,6.35,6.1,6.15,316881,,,
2004-01-15,6.55,6.55,6.15,6.25,105655,,,
2004-01-16,6.4,6.4,6.0,6.05,47702,,,
2004-01-19,5.9,6.05,5.85,6.05,95172,,,
2004-01-20,6.25,6.25,5.8,5.9,95759,,,
2004-01-21,5.65,5.95,5.25,5.45,74628,,,
2004-01-22,5.5,5.7,5.25,5.35,205327,,,
2004-01-23,5.65,5.7,5.2,5.65,63748,,,
2004-01-27,5.75,5.85,5.65,5.75,28963,,,
2004-01-28,5.6,5.95,5.6,5.85,106968,,,
2004-01-29,5.8,5.85,5.65,5.7,140391,,,
2004-01-30,5.8,5.8,5.3,5.35,83910,,,
2004-02-03,5.25,5.55,5.25,5.35,115085,,,
2004-02-04,5.3,5.5,4.95,5.3,151711,,,
2004-02-05,5.3,5.65,5.25,5.5,192657,,,
2004-02-06,5.45,5.6,5.45,5.55,24899,,,
2004-02-09,5.6,5.7,5.4,5.7,57880,,,
2004-02-10,5.65,5.75,5.55,5.65,37285,,,
2004-02-11,5.7,5.75,5.65,5.7,25416,,,
2004-02-12,5.7,5.8,5.55,5.65,64266,,,
2004-02-13,5.7,5.7,5.5,5.65,35434,,,
2004-02-16,5.45,5.8,5.45,5.75,73698,,,
2004-02-17,5.8,5.9,5.75,5.8,71900,,,
2004-02-18,5.9,5.9,5.75,5.75,25355,,,
2004-02-19,5.8,5.8,5.55,5.65,89224,,,
2004-02-20,5.65,5.65,5.45,5.55,40779,,,
2004-02-23,5.55,5.55,5.35,5.4,17035,,,
2004-02-24,5.4,5.4,5.15,5.2,137281,,,
2004-02-25,5.3,5.3,5.1,5.15,75634,,,
2004-02-26,5.15,5.3,5.1,5.1,132516,,,
2004-02-27,5.15,5.25,5.1,5.25,53144,,,
2004-03-01,5.3,5.55,5.25,5.5,74159,,,
2004-03-03,5.55,5.6,5.45,5.45,74992,,,
2004-03-04,5.55,5.55,5.3,5.4,67176,,,
2004-03-05,5.4,5.55,5.4,5.45,53066,,,
2004-03-08,5.55,5.6,5.45,5.55,57734,,,
2004-03-09,5.55,5.6,5.4,5.45,47336,,,
2004-03-10,5.4,5.5,5.4,5.4,8681,,,
2004-03-11,5.4,5.45,5.25,5.25,21797,,,
2004-03-12,5.25,5.35,5.1,5.25,39564,,,
2004-03-15,5.35,5.35,5.05,5.1,49711,,,
2004-03-16,5.1,5.2,5.0,5.1,42536,,,
2004-03-17,5.15,5.15,4.9,4.95,48092,,,
2004-03-18,5.0,5.05,4.75,4.8,57125,,,
2004-03-19,4.95,5.0,4.85,4.95,48478,,,
2004-03-22,4.95,4.95,4.75,4.75,15762,,,
2004-03-23,4.55,4.85,4.55,4.75,39145,,,
2004-03-24,4.8,4.8,4.7,4.75,25500,,,
2004-03-25,4.75,4.8,4.65,4.7,73706,,,
2004-03-26,4.8,4.95,4.75,4.9,88896,,,
2004-03-29,5.0,5.05,4.85,5.0,45090,,,
2004-03-30,5.0,5.15,4.9,4.95,36001,,,
2004-03-31,5.0,5.05,4.85,5.0,45442,,,
2004-04-01,5.15,5.35,5.0,5.25,71364,,,
2004-04-02,5.15,5.15,4.85,4.9,374609,,,
2004-04-05,5.1,5.1,4.95,5.05,218650,,,
2004-04-06,5.1,5.1,4.85,4.9,143329,,,
2004-04-07,5.0,5.0,4.9,4.9,69227,,,
2004-04-08,4.9,5.0,4.9,5.0,86448,,,
2004-04-12,5.0,5.2,4.95,5.1,182733,,,
2004-04-13,5.1,5.1,4.9,5.05,99357,,,
2004-04-15,5.2,5.25,5.05,5.15,118321,,,
2004-04-16,5.3,5.3,5.2,5.3,82667,,,
2004-04-17,5.3,5.45,5.3,5.4,46766,,,
2004-04-19,5.5,5.5,5.15,5.25,147506,,,
2004-04-20,5.2,5.3,5.15,5.25,70114,,,
2004-04-21,5.25,5.4,5.25,5.25,65314,,,
2004-04-22,5.35,5.4,5.25,5.4,85101,,,
2004-04-23,5.45,5.5,5.25,5.3,145523,,,
2004-04-27,5.25,5.25,4.85,5.1,83349,,,
2004-04-28,5.4,5.4,4.75,4.95,61755,,,
2004-04-29,5.0,5.05,4.85,4.95,125401,,,
2004-04-30,4.95,5.05,4.9,5.0,65295,,,
2004-05-03,5.0,5.0,4.8,4.85,82158,,,
2004-05-04,5.05,5.05,4.9,4.9,37700,,,
2004-05-05,4.95,5.05,4.9,5.0,19994,,,
2004-05-06,5.0,5.2,5.0,5.05,37927,,,
2004-05-07,5.05,5.15,4.95,5.1,38863,,,
2004-05-10,5.05,5.05,4.9,4.95,26078,,,
2004-05-11,4.9,4.9,4.65,4.85,60162,,,
2004-05-12,4.9,4.9,4.7,4.8,22426,,,
2004-05-13,4.65,4.8,4.55,4.7,75541,,,
2004-05-14,4.7,4.7,3.6,4.1,305477,,,
2004-05-17,3.85,4.0,3.5,3.85,91921,,,
2004-05-18,3.9,4.1,3.85,4.0,92038,,,
2004-05-19,4.05,4.2,4.0,4.1,35710,,,
2004-05-20,4.1,4.25,3.95,4.25,62310,,,
2004-05-21,4.1,4.25,4.05,4.25,57126,,,
2004-05-24,4.35,4.35,4.25,4.3,30450,,,
2004-05-25,4.3,4.35,4.15,4.25,34035,,,
2004-05-26,4.25,4.5,4.25,4.45,80145,,,
2004-05-27,4.35,4.55,4.35,4.5,38847,,,
2004-05-28,4.45,4.45,4.35,4.4,45871,,,
2004-05-31,4.2,4.25,3.85,4.1,48039,,,
2004-06-01,4.25,4.35,4.05,4.05,29841,,,
2004-06-02,4.05,4.25,4.05,4.1,9085,,,
2004-06-03,4.2,4.2,3.95,4.0,39266,,,
2004-06-04,3.85,4.05,3.8,3.9,66031,,,
2004-06-07,4.0,4.0,3.9,3.9,26409,,,
2004-06-08,3.95,4.05,3.85,3.85,60452,,,
2004-06-09,3.85,4.0,3.85,3.95,134972,,,
2004-06-10,3.95,4.05,3.9,4.0,28896,,,
2004-06-11,4.1,4.1,3.85,3.95,103215,,,
2004-06-14,3.85,3.9,3.7,3.75,25547,,,
2004-06-15,3.85,3.9,3.8,3.85,44498,,,
2004-06-16,3.95,4.0,3.8,3.95,51128,,,
2004-06-17,3.9,4.0,3.9,3.9,36000,,,
2004-06-18,3.95,4.0,3.9,3.9,4977,,,
2004-06-21,4.0,4.0,3.85,3.95,23311,,,
2004-06-22,3.95,3.95,3.9,3.95,19266,,,
2004-06-23,4.0,4.05,3.8,3.85,18922,,,
2004-06-24,3.8,3.9,3.7,3.8,40932,,,
2004-06-25,3.85,3.85,3.8,3.8,13272,,,
2004-06-28,3.8,3.9,3.75,3.9,21906,,,
2004-06-29,3.85,4.05,3.85,4.0,22225,,,
2004-06-30,4.05,4.1,3.9,3.95,45940,,,
2004-07-01,3.9,3.95,3.9,3.95,32014,,,
2004-07-02,3.9,4.05,3.9,3.95,75219,,,
2004-07-05,3.95,4.0,3.85,3.85,15269,,,
2004-07-06,3.7,3.85,3.65,3.85,88361,,,
2004-07-07,3.8,3.9,3.8,3.85,59116,,,
2004-07-08,3.9,4.2,3.85,3.9,359023,,,
2004-07-09,3.9,4.6,3.9,4.55,318858,,,
2004-07-12,4.6,4.7,4.45,4.45,100276,,,
2004-07-13,4.45,4.5,4.35,4.4,81305,,,
2004-07-14,4.5,4.5,4.3,4.4,32814,,,
2004-07-15,4.45,4.6,4.35,4.5,85647,,,
2004-07-16,4.6,4.7,4.45,4.65,203317,,,
2004-07-19,4.65,4.85,4.6,4.7,106268,,,
2004-07-20,4.7,4.7,4.55,4.6,53251,,,
2004-07-21,4.65,4.65,4.6,4.65,49867,,,
2004-07-22,4.7,5.0,4.6,4.75,143999,,,
2004-07-23,3.9,4.8,3.9,4.75,54496,,,
2004-07-26,4.85,4.9,4.75,4.75,56595,,,
2004-07-27,4.75,4.85,4.75,4.75,31063,,,
2004-07-28,4.8,4.8,4.6,4.65,103854,,,
2004-07-29,4.8,4.8,4.55,4.65,58273,,,
2004-07-30,4.7,4.7,4.6,4.6,60670,,,
2004-08-02,4.75,4.75,4.55,4.65,70833,,,
2004-08-03,4.7,4.7,4.65,4.65,13197,,,
2004-08-04,4.6,4.7,4.5,4.55,32230,,,
2004-08-05,4.6,4.7,4.6,4.7,38520,,,
2004-08-06,4.7,4.75,4.6,4.65,63978,,,
2004-08-09,4.7,4.75,4.65,4.65,40739,,,
2004-08-10,4.65,4.75,4.65,4.75,23057,,,
2004-08-11,4.75,4.8,4.6,4.65,67453,,,
2004-08-12,4.9,4.9,4.4,4.65,21899,,,
2004-08-13,4.6,4.65,4.6,4.6,23845,,,
2004-08-16,4.55,4.7,4.55,4.6,25374,,,
2004-08-17,4.6,4.8,4.6,4.65,42474,,,
2004-08-18,4.65,4.75,4.65,4.65,47832,,,
2004-08-19,4.55,4.75,4.55,4.7,25943,,,
2004-08-20,4.65,4.75,4.65,4.7,29844,,,
2004-08-23,4.7,4.75,4.65,4.7,16319,,,
2004-08-24,4.7,4.75,4.7,4.75,29077,,,
2004-08-25,4.75,4.9,4.65,4.8,39967,,,
2004-08-26,4.9,5.05,4.9,4.9,106060,,,
2004-08-27,4.95,5.0,4.85,4.9,45597,,,
2004-08-30,4.95,5.05,4.95,5.0,31523,,,
2004-08-31,5.05,5.1,4.8,4.95,53620,,,
2004-09-01,5.0,5.05,4.95,5.0,39413,,,
2004-09-02,5.05,5.05,4.9,4.95,24679,,,
2004-09-03,4.9,5.0,4.9,5.0,21557,,,
2004-09-06,5.0,5.1,5.0,5.05,56858,,,
2004-09-07,4.95,5.05,4.95,5.0,89884,,,
2004-09-08,5.05,5.1,5.0,5.05,41541,,,
2004-09-09,5.05,5.2,5.0,5.05,98249,,,
2004-09-10,5.05,5.05,4.95,5.0,47051,,,
2004-09-13,5.05,5.05,4.95,5.0,34528,,,
2004-09-14,5.05,5.25,5.05,5.2,121957,,,
2004-09-15,5.2,5.3,5.15,5.25,80404,,,
2004-09-16,5.3,5.3,5.2,5.25,55874,,,
2004-09-17,5.3,5.35,5.2,5.25,89749,,,
2004-09-20,5.35,5.6,5.3,5.45,215959,,,
2004-09-21,5.55,5.6,5.4,5.45,97867,,,
2004-09-22,5.55,5.6,5.45,5.55,187030,,,
2004-09-23,5.55,5.55,5.35,5.4,83209,,,
2004-09-24,5.4,5.5,5.3,5.45,122833,,,
2004-09-27,5.45,5.5,5.4,5.4,52052,,,
2004-09-28,5.4,5.45,5.25,5.3,74956,,,
2004-09-29,5.35,5.45,5.3,5.35,206457,,,
2004-09-30,5.4,5.5,5.4,5.45,249499,,,
2004-10-01,5.45,5.65,5.45,5.5,354386,,,
2004-10-04,5.55,5.65,5.55,5.6,172804,,,
2004-10-05,5.65,5.8,5.65,5.8,296784,,,
2004-10-06,5.75,5.85,5.7,5.7,97986,,,
2004-10-07,5.75,5.75,5.6,5.65,53826,,,
2004-10-08,5.7,5.7,5.6,5.6,52509,,,
2004-10-09,5.55,5.75,5.55,5.7,14557,,,
2004-10-11,5.7,5.7,5.6,5.6,20632,,,
2004-10-12,5.65,5.65,5.5,5.55,32477,,,
2004-10-14,5.55,5.6,5.4,5.55,41219,,,
2004-10-15,5.55,5.6,5.45,5.5,34653,,,
2004-10-18,5.6,5.6,5.45,5.45,22185,,,
2004-10-19,5.5,5.55,5.45,5.5,47695,,,
2004-10-20,5.5,5.6,5.45,5.5,34951,,,
2004-10-21,5.45,5.55,5.4,5.4,31792,,,
2004-10-25,5.4,5.4,5.25,5.25,28531,,,
2004-10-26,5.3,5.4,5.25,5.4,37598,,,
2004-10-27,5.4,5.6,5.4,5.5,72005,,,
2004-10-28,5.55,5.7,5.55,5.55,33261,,,
2004-10-29,5.65,5.7,5.5,5.6,66440,,,
2004-11-01,5.65,5.7,5.65,5.7,50130,,,
2004-11-02,5.7,5.75,5.65,5.65,43041,,,
2004-11-03,5.75,5.75,5.65,5.7,31325,,,
2004-11-04,5.7,5.75,5.65,5.7,73626,,,
2004-11-05,5.75,5.75,5.7,5.75,17505,,,
2004-11-08,5.75,5.75,5.65,5.75,38014,,,
2004-11-09,5.75,5.8,5.65,5.75,90100,,,
2004-11-10,5.8,5.85,5.75,5.8,17077,,,
2004-11-11,5.8,5.85,5.7,5.75,13981,,,
2004-11-12,5.85,5.85,5.8,5.8,16806,,,
2004-11-16,5.85,5.85,5.8,5.85,39893,,,
2004-11-17,5.85,5.9,5.85,5.85,31700,,,
2004-11-18,5.9,6.1,5.85,5.95,167370,,,
2004-11-19,6.0,6.0,5.85,5.9,62930,,,
2004-11-22,5.8,5.85,5.7,5.8,14597,,,
2004-11-23,5.9,6.1,5.85,6.0,248621,,,
2004-11-24,6.15,6.3,6.1,6.25,133392,,,
2004-11-25,6.25,6.85,6.2,6.25,133593,,,
2004-11-29,6.2,6.35,6.2,6.3,73424,,,
2004-11-30,6.35,6.4,6.15,6.2,157149,,,
2004-12-01,6.15,6.25,6.1,6.15,75358,,,
2004-12-02,6.25,6.25,6.1,6.1,82346,,,
2004-12-03,6.15,6.25,6.1,6.15,220183,,,
2004-12-06,6.3,6.55,6.2,6.4,149060,,,
2004-12-07,6.45,6.5,6.4,6.45,219279,,,
2004-12-08,6.5,6.5,6.2,6.2,96118,,,
2004-12-09,6.25,6.3,6.2,6.25,204343,,,
2004-12-10,6.25,6.4,6.25,6.35,79808,,,
2004-12-13,6.45,6.45,6.3,6.35,41876,,,
2004-12-14,6.4,6.5,6.4,6.45,48093,,,
2004-12-15,6.55,6.55,6.35,6.4,69173,,,
2004-12-16,6.5,6.55,6.4,6.55,147999,,,
2004-12-17,6.6,6.6,6.45,6.5,60405,,,
2004-12-20,6.5,6.65,6.5,6.65,75448,,,
2004-12-21,6.6,6.8,6.6,6.75,95740,,,
2004-12-22,6.75,7.0,6.7,6.75,117109,,,
2004-12-23,6.7,6.8,6.7,6.75,34011,,,
2004-12-24,6.7,6.75,6.7,6.75,29116,,,
2004-12-27,6.7,6.75,6.6,6.65,39429,,,
2004-12-28,6.65,6.7,6.6,6.65,26323,,,
2004-12-29,6.75,6.75,6.6,6.65,20817,,,
2004-12-30,6.65,6.75,6.05,6.5,146711,,,
2004-12-31,6.55,6.7,6.45,6.65,70718,,,
2005-01-03,6.55,6.75,6.55,6.65,213731,,,
2005-01-04,6.65,6.75,6.6,6.65,58240,,,
2005-01-05,7.45,7.45,6.1,6.35,89992,,,
2005-01-06,6.35,6.35,6.1,6.3,83075,,,
2005-01-07,6.3,6.35,6.1,6.3,41780,,,
2005-01-10,6.3,6.35,6.15,6.25,35406,,,
2005-01-11,6.2,6.25,6.1,6.15,42736,,,
2005-01-12,6.1,6.15,5.8,5.9,52524,,,
2005-01-13,5.85,6.45,5.85,6.05,37193,,,
2005-01-14,5.6,6.1,5.6,6.0,50193,,,
2005-01-17,5.9,6.15,5.75,5.95,66461,,,
2005-01-18,5.6,6.1,5.6,6.0,18853,,,
2005-01-19,6.05,6.05,5.85,5.9,18877,,,
2005-01-20,5.75,6.15,5.6,5.9,40523,,,
2005-01-24,6.15,6.15,5.9,5.9,15974,,,
2005-01-25,5.8,6.0,5.8,5.95,63604,,,
2005-01-27,5.95,6.15,5.9,5.95,112582,,,
2005-01-28,6.45,6.45,6.0,6.1,48854,,,
2005-01-31,6.15,6.3,6.0,6.15,119071,,,
2005-02-01,6.1,6.15,5.95,5.95,51115,,,
2005-02-02,6.1,6.1,5.9,5.95,147567,,,
2005-02-03,5.95,6.05,5.4,6.0,64948,,,
2005-02-04,6.0,6.05,5.9,5.95,31913,,,
2005-02-07,6.05,6.1,5.9,5.95,132672,,,
2005-02-08,6.0,6.0,5.9,5.9,251356,,,
2005-02-09,6.0,6.2,5.9,6.15,255364,,,
2005-02-10,6.25,6.55,6.25,6.3,137276,,,
2005-02-11,6.3,6.55,6.3,6.4,335691,,,
2005-02-14,6.45,6.6,6.4,6.55,120468,,,
2005-02-15,6.6,6.65,6.45,6.6,417666,,,
2005-02-16,6.75,6.75,6.6,6.75,305383,,,
2005-02-17,6.7,6.95,6.6,6.8,183583,,,
2005-02-18,6.8,7.2,6.8,7.1,191339,,,
2005-02-21,7.1,7.15,7.0,7.1,182316,,,
2005-02-22,7.2,7.2,7.0,7.1,132726,,,
2005-02-23,7.1,7.15,7.05,7.1,74913,,,
2005-02-24,7.1,7.35,7.1,7.1,188901,,,
2005-02-25,7.15,7.2,7.05,7.2,70787,,,
2005-02-28,7.25,7.4,7.1,7.25,146494,,,
2005-03-01,7.15,7.2,7.05,7.1,60505,,,
2005-03-02,7.3,7.3,7.1,7.15,75194,,,
2005-03-03,7.15,7.5,7.15,7.45,106220,,,
2005-03-04,7.35,7.55,7.35,7.45,74874,,,
2005-03-07,7.4,7.6,7.35,7.55,306042,,,
2005-03-08,7.6,7.6,7.4,7.45,35152,,,
2005-03-09,7.45,7.55,7.3,7.4,42851,,,
2005-03-10,7.4,7.4,7.35,7.4,65369,,,
2005-03-11,7.35,7.45,7.35,7.4,113385,,,
2005-03-14,7.4,7.5,7.3,7.3,14975,,,
2005-03-15,7.3,7.3,7.15,7.15,46908,,,
2005-03-16,7.25,7.25,7.15,7.2,30171,,,
2005-03-17,7.15,7.2,7.05,7.05,40337,,,
2005-03-18,7.15,7.15,6.85,7.05,28338,,,
2005-03-21,7.1,7.1,6.9,6.95,33812,,,
2005-03-22,6.85,6.95,6.7,6.8,87910,,,
2005-03-23,6.75,6.85,6.65,6.65,58514,,,
2005-03-24,6.7,6.75,6.55,6.65,94115,,,
2005-03-28,6.8,6.8,6.6,6.65,36990,,,
2005-03-29,6.7,6.7,6.4,6.55,59929,,,
2005-03-30,6.35,6.55,6.3,6.55,124514,,,
2005-03-31,6.55,6.85,6.55,6.75,46108,,,
2005-04-01,7.05,7.05,6.6,6.8,122995,,,
2005-04-04,6.95,7.25,6.9,7.1,95311,,,
2005-04-05,7.4,7.4,6.95,7.0,65365,,,
2005-04-06,7.05,7.1,6.85,6.9,88813,,,
2005-04-07,6.9,7.1,6.9,7.05,99302,,,
2005-04-08,7.0,7.05,6.85,6.95,69175,,,
2005-04-11,6.9,7.05,6.9,7.0,33602,,,
2005-04-12,6.95,7.25,6.95,7.2,96794,,,
2005-04-13,7.25,7.45,7.25,7.3,140440,,,
2005-04-15,7.1,7.3,7.1,7.25,32525,,,
2005-04-18,7.75,7.75,6.9,7.25,66070,,,
2005-04-19,7.45,7.65,7.25,7.35,101487,,,
2005-04-20,7.5,7.55,7.4,7.45,38991,,,
2005-04-21,7.4,7.7,7.3,7.6,97445,,,
2005-04-22,7.2,8.0,7.2,7.9,118013,,,
2005-04-25,8.05,8.05,7.85,7.85,66853,,,
2005-04-26,7.95,7.95,7.85,7.85,93446,,,
2005-04-27,7.65,7.9,7.65,7.8,18271,,,
2005-04-28,7.75,7.9,7.65,7.7,44430,,,
2005-04-29,7.9,7.9,7.4,7.5,99049,,,
2005-05-02,7.5,7.6,7.35,7.5,64685,,,
2005-05-03,7.5,7.6,7.4,7.6,38898,,,
2005-05-04,7.65,7.75,7.6,7.7,17093,,,
2005-05-05,7.75,7.9,7.75,7.75,211819,,,
2005-05-06,7.85,7.85,7.7,7.8,27861,,,
2005-05-09,7.85,7.9,7.8,7.85,64098,,,
2005-05-10,7.8,7.9,7.8,7.85,32947,,,
2005-05-11,7.75,7.85,7.75,7.75,57806,,,
2005-05-12,7.9,7.9,7.75,7.8,68392,,,
2005-05-13,7.9,7.9,7.8,7.85,227812,,,
2005-05-16,7.6,8.0,7.6,7.95,93478,,,
2005-05-17,7.95,8.1,7.85,7.95,62676,,,
2005-05-18,7.95,8.0,7.85,7.9,59249,,,
2005-05-19,8.1,8.1,7.9,7.95,63656,,,
2005-05-20,7.95,8.0,7.9,7.9,21972,,,
2005-05-23,8.0,8.0,7.9,7.9,17042,,,
2005-05-24,8.05,8.05,7.9,7.9,52315,,,
2005-05-25,8.0,8.05,7.75,8.05,124434,,,
2005-05-26,8.1,8.1,7.95,8.0,60995,,,
2005-05-27,8.0,8.05,7.95,7.95,13479,,,
2005-05-30,8.05,8.05,7.75,7.8,18185,,,
2005-05-31,7.85,8.1,7.8,8.0,88511,,,
2005-06-01,7.75,8.05,7.75,8.0,47692,,,
2005-06-02,7.75,8.0,7.75,7.9,4539,,,
2005-06-03,7.85,7.9,7.8,7.85,22573,,,
2005-06-04,8.05,8.05,7.8,7.85,3301,,,
2005-06-06,7.85,7.95,7.8,7.8,20499,,,
2005-06-07,8.15,8.9,7.8,7.85,14700,,,
2005-06-08,7.4,7.9,7.4,7.75,30192,,,
2005-06-09,7.75,7.9,7.75,7.8,133305,,,
2005-06-10,7.9,7.9,7.7,7.7,20323,,,
2005-06-13,7.7,7.7,7.6,7.6,16691,,,
2005-06-14,7.7,7.7,7.6,7.6,181724,,,
2005-06-15,7.75,7.75,7.45,7.5,36367,,,
2005-06-16,7.55,7.6,7.45,7.5,15306,,,
2005-06-17,7.75,7.75,7.4,7.5,32552,,,
2005-06-20,7.5,7.5,7.25,7.25,63864,,,
2005-06-21,7.25,7.45,7.25,7.45,31452,,,
2005-06-22,7.6,7.6,7.35,7.35,50262,,,
2005-06-23,7.4,7.45,7.35,7.4,74286,,,
2005-06-24,7.4,7.65,7.15,7.45,386119,,,
2005-06-27,7.45,7.5,7.3,7.35,102950,,,
2005-06-28,7.4,7.45,7.15,7.2,164876,,,
2005-06-29,7.2,7.2,7.0,7.1,117344,,,
2005-06-30,7.1,7.25,6.9,7.0,212810,,,
2005-07-01,7.05,7.35,7.05,7.25,106661,,,
2005-07-04,7.15,7.4,7.15,7.25,112862,,,
2005-07-05,7.3,7.55,7.25,7.4,84846,,,
2005-07-06,7.4,7.6,7.4,7.6,45603,,,
2005-07-07,7.6,7.65,7.4,7.5,93992,,,
2005-07-08,7.6,7.65,7.5,7.55,42707,,,
2005-07-11,7.85,7.85,7.5,7.5,19172,,,
2005-07-12,7.15,7.6,7.15,7.6,83548,,,
2005-07-13,7.6,7.8,7.5,7.6,90097,,,
2005-07-14,7.6,7.75,7.55,7.6,19855,,,
2005-07-15,7.75,7.75,7.6,7.6,65712,,,
2005-07-18,7.6,7.75,7.3,7.75,48856,,,
2005-07-19,7.75,7.85,7.7,7.75,74159,,,
2005-07-20,7.85,7.85,7.7,7.75,11499,,,
2005-07-21,7.8,7.8,7.7,7.75,13920,,,
2005-07-22,7.75,7.9,7.7,7.8,169917,,,
2005-07-25,7.9,8.5,7.75,7.85,480491,,,
2005-07-26,7.9,7.9,7.5,7.6,125251,,,
2005-07-27,7.5,7.75,7.4,7.6,20374,,,
2005-07-29,7.6,7.65,7.35,7.4,50036,,,
2005-08-01,7.4,7.6,7.4,7.55,17050,,,
2005-08-02,7.55,7.85,7.45,7.7,93405,,,
2005-08-03,7.75,8.0,7.75,7.85,131067,,,
2005-08-04,7.9,8.1,7.9,7.95,37188,,,
2005-08-05,7.9,8.1,7.85,7.85,68983,,,
2005-08-08,7.65,8.0,7.6,7.65,10268,,,
2005-08-09,7.7,7.8,7.6,7.6,13303,,,
2005-08-10,7.6,7.75,7.6,7.75,25525,,,
2005-08-11,7.9,8.05,7.75,7.75,73103,,,
2005-08-12,7.7,7.8,7.65,7.75,26502,,,
2005-08-16,7.7,7.75,7.6,7.65,25915,,,
2005-08-17,7.8,7.8,7.65,7.65,45871,,,
2005-08-18,7.9,7.9,7.55,7.6,23920,,,
2005-08-19,7.7,7.7,7.5,7.5,30682,,,
2005-08-22,7.6,7.65,7.45,7.45,21244,,,
2005-08-23,7.45,7.55,7.2,7.25,31739,,,
2005-08-24,7.4,7.4,7.1,7.1,50059,,,
2005-08-25,7.15,7.25,7.05,7.1,110552,,,
2005-08-26,7.2,7.6,7.15,7.25,48589,,,
2005-08-29,7.25,7.25,7.15,7.25,7568,,,
2005-08-30,7.3,7.3,7.25,7.25,39880,,,
2005-08-31,7.25,7.25,7.2,7.25,38318,,,
2005-09-01,7.7,7.7,7.25,7.25,107536,,,
2005-09-02,7.25,7.3,7.25,7.25,35128,,,
2005-09-05,7.25,7.3,7.25,7.25,16557,,,
2005-09-06,7.25,7.55,7.25,7.5,33664,,,
2005-09-08,7.55,7.8,6.8,7.75,97257,,,
2005-09-09,7.75,7.75,7.65,7.65,39551,,,
2005-09-12,7.7,7.8,7.6,7.65,10133,,,
2005-09-13,7.7,7.85,7.6,7.75,26548,,,
2005-09-14,7.75,8.0,7.6,7.75,113026,,,
2005-09-15,7.9,7.95,7.75,7.8,27717,,,
2005-09-16,7.6,7.9,7.35,7.75,44269,,,
2005-09-19,7.9,7.9,7.75,7.85,20924,,,
2005-09-20,7.9,8.0,7.7,7.9,47896,,,
2005-09-21,8.1,8.1,7.6,7.8,59001,,,
2005-09-22,7.75,7.8,7.25,7.3,40699,,,
2005-09-23,7.25,7.6,7.25,7.5,26355,,,
2005-09-26,7.55,7.75,7.5,7.75,70258,,,
2005-09-27,7.85,7.9,7.7,7.75,56430,,,
2005-09-28,8.2,8.2,7.7,7.8,30841,,,
2005-09-29,7.8,8.05,7.8,7.95,103978,,,
2005-09-30,8.1,8.65,8.0,8.6,536175,,,
2005-10-03,8.65,8.85,8.6,8.7,237327,,,
2005-10-04,8.75,8.8,8.55,8.6,121016,,,
2005-10-05,8.6,8.8,8.4,8.45,113294,,,
2005-10-06,8.45,8.75,8.4,8.45,82987,,,
2005-10-07,8.5,8.55,8.1,8.15,248468,,,
2005-10-10,8.2,8.25,7.9,7.95,55745,,,
2005-10-11,8.05,8.05,7.8,7.9,48630,,,
2005-10-13,7.9,8.15,7.65,7.75,111546,,,
2005-10-14,7.9,7.9,7.5,7.55,57875,,,
2005-10-17,7.6,7.6,7.4,7.55,84128,,,
2005-10-18,7.75,7.75,7.5,7.55,88731,,,
2005-10-19,7.5,7.55,7.25,7.5,80493,,,
2005-10-20,7.5,7.6,7.4,7.55,103691,,,
2005-10-21,7.55,7.85,7.4,7.75,56920,,,
2005-10-24,7.9,7.9,7.7,7.75,18430,,,
2005-10-25,7.75,7.75,7.55,7.7,84659,,,
2005-10-26,7.7,7.85,7.65,7.8,170032,,,
2005-10-27,7.5,7.85,7.25,7.45,331098,,,
2005-10-28,7.35,7.4,7.2,7.3,49529,,,
2005-10-31,7.45,7.45,7.25,7.35,28895,,,
2005-11-01,7.4,7.4,7.3,7.4,20851,,,
2005-11-02,7.35,7.65,7.35,7.65,51099,,,
2005-11-07,7.65,7.85,7.65,7.75,40148,,,
2005-11-08,7.85,8.0,7.75,7.9,61898,,,
2005-11-09,7.9,8.25,7.8,8.05,148912,,,
2005-11-10,8.05,8.3,7.95,8.1,184244,,,
2005-11-11,8.2,8.4,8.2,8.35,191243,,,
2005-11-14,8.45,8.65,8.4,8.5,174474,,,
2005-11-16,8.55,8.75,8.45,8.6,197384,,,
2005-11-17,8.65,8.65,8.4,8.55,54004,,,
2005-11-18,8.55,8.6,8.4,8.45,37962,,,
2005-11-21,8.5,8.5,8.15,8.2,132823,,,
2005-11-22,8.25,8.4,8.1,8.1,189050,,,
2005-11-23,8.2,8.3,8.1,8.25,114459,,,
2005-11-24,8.25,8.45,8.25,8.4,156199,,,
2005-11-25,8.65,9.0,8.4,8.9,311550,,,
2005-11-26,9.0,9.25,8.6,9.1,165028,,,
2005-11-28,9.25,9.6,9.15,9.5,308757,,,
2005-11-29,9.95,9.95,9.35,9.5,249760,,,
2005-11-30,9.55,9.8,9.3,9.35,238812,,,
2005-12-01,9.45,9.5,9.25,9.45,118633,,,
2005-12-02,9.5,9.6,9.25,9.35,141817,,,
2005-12-05,9.45,9.5,9.25,9.35,131200,,,
2005-12-06,9.45,9.45,9.05,9.15,216364,,,
2005-12-07,9.15,9.3,9.05,9.1,132127,,,
2005-12-08,9.15,9.35,9.05,9.3,101077,,,
2005-12-09,9.3,9.5,9.3,9.45,145037,,,
2005-12-12,9.45,9.7,9.45,9.6,187306,,,
2005-12-13,9.6,9.6,9.5,9.55,132987,,,
2005-12-14,9.55,9.6,9.3,9.35,44825,,,
2005-12-15,9.6,9.6,9.0,9.1,59044,,,
2005-12-16,9.25,9.25,9.1,9.2,108280,,,
2005-12-19,9.25,9.6,9.25,9.45,153649,,,
2005-12-20,9.5,9.7,9.4,9.55,219032,,,
2005-12-21,9.65,9.85,9.55,9.7,218441,,,
2005-12-22,9.7,9.9,9.7,9.75,94567,,,
2005-12-23,9.85,9.85,9.6,9.6,120871,,,
2005-12-26,9.6,9.6,8.85,9.4,146720,,,
2005-12-27,9.65,10.05,9.3,9.95,126437,,,
2005-12-28,10.0,10.1,9.8,9.9,275705,,,
2005-12-29,9.9,10.05,9.75,9.85,118014,,,
2005-12-30,9.9,10.1,9.85,10.05,90507,,,
2006-01-02,10.1,10.1,9.9,10.0,100973,,,
2006-01-03,10.1,10.1,10.0,10.05,45406,,,
2006-01-04,10.1,10.25,9.95,10.0,53553,,,
2006-01-05,10.0,10.1,9.8,9.95,31611,,,
2006-01-06,10.0,10.25,9.9,10.0,131748,,,
2006-01-09,10.0,10.15,9.7,9.95,169998,,,
2006-01-10,10.0,10.0,9.7,9.75,104089,,,
2006-01-12,9.75,9.95,9.65,9.9,106197,,,
2006-01-13,10.0,10.6,9.9,10.35,276666,,,
2006-01-16,10.4,10.55,10.1,10.2,72409,,,
2006-01-17,10.2,10.4,9.95,10.0,102589,,,
2006-01-18,9.95,10.15,9.75,10.1,94266,,,
2006-01-19,10.2,10.55,10.15,10.5,109479,,,
2006-01-20,10.7,10.7,10.5,10.65,120911,,,
2006-01-23,10.7,11.1,10.35,11.0,156604,,,
2006-01-24,11.05,11.4,11.05,11.25,143566,,,
2006-01-25,11.4,12.2,11.25,12.05,191240,,,
2006-01-27,12.15,12.5,11.6,11.75,254506,,,
2006-01-30,11.95,12.05,11.05,11.15,177582,,,
2006-01-31,11.4,11.45,11.1,11.2,113775,,,
2006-02-01,11.25,11.55,10.95,11.05,669423,,,
2006-02-02,10.85,11.35,10.85,11.2,160288,,,
2006-02-03,11.25,11.25,11.0,11.1,109950,,,
2006-02-06,11.15,11.3,11.05,11.1,132341,,,
2006-02-07,11.1,11.45,11.1,11.3,297550,,,
2006-02-08,11.45,11.55,11.3,11.4,244037,,,
2006-02-10,11.4,11.5,11.15,11.2,216280,,,
2006-02-13,11.3,11.3,11.05,11.1,262429,,,
2006-02-14,11.2,11.35,11.0,11.1,285459,,,
2006-02-15,11.1,11.2,10.65,10.75,272577,,,
2006-02-16,10.85,10.85,10.6,10.65,188741,,,
2006-02-17,10.8,10.8,10.25,10.4,162403,,,
2006-02-20,10.3,10.4,10.05,10.2,209442,,,
2006-02-21,10.3,10.5,10.25,10.3,139167,,,
2006-02-22,10.4,10.4,10.2,10.3,225424,,,
2006-02-23,10.3,10.35,9.9,10.0,379390,,,
2006-02-24,10.1,10.85,10.1,10.8,268367,,,
2006-02-27,10.75,11.0,10.35,10.85,219538,,,
2006-02-28,10.9,11.3,10.75,11.1,967990,,,
2006-03-01,11.15,11.5,11.1,11.35,370878,,,
2006-03-02,11.45,12.4,11.25,11.85,690091,,,
2006-03-03,12.0,12.4,11.8,12.1,271575,,,
2006-03-06,12.15,12.25,12.0,12.1,195253,,,
2006-03-07,11.95,12.4,11.95,12.25,157730,,,
2006-03-08,12.35,13.35,12.25,12.45,684258,,,
2006-03-09,12.6,12.8,12.15,12.6,355162,,,
2006-03-10,12.9,13.25,12.75,13.0,219378,,,
2006-03-13,13.1,13.2,12.8,12.9,124694,,,
2006-03-14,12.9,12.95,12.55,12.6,208109,,,
2006-03-16,13.0,13.6,12.25,13.4,448151,,,
2006-03-17,13.75,13.95,13.25,13.35,800714,,,
2006-03-20,13.45,13.75,13.4,13.5,303057,,,
2006-03-21,13.6,13.8,13.4,13.5,350628,,,
2006-03-22,13.55,13.6,13.1,13.25,374944,,,
2006-03-23,13.4,13.95,13.2,13.8,393097,,,
2006-03-24,13.9,14.15,13.85,13.95,228360,,,
2006-03-27,14.05,14.05,13.6,13.65,228326,,,
2006-03-28,13.7,13.7,13.3,13.35,379132,,,
2006-03-29,13.45,13.65,13.35,13.5,427984,,,
2006-03-30,13.75,13.8,13.0,13.2,1501414,,,
2006-03-31,13.3,13.65,13.25,13.4,525597,,,
2006-04-03,13.5,13.75,13.4,13.6,217530,,,
2006-04-04,13.7,13.8,13.45,13.6,196850,,,
2006-04-05,13.65,14.0,13.6,13.9,217496,,,
2006-04-07,14.1,14.35,13.25,13.6,252510,,,
2006-04-10,13.75,13.75,13.45,13.7,87094,,,
2006-04-12,13.8,13.95,13.3,13.45,229936,,,
2006-04-13,13.45,13.45,12.2,12.6,313518,,,
2006-04-17,12.9,13.4,12.6,13.15,371573,,,
2006-04-18,13.35,13.85,13.2,13.65,392062,,,
2006-04-19,13.8,13.95,13.45,13.75,235608,,,
2006-04-20,13.75,13.9,13.55,13.75,161292,,,
2006-04-21,13.85,13.9,13.35,13.5,196051,,,
2006-04-24,13.5,13.75,13.4,13.6,167196,,,
2006-04-25,13.55,13.6,13.25,13.3,196190,,,
2006-04-26,13.35,13.65,13.2,13.4,44094,,,
2006-04-27,13.5,13.75,12.9,13.0,326937,,,
2006-04-28,12.45,13.55,12.1,13.4,206134,,,
2006-04-29,12.9,13.65,12.9,13.5,26286,,,
2006-05-02,13.65,14.45,13.45,14.25,244513,,,
2006-05-03,14.5,14.85,13.95,14.7,281314,,,
2006-05-04,14.65,14.9,14.35,14.5,206654,,,
2006-05-05,14.6,14.85,14.3,14.4,121677,,,
2006-05-08,14.55,14.8,14.35,14.4,75684,,,
2006-05-09,14.5,14.55,14.25,14.45,55357,,,
2006-05-10,14.5,14.7,14.35,14.6,99755,,,
2006-05-11,14.65,14.8,14.35,14.45,49974,,,
2006-05-12,14.15,14.4,13.95,14.1,42278,,,
2006-05-15,14.6,14.6,13.05,13.5,83562,,,
2006-05-16,13.4,13.65,11.7,13.6,300099,,,
2006-05-17,13.6,13.9,13.5,13.6,152804,,,
2006-05-18,13.6,13.6,12.4,12.55,175651,,,
2006-05-19,13.15,13.55,11.4,11.75,177872,,,
2006-05-22,11.75,11.8,9.4,11.25,495693,,,
2006-05-23,10.6,12.9,10.1,11.85,132022,,,
2006-05-24,11.85,12.0,10.75,11.05,126131,,,
2006-05-25,11.1,11.4,10.6,10.9,297114,,,
2006-05-26,11.1,11.6,11.1,11.4,168959,,,
2006-05-29,11.7,11.75,11.4,11.7,84795,,,
2006-05-30,11.8,11.85,11.55,11.75,107334,,,
2006-05-31,11.6,11.6,10.5,11.05,169657,,,
2006-06-01,11.1,11.3,10.3,10.55,103378,,,
2006-06-02,10.5,10.85,10.2,10.75,103436,,,
2006-06-05,10.9,10.9,10.2,10.35,76972,,,
2006-06-06,10.2,10.5,9.75,10.1,153034,,,
2006-06-07,9.7,10.25,9.65,9.9,115193,,,
2006-06-08,9.5,9.8,8.9,9.25,143375,,,
2006-06-09,9.4,10.05,9.2,9.95,61552,,,
2006-06-12,9.2,10.15,9.2,9.5,103470,,,
2006-06-13,9.35,9.35,8.55,8.75,98698,,,
2006-06-14,9.05,9.2,8.2,8.4,205646,,,
2006-06-15,8.9,9.0,8.5,8.9,165132,,,
2006-06-16,9.15,10.15,9.15,9.35,166230,,,
2006-06-19,9.45,9.9,9.1,9.75,46297,,,
2006-06-20,9.6,10.25,9.35,10.0,81617,,,
2006-06-21,9.9,10.6,9.9,10.4,70015,,,
2006-06-22,10.6,10.95,10.5,10.75,115482,,,
2006-06-23,10.65,11.0,10.3,10.8,88145,,,
2006-06-25,11.0,11.0,10.75,10.85,2511,,,
2006-06-26,10.9,10.9,9.9,10.05,75530,,,
2006-06-27,10.35,10.35,9.9,10.15,28003,,,
2006-06-28,9.9,10.5,9.75,10.2,58243,,,
2006-06-29,10.3,10.6,10.2,10.4,215676,,,
2006-06-30,11.05,11.1,10.6,10.8,61251,,,
2006-07-03,11.0,11.5,10.5,10.95,59829,,,
2006-07-04,11.25,11.25,10.75,10.85,32296,,,
2006-07-05,10.6,10.95,10.6,10.9,75839,,,
2006-07-06,10.7,11.4,10.7,11.2,53168,,,
2006-07-07,11.4,11.65,10.45,10.6,104614,,,
2006-07-10,10.65,10.95,10.45,10.85,56043,,,
2006-07-11,10.75,11.1,10.65,10.9,49766,,,
2006-07-12,10.8,11.2,10.35,11.1,88850,,,
2006-07-13,10.8,11.5,10.8,11.4,88467,,,
2006-07-14,11.1,11.5,10.85,11.3,54831,,,
2006-07-17,11.15,11.4,10.55,10.65,71693,,,
2006-07-18,10.6,10.7,10.05,10.3,57697,,,
2006-07-19,10.4,10.6,9.8,10.25,52340,,,
2006-07-20,10.45,10.6,10.25,10.4,47407,,,
2006-07-21,10.4,10.6,10.05,10.1,27676,,,
2006-07-24,9.9,10.15,9.6,10.0,33212,,,
2006-07-25,10.2,10.5,10.15,10.4,50525,,,
2006-07-26,10.45,10.65,10.3,10.55,41194,,,
2006-07-27,10.75,11.2,10.75,11.05,303633,,,
2006-07-28,11.05,11.75,10.95,11.25,178990,,,
2006-07-31,11.55,11.8,11.2,11.3,108536,,,
2006-08-01,11.3,11.3,10.7,10.9,166016,,,
2006-08-02,10.9,11.05,10.65,10.95,83598,,,
2006-08-03,11.15,11.15,10.3,10.45,322436,,,
2006-08-04,10.6,10.65,10.05,10.15,347523,,,
2006-08-07,10.3,10.35,10.1,10.15,91976,,,
2006-08-08,10.25,10.5,10.15,10.45,238302,,,
2006-08-09,10.5,10.9,10.4,10.85,183549,,,
2006-08-10,10.9,10.95,10.65,10.85,98938,,,
2006-08-11,10.9,11.05,10.7,10.9,94489,,,
2006-08-14,11.0,11.15,10.8,10.95,96962,,,
2006-08-16,11.0,11.45,11.0,11.25,192276,,,
2006-08-17,10.9,11.35,10.55,11.2,95203,,,
2006-08-18,11.2,11.4,11.05,11.1,96159,,,
2006-08-21,11.3,11.35,10.65,11.3,56792,,,
2006-08-22,11.45,11.6,11.35,11.4,102973,,,
2006-08-23,11.5,11.5,11.1,11.2,47991,,,
2006-08-24,10.9,11.25,10.9,11.25,103491,,,
2006-08-25,11.3,11.65,11.3,11.55,122438,,,
2006-08-28,11.65,11.75,11.6,11.65,167496,,,
2006-08-29,11.7,12.1,11.6,12.05,204238,,,
2006-08-30,12.15,12.2,11.75,11.9,123620,,,
2006-08-31,11.9,12.0,11.5,11.7,114523,,,
2006-09-01,11.75,11.8,11.5,11.65,157870,,,
2006-09-04,11.8,11.85,11.65,11.7,86848,,,
2006-09-05,11.75,12.0,11.7,11.8,73501,,,
2006-09-06,11.85,11.9,11.7,11.8,44020,,,
2006-09-07,11.75,11.9,11.6,11.85,58917,,,
2006-09-08,11.9,12.0,11.65,11.75,46192,,,
2006-09-11,11.8,11.85,10.95,11.1,108211,,,
2006-09-12,11.0,11.35,10.9,11.3,68164,,,
2006-09-13,11.4,11.55,11.3,11.35,152176,,,
2006-09-14,11.55,11.55,11.3,11.35,30210,,,
2006-09-15,11.3,11.6,11.15,11.4,69081,,,
2006-09-18,11.45,11.65,11.35,11.5,63169,,,
2006-09-19,11.55,11.55,11.05,11.25,102051,,,
2006-09-20,11.2,11.4,11.05,11.3,80952,,,
2006-09-21,11.4,11.6,11.4,11.5,183047,,,
2006-09-22,11.5,11.6,11.3,11.35,53551,,,
2006-09-25,11.45,11.5,11.15,11.2,133605,,,
2006-09-26,11.35,11.5,11.2,11.4,130813,,,
2006-09-27,11.6,11.6,11.25,11.3,105696,,,
2006-09-28,11.3,11.4,11.25,11.35,89997,,,
2006-09-29,11.45,11.75,11.4,11.7,152814,,,
2006-10-03,11.7,11.85,11.6,11.65,57458,,,
2006-10-04,11.65,11.75,11.35,11.4,41332,,,
2006-10-05,11.55,11.8,11.55,11.6,68909,,,
2006-10-06,11.5,11.85,11.5,11.8,105445,,,
2006-10-09,12.1,12.1,11.55,11.85,104543,,,
2006-10-10,11.9,11.95,11.6,11.7,35123,,,
2006-10-11,11.8,11.8,11.25,11.35,141667,,,
2006-10-12,11.35,11.6,11.2,11.55,83939,,,
2006-10-13,11.55,11.8,11.55,11.75,127108,,,
2006-10-16,11.75,11.9,11.7,11.8,104766,,,
2006-10-17,11.8,11.8,11.45,11.6,61189,,,
2006-10-18,11.65,11.8,11.55,11.75,91253,,,
2006-10-19,11.85,11.85,11.6,11.7,206845,,,
2006-10-20,11.75,11.95,11.65,11.75,71064,,,
2006-10-21,11.9,11.9,11.6,11.7,10756,,,
2006-10-23,11.65,11.7,11.45,11.55,16356,,,
2006-10-26,11.65,11.65,11.4,11.55,178924,,,
2006-10-27,11.55,11.85,11.4,11.45,144479,,,
2006-10-30,11.4,11.6,11.25,11.3,147000,,,
2006-10-31,11.4,11.45,11.2,11.25,53325,,,
2006-11-01,11.25,11.3,11.1,11.15,178974,,,
2006-11-02,11.2,11.25,11.05,11.1,157748,,,
2006-11-03,11.3,11.35,11.05,11.3,138055,,,
2006-11-06,11.4,11.45,11.25,11.4,117969,,,
2006-11-07,11.5,11.5,11.25,11.25,95945,,,
2006-11-08,11.25,11.35,11.05,11.2,39269,,,
2006-11-09,11.85,11.85,11.15,11.3,71803,,,
2006-11-10,11.3,11.45,11.1,11.15,257826,,,
2006-11-13,11.2,11.6,11.1,11.2,96758,,,
2006-11-14,11.35,11.35,10.95,11.15,63557,,,
2006-11-15,11.1,11.35,11.1,11.2,193857,,,
2006-11-16,11.3,11.45,11.2,11.25,110178,,,
2006-11-17,11.55,11.65,11.25,11.3,175444,,,
2006-11-20,11.1,11.45,10.9,11.2,129982,,,
2006-11-21,11.3,11.75,11.3,11.7,208758,,,
2006-11-22,11.75,11.95,11.6,11.8,195719,,,
2006-11-23,11.8,12.15,11.65,11.85,162814,,,
2006-11-24,11.9,12.1,11.75,11.9,70955,,,
2006-11-27,11.9,11.95,11.65,11.75,36425,,,
2006-11-28,11.65,11.8,11.55,11.75,67738,,,
2006-11-29,11.8,11.9,11.55,11.85,63668,,,
2006-11-30,12.05,12.1,11.4,11.5,268009,,,
2006-12-01,11.6,12.4,11.55,12.2,139501,,,
2006-12-04,12.25,12.6,12.25,12.4,346125,,,
2006-12-05,12.4,12.45,12.05,12.25,74608,,,
2006-12-06,12.15,12.35,11.8,12.0,67876,,,
2006-12-07,11.85,12.6,11.85,12.55,280051,,,
2006-12-08,12.55,12.7,12.1,12.25,268585,,,
2006-12-11,12.3,12.7,11.95,12.25,572074,,,
2006-12-12,12.25,12.6,11.5,11.75,359659,,,
2006-12-13,11.75,12.6,11.35,12.5,276480,,,
2006-12-14,12.55,13.25,12.5,13.05,441619,,,
2006-12-15,13.35,13.45,12.9,12.95,472703,,,
2006-12-18,13.1,13.4,12.6,13.25,229712,,,
2006-12-19,13.3,13.3,12.7,12.85,212515,,,
2006-12-20,12.85,13.0,12.55,12.65,178248,,,
2006-12-21,12.6,12.85,12.2,12.65,128016,,,
2006-12-22,12.7,13.0,12.55,12.7,151926,,,
2006-12-26,12.7,12.95,12.7,12.85,125849,,,
2006-12-27,12.9,13.7,12.85,13.6,192261,,,
2006-12-28,13.85,13.85,13.2,13.4,289418,,,
2006-12-29,13.4,13.7,13.25,13.6,91968,,,
2007-01-02,13.55,13.8,13.3,13.7,105559,,,
2007-01-03,13.8,13.8,13.25,13.45,142613,,,
2007-01-04,13.6,13.7,13.3,13.5,95747,,,
2007-01-05,13.45,13.55,13.1,13.2,116814,,,
2007-01-08,13.25,13.25,12.95,13.0,35436,,,
2007-01-09,13.05,13.15,12.75,12.9,93905,,,
2007-01-10,13.0,13.0,12.7,12.85,33920,,,
2007-01-11,12.9,13.0,12.45,12.9,48999,,,
2007-01-12,13.05,13.5,13.05,13.25,95262,,,
2007-01-15,13.1,13.5,13.05,13.1,111751,,,
2007-01-16,12.95,13.2,12.9,12.95,66321,,,
2007-01-17,13.0,13.4,12.85,13.2,76729,,,
2007-01-18,13.4,13.5,13.05,13.2,70355,,,
2007-01-19,13.25,13.3,12.9,13.15,50569,,,
2007-01-22,13.3,13.3,13.0,13.2,51558,,,
2007-01-23,13.15,13.4,12.9,13.15,92006,,,
2007-01-24,13.25,14.1,13.15,13.9,237361,,,
2007-01-25,13.95,14.6,13.6,14.25,319890,,,
2007-01-29,14.25,14.45,13.7,14.15,92146,,,
2007-01-31,14.2,14.25,13.75,13.9,108221,,,
2007-02-01,13.9,14.05,13.7,13.75,83694,,,
2007-02-02,13.9,14.15,13.8,13.9,72834,,,
2007-02-05,13.85,14.35,13.7,14.25,206116,,,
2007-02-06,14.1,15.7,13.65,15.25,658695,,,
2007-02-07,15.25,17.0,15.15,16.8,955676,,,
2007-02-08,16.85,17.7,15.65,16.95,710438,,,
2007-02-09,16.9,17.2,16.05,16.1,445741,,,
2007-02-12,16.15,16.9,15.6,15.85,167147,,,
2007-02-13,15.85,16.6,15.4,15.95,113503,,,
2007-02-14,16.0,16.6,15.45,16.45,136633,,,
2007-02-15,16.65,17.7,16.5,17.45,259016,,,
2007-02-19,17.7,17.75,16.85,17.05,111859,,,
2007-02-20,17.0,17.15,16.6,16.75,80420,,,
2007-02-21,17.1,17.7,16.35,16.45,100512,,,
2007-02-22,16.45,16.85,15.8,16.05,479028,,,
2007-02-23,16.05,16.25,15.55,15.75,144300,,,
2007-02-26,15.75,15.85,15.0,15.7,193716,,,
2007-02-27,15.75,16.4,15.4,16.25,185981,,,
2007-02-28,13.45,16.35,13.45,15.4,134300,,,
2007-03-01,15.45,15.8,15.15,15.65,110646,,,
2007-03-02,15.35,15.9,14.95,15.05,92113,,,
2007-03-05,14.95,15.0,14.15,14.8,173911,,,
2007-03-06,15.05,15.55,14.6,15.2,61642,,,
2007-03-07,15.4,15.5,14.3,14.5,151626,,,
2007-03-08,14.75,15.25,14.1,15.15,59398,,,
2007-03-09,15.25,15.55,14.7,15.2,56924,,,
2007-03-12,15.25,15.75,15.05,15.35,33610,,,
2007-03-13,15.15,15.7,15.15,15.25,43246,,,
2007-03-14,15.25,15.35,14.35,14.7,86074,,,
2007-03-15,14.9,15.25,14.55,14.6,41661,,,
2007-03-16,14.6,14.85,14.15,14.3,70395,,,
2007-03-19,14.35,14.85,14.3,14.75,17285,,,
2007-03-20,14.75,15.5,14.65,15.4,143506,,,
2007-03-21,15.45,15.5,15.05,15.2,73788,,,
2007-03-22,15.25,15.6,15.2,15.3,95437,,,
2007-03-23,15.35,15.9,15.1,15.65,106442,,,
2007-03-26,15.75,15.9,15.3,15.35,62903,,,
2007-03-28,14.75,15.45,14.75,15.15,29692,,,
2007-03-29,15.25,15.65,14.8,14.95,91800,,,
2007-03-30,14.85,15.25,14.6,15.2,141724,,,
2007-04-02,14.85,15.0,14.5,14.75,63310,,,
2007-04-03,14.75,15.5,14.55,15.3,144142,,,
2007-04-04,15.55,16.15,15.2,16.0,143551,,,
2007-04-05,15.95,16.85,15.7,16.7,207129,,,
2007-04-09,16.8,17.7,16.8,17.35,202765,,,
2007-04-10,17.4,17.6,16.7,16.95,293565,,,
2007-04-11,16.95,17.35,16.7,16.75,145994,,,
2007-04-12,16.8,16.8,16.5,16.6,69147,,,
2007-04-13,16.65,17.15,16.5,17.1,60850,,,
2007-04-16,17.15,17.9,17.15,17.85,174720,,,
2007-04-17,17.9,18.15,16.75,16.85,331097,,,
2007-04-18,17.0,17.5,16.75,17.1,319755,,,
2007-04-19,16.75,17.6,16.65,17.55,206314,,,
2007-04-20,17.6,17.75,17.2,17.35,169259,,,
2007-04-23,17.25,17.55,17.0,17.1,89403,,,
2007-04-24,16.7,17.15,16.6,16.65,286609,,,
2007-04-25,16.75,17.05,16.25,16.75,157218,,,
2007-04-26,16.9,17.1,16.35,16.75,176992,,,
2007-04-27,16.9,17.25,16.7,17.05,93397,,,
2007-04-30,17.05,17.45,16.9,17.35,89061,,,
2007-05-03,17.4,17.8,17.25,17.6,122194,,,
2007-05-04,17.7,17.85,17.3,17.4,52693,,,
2007-05-07,17.6,17.6,17.1,17.1,42544,,,
2007-05-08,17.0,17.3,16.75,16.9,52613,,,
2007-05-09,16.85,16.95,16.4,16.7,102312,,,
2007-05-10,16.75,17.0,16.4,16.5,71770,,,
2007-05-11,16.4,16.9,15.45,16.7,104233,,,
2007-05-14,16.95,17.1,16.65,16.75,30827,,,
2007-05-15,16.6,16.9,16.5,16.75,42725,,,
2007-05-16,16.65,17.15,16.25,17.0,215817,,,
2007-05-17,17.0,17.55,16.85,16.9,86612,,,
2007-05-18,16.75,17.0,16.5,16.85,47816,,,
2007-05-21,16.9,17.3,16.75,17.1,86166,,,
2007-05-22,17.1,17.3,16.7,17.25,88329,,,
2007-05-23,17.65,17.65,16.9,17.25,166171,,,
2007-05-24,17.1,17.4,17.0,17.15,44197,,,
2007-05-25,16.8,17.35,16.4,17.1,51910,,,
2007-05-28,17.5,17.7,17.15,17.6,81516,,,
2007-05-29,17.6,17.85,17.45,17.6,84968,,,
2007-05-30,17.45,18.55,17.2,18.35,330603,,,
2007-05-31,18.55,18.75,18.1,18.25,330986,,,
2007-06-01,18.5,19.25,18.35,19.1,337727,,,
2007-06-04,19.2,19.9,18.45,18.5,187079,,,
2007-06-05,18.55,18.9,18.1,18.6,78709,,,
2007-06-06,19.15,19.15,18.1,18.15,89306,,,
2007-06-07,17.5,18.4,17.5,18.1,102427,,,
2007-06-08,17.7,18.75,17.55,18.25,92733,,,
2007-06-11,18.35,18.7,18.2,18.55,80612,,,
2007-06-12,18.6,19.05,17.9,18.3,454439,,,
2007-06-13,18.3,18.55,18.0,18.15,94582,,,
2007-06-14,18.35,18.5,18.2,18.35,52151,,,
2007-06-15,18.4,18.6,18.25,18.35,82592,,,
2007-06-18,18.55,18.6,18.25,18.3,45353,,,
2007-06-19,18.3,18.4,18.0,18.3,68182,,,
2007-06-20,18.55,18.75,18.25,18.65,109646,,,
2007-06-21,18.75,19.05,18.7,18.9,122996,,,
2007-06-22,18.95,19.3,18.9,19.0,181831,,,
2007-06-25,19.0,19.15,18.35,19.05,110751,,,
2007-06-26,19.05,19.25,18.85,18.9,85944,,,
2007-06-27,18.95,19.2,18.45,18.6,42652,,,
2007-06-28,18.75,18.8,18.2,18.35,161591,,,
2007-06-29,18.55,18.7,18.45,18.5,79594,,,
2007-07-02,18.7,19.55,18.6,19.25,193713,,,
2007-07-03,19.3,19.7,19.2,19.3,90931,,,
2007-07-04,19.45,19.45,18.95,19.15,82544,,,
2007-07-05,19.25,19.7,18.65,18.95,61258,,,
2007-07-06,18.8,19.25,18.7,18.75,116741,,,
2007-07-09,18.95,18.95,18.65,18.7,51645,,,
2007-07-10,18.8,18.8,18.25,18.35,240849,,,
2007-07-11,17.95,18.55,17.95,18.25,85139,,,
2007-07-12,18.45,18.55,18.15,18.25,130277,,,
2007-07-13,18.5,18.55,18.3,18.4,176166,,,
2007-07-16,18.3,18.8,18.25,18.55,56387,,,
2007-07-17,18.7,18.9,18.45,18.45,72323,,,
2007-07-18,18.45,18.55,18.05,18.2,56051,,,
2007-07-19,18.5,18.5,18.15,18.25,37552,,,
2007-07-20,18.45,18.55,18.3,18.35,58127,,,
2007-07-23,18.35,18.9,18.2,18.8,98972,,,
2007-07-24,18.85,19.1,18.45,18.6,75486,,,
2007-07-25,18.35,18.8,18.15,18.5,60209,,,
2007-07-26,18.4,18.7,18.15,18.25,151896,,,
2007-07-27,18.1,18.1,17.4,17.5,108129,,,
2007-07-30,17.3,17.75,17.0,17.35,93200,,,
2007-07-31,17.7,18.0,16.6,17.85,85630,,,
2007-08-01,17.4,17.4,16.35,16.5,170055,,,
2007-08-02,16.75,16.75,16.25,16.55,77473,,,
2007-08-03,16.75,17.05,16.7,16.9,95677,,,
2007-08-06,16.7,17.35,16.05,17.1,52972,,,
2007-08-07,17.15,17.45,16.9,17.0,95730,,,
2007-08-08,17.1,17.65,16.65,17.05,35075,,,
2007-08-09,17.2,17.35,16.55,16.6,41531,,,
2007-08-10,16.6,17.6,15.75,16.95,97383,,,
2007-08-13,17.1,17.15,16.75,16.9,30737,,,
2007-08-14,16.85,16.95,16.75,16.9,11385,,,
2007-08-16,16.35,16.9,16.05,16.35,85141,,,
2007-08-17,16.65,16.85,15.7,16.45,70682,,,
2007-08-20,16.7,17.05,16.55,16.8,60771,,,
2007-08-21,16.9,16.9,16.3,16.4,16356,,,
2007-08-22,16.4,16.6,16.2,16.4,54206,,,
2007-08-23,17.15,17.25,16.4,16.55,134479,,,
2007-08-24,16.45,16.85,16.45,16.75,38342,,,
2007-08-27,16.9,17.25,16.7,17.15,62459,,,
2007-08-28,17.4,17.4,16.75,17.3,23060,,,
2007-08-29,17.05,17.65,16.8,17.25,67827,,,
2007-08-30,17.6,17.6,16.75,16.85,114296,,,
2007-08-31,16.85,17.25,16.7,17.15,101779,,,
2007-09-03,17.15,17.75,17.15,17.7,60886,,,
2007-09-04,17.7,18.1,17.7,17.9,81669,,,
2007-09-05,17.85,18.1,17.55,17.65,44807,,,
2007-09-06,17.55,17.75,17.4,17.45,22180,,,
2007-09-07,17.55,17.6,17.35,17.4,130161,,,
2007-09-10,17.35,17.85,17.2,17.75,40947,,,
2007-09-11,17.85,17.9,17.55,17.75,62287,,,
2007-09-12,17.75,17.95,17.7,17.75,65402,,,
2007-09-13,17.8,18.1,17.75,17.8,48660,,,
2007-09-14,17.9,18.1,17.55,17.6,15469,,,
2007-09-17,17.6,17.9,17.6,17.85,61424,,,
2007-09-18,17.85,18.6,17.85,18.55,121983,,,
2007-09-19,18.5,19.2,18.3,18.4,69295,,,
2007-09-20,18.5,18.7,18.25,18.3,54281,,,
2007-09-21,18.35,18.5,18.3,18.4,43288,,,
2007-09-24,18.25,18.5,18.05,18.35,100348,,,
2007-09-25,18.35,18.4,18.0,18.25,66603,,,
2007-09-26,18.2,18.45,18.1,18.3,51780,,,
2007-09-27,18.45,18.8,18.2,18.45,129207,,,
2007-09-28,18.55,18.65,18.4,18.6,45507,,,
2007-10-01,18.45,18.65,18.4,18.5,26850,,,
2007-10-03,18.75,18.95,18.15,18.35,125099,,,
2007-10-04,18.4,19.4,18.2,19.25,68984,,,
2007-10-05,19.6,20.1,18.95,19.25,183378,,,
2007-10-08,18.95,19.55,17.9,18.1,80245,,,
2007-10-09,17.75,18.4,17.75,18.35,77475,,,
2007-10-10,18.4,19.1,18.2,18.8,105653,,,
2007-10-11,18.85,19.45,18.4,19.4,72693,,,
2007-10-12,19.35,19.6,18.8,19.3,99881,,,
2007-10-15,19.2,19.65,19.2,19.5,127974,,,
2007-10-16,19.15,19.7,18.85,19.1,70507,,,
2007-10-17,18.4,18.7,16.65,18.25,72599,,,
2007-10-18,18.2,19.4,17.75,18.1,226142,,,
2007-10-19,17.9,18.1,17.55,17.85,74569,,,
2007-10-22,17.7,18.6,17.65,18.1,139794,,,
2007-10-23,18.7,18.9,18.35,18.7,86116,,,
2007-10-24,19.1,19.1,18.6,18.95,36716,,,
2007-10-25,19.0,20.15,18.8,19.95,105895,,,
2007-10-26,19.95,21.9,19.85,20.15,268315,,,
2007-10-29,20.2,20.35,19.1,19.2,123048,,,
2007-10-30,19.3,19.7,18.45,18.5,128454,,,
2007-10-31,18.5,18.9,18.35,18.45,185673,,,
2007-11-01,18.75,18.85,18.1,18.55,69556,,,
2007-11-02,18.3,18.8,18.2,18.75,79935,,,
2007-11-05,18.3,19.6,18.3,19.1,84122,,,
2007-11-06,19.25,19.25,18.6,19.1,56598,,,
2007-11-07,19.2,19.45,18.7,19.0,32681,,,
2007-11-08,18.5,19.1,18.4,18.65,9321,,,
2007-11-09,18.85,19.05,18.25,18.65,810,,,
2007-11-12,18.5,19.05,18.1,18.45,26410,,,
2007-11-13,18.5,20.25,18.3,19.75,139900,,,
2007-11-14,20.0,20.65,19.45,19.65,81789,,,
2007-11-15,19.7,19.9,18.9,19.1,65117,,,
2007-11-16,19.1,19.9,18.95,19.25,56828,,,
2007-11-19,19.2,19.8,19.2,19.65,47677,,,
2007-11-20,19.65,19.7,19.15,19.35,48298,,,
2007-11-21,18.7,19.7,18.4,18.65,20489,,,
2007-11-22,19.0,19.05,18.0,18.25,62456,,,
2007-11-23,18.55,18.7,18.2,18.45,60197,,,
2007-11-26,18.55,18.8,18.15,18.3,44408,,,
2007-11-27,18.4,18.55,18.2,18.3,21857,,,
2007-11-28,18.25,18.55,18.2,18.25,105704,,,
2007-11-29,18.6,18.6,17.7,18.1,164124,,,
2007-11-30,18.2,18.5,17.2,17.9,98648,,,
2007-12-03,18.2,18.9,18.2,18.65,145865,,,
2007-12-04,18.85,18.9,18.6,18.65,98858,,,
2007-12-05,18.65,19.2,18.35,18.75,25859,,,
2007-12-06,18.85,19.05,18.6,18.65,78309,,,
2007-12-07,18.95,19.05,18.55,18.8,33269,,,
2007-12-10,18.6,19.0,18.6,18.7,13736,,,
2007-12-11,18.55,19.05,18.5,18.6,66583,,,
2007-12-12,18.4,18.7,18.4,18.6,45321,,,
2007-12-13,18.9,19.0,18.4,18.6,49852,,,
2007-12-14,18.75,18.8,18.45,18.6,67678,,,
2007-12-17,18.9,19.0,17.75,18.0,108781,,,
2007-12-18,17.75,18.75,17.7,18.65,32068,,,
2007-12-19,18.7,19.0,18.1,18.35,15399,,,
2007-12-20,18.75,18.95,18.3,18.5,53801,,,
2007-12-24,18.4,18.95,18.4,18.65,31047,,,
2007-12-26,18.9,19.6,18.5,19.4,70117,,,
2007-12-27,19.7,20.1,19.45,19.95,88462,,,
2007-12-28,20.0,21.3,20.0,21.2,87950,,,
2007-12-31,20.45,21.7,20.45,21.3,59241,,,
2008-01-01,21.5,21.5,21.0,21.4,46587,,,
2008-01-02,21.4,21.85,21.0,21.3,45697,,,
2008-01-03,21.3,21.6,20.75,20.9,19185,,,
2008-01-04,21.45,21.45,20.6,20.75,16492,,,
2008-01-07,20.1,21.05,20.1,20.6,23302,,,
2008-01-08,20.6,21.25,20.2,20.3,79927,,,
2008-01-09,20.35,20.4,19.65,19.8,45407,,,
2008-01-10,19.85,20.0,18.95,19.35,156957,,,
2008-01-11,19.4,19.4,18.55,18.8,47334,,,
2008-01-14,18.7,19.3,18.7,19.15,101512,,,
2008-01-15,18.9,19.25,18.9,19.0,24082,,,
2008-01-16,18.7,20.0,18.4,19.1,46942,,,
2008-01-17,19.1,19.5,18.9,19.0,20842,,,
2008-01-18,18.7,19.0,17.75,18.35,24288,,,
2008-01-21,17.75,18.2,17.15,17.8,50531,,,
2008-01-22,17.45,18.2,14.35,15.8,108161,,,
2008-01-23,16.35,19.2,16.15,18.4,71962,,,
2008-01-24,18.0,19.2,16.65,17.65,37802,,,
2008-01-25,18.0,19.35,17.7,18.9,48883,,,
2008-01-28,17.7,18.1,16.15,17.15,131216,,,
2008-01-29,17.1,17.5,16.3,16.45,34701,,,
2008-01-30,16.65,16.65,15.6,16.3,61585,,,
2008-01-31,16.65,16.65,15.2,15.55,225049,,,
2008-02-01,15.85,16.2,15.2,15.75,51606,,,
2008-02-04,16.0,16.65,15.95,16.15,36418,,,
2008-02-05,16.15,16.3,15.7,15.8,20283,,,
2008-02-06,15.65,15.75,15.1,15.35,29356,,,
2008-02-07,15.15,15.4,14.45,14.55,51367,,,
2008-02-08,14.75,14.75,13.85,14.15,17222,,,
2008-02-11,14.55,15.15,13.15,14.4,61788,,,
2008-02-12,14.55,14.55,13.75,14.2,17649,,,
2008-02-13,14.2,14.55,13.4,14.55,34771,,,
2008-02-14,14.9,15.45,14.55,15.1,20001,,,
2008-02-15,14.8,15.3,14.75,15.1,47020,,,
2008-02-18,15.25,15.6,15.1,15.2,41264,,,
2008-02-19,15.45,15.45,14.85,14.95,12515,,,
2008-02-20,15.15,15.15,14.65,14.8,55127,,,
2008-02-21,15.0,15.25,14.25,14.3,17426,,,
2008-02-22,14.2,14.8,14.1,14.7,27102,,,
2008-02-25,14.75,15.0,14.35,14.5,53716,,,
2008-02-26,14.6,14.7,14.45,14.6,141710,,,
2008-02-27,14.6,14.95,14.5,14.65,42260,,,
2008-02-28,14.65,14.95,14.3,14.65,141897,,,
2008-02-29,14.5,15.2,14.15,14.5,105103,,,
2008-03-03,14.25,14.75,13.6,13.95,64056,,,
2008-03-04,14.15,14.15,13.25,13.4,165074,,,
2008-03-05,13.25,13.65,13.25,13.5,12084,,,
2008-03-07,13.5,14.2,12.6,13.2,29447,,,
2008-03-10,12.65,13.6,12.65,13.4,17817,,,
2008-03-11,13.15,14.05,13.0,13.2,117943,,,
2008-03-12,13.55,13.75,13.45,13.5,112908,,,
2008-03-13,13.3,13.75,12.75,13.05,83660,,,
2008-03-14,12.75,13.25,12.65,12.9,18298,,,
2008-03-17,12.15,13.65,12.15,12.5,58107,,,
2008-03-18,12.55,13.15,12.3,12.45,65379,,,
2008-03-19,13.1,13.1,11.75,12.1,115355,,,
2008-03-24,12.75,12.75,11.8,11.95,11978,,,
2008-03-25,12.45,12.6,11.9,12.0,23176,,,
2008-03-26,12.6,12.6,11.75,12.0,24267,,,
2008-03-27,12.1,12.25,11.1,11.25,150262,,,
2008-03-28,10.8,11.7,10.8,11.15,247276,,,
2008-03-31,11.15,11.55,10.55,10.8,185302,,,
2008-04-01,11.2,11.25,10.65,11.2,116200,,,
2008-04-02,10.9,11.6,10.9,11.1,88683,,,
2008-04-03,11.15,11.55,10.9,11.45,256033,,,
2008-04-04,11.75,11.95,11.4,11.9,216112,,,
2008-04-07,12.1,12.1,11.8,11.95,286724,,,
2008-04-08,12.1,12.1,11.45,11.75,120746,,,
2008-04-09,11.9,12.0,11.55,11.65,153191,,,
2008-04-10,11.65,11.8,11.5,11.7,141317,,,
2008-04-11,11.9,12.0,11.7,11.85,149874,,,
2008-04-15,11.55,11.9,11.35,11.75,43917,,,
2008-04-16,12.1,12.45,11.9,12.05,61356,,,
2008-04-17,12.3,12.6,12.05,12.25,92938,,,
2008-04-21,12.25,12.7,12.25,12.55,57266,,,
2008-04-22,12.55,12.8,12.35,12.4,22765,,,
2008-04-23,12.6,12.6,12.4,12.5,52865,,,
2008-04-24,12.6,12.65,12.0,12.15,44216,,,
2008-04-25,12.4,12.45,12.0,12.15,24529,,,
2008-04-28,12.55,13.25,12.45,13.1,117376,,,
2008-04-29,13.2,13.65,13.15,13.5,172914,,,
2008-04-30,13.65,13.7,13.15,13.45,52193,,,
2008-05-02,13.55,14.15,13.15,13.3,27718,,,
2008-05-05,13.35,13.5,12.95,13.1,22325,,,
2008-05-06,13.15,13.4,12.75,13.25,68077,,,
2008-05-07,13.1,13.35,10.65,12.4,234659,,,
2008-05-08,12.4,12.55,11.8,12.35,35086,,,
2008-05-09,12.15,12.5,12.15,12.4,100492,,,
2008-05-12,12.45,12.6,12.15,12.35,53058,,,
2008-05-13,12.55,12.6,12.3,12.5,40998,,,
2008-05-14,12.5,12.8,12.25,12.75,64729,,,
2008-05-15,12.75,13.1,12.6,12.8,13961,,,
2008-05-16,13.0,13.1,12.65,12.8,44555,,,
2008-05-20,12.7,12.9,12.55,12.75,42535,,,
2008-05-21,12.85,13.0,12.6,12.7,65324,,,
2008-05-22,12.7,13.0,12.4,12.6,65845,,,
2008-05-23,12.65,12.65,12.45,12.55,17720,,,
2008-05-26,12.45,12.6,11.75,11.9,43449,,,
2008-05-27,12.1,12.1,11.45,11.6,77047,,,
2008-05-28,11.8,11.9,10.85,11.4,186925,,,
2008-05-29,11.6,12.05,11.35,11.7,175867,,,
2008-05-30,11.65,12.25,11.2,11.65,326543,,,
2008-06-02,11.9,12.15,11.4,11.6,32962,,,
2008-06-03,11.4,11.75,10.9,11.65,42243,,,
2008-06-04,11.4,11.7,11.25,11.45,58866,,,
2008-06-05,11.4,11.65,11.25,11.6,16916,,,
2008-06-06,11.4,11.8,11.4,11.55,11922,,,
2008-06-09,11.0,11.4,10.9,11.1,11303,,,
2008-06-10,10.95,11.4,10.95,11.05,19011,,,
2008-06-11,11.25,11.6,11.0,11.05,9249,,,
2008-06-12,11.55,11.55,10.75,11.05,51956,,,
2008-06-13,11.1,11.65,11.0,11.55,27184,,,
2008-06-16,11.8,11.85,11.4,11.55,28302,,,
2008-06-17,11.65,12.1,11.5,11.9,27569,,,
2008-06-18,11.95,12.25,11.85,12.1,15922,,,
2008-06-19,11.75,12.4,11.6,11.9,25668,,,
2008-06-20,11.85,12.1,11.25,11.45,13000,,,
2008-06-23,12.0,12.0,11.0,11.25,17113,,,
2008-06-24,10.65,11.25,10.6,10.7,34381,,,
2008-06-25,10.45,10.95,10.45,10.85,20556,,,
2008-06-26,10.9,11.1,10.5,10.7,28194,,,
2008-06-27,10.3,10.75,10.2,10.4,8490,,,
2008-06-30,10.5,10.65,10.2,10.25,13476,,,
2008-07-01,10.25,10.55,9.6,9.65,13605,,,
2008-07-02,9.75,10.2,9.6,10.1,25913,,,
2008-07-03,10.05,10.1,9.7,10.1,14060,,,
2008-07-04,9.95,10.2,9.9,10.1,24014,,,
2008-07-07,10.2,10.3,9.8,9.9,23265,,,
2008-07-08,9.65,10.6,9.6,10.35,33326,,,
2008-07-09,10.6,11.3,10.6,11.1,57722,,,
2008-07-10,10.6,11.3,10.6,10.85,70934,,,
2008-07-11,10.65,11.2,10.25,10.4,34355,,,
2008-07-14,10.4,10.8,10.15,10.6,15725,,,
2008-07-15,10.5,10.55,9.85,10.15,66396,,,
2008-07-16,10.0,10.3,9.7,10.25,21974,,,
2008-07-17,10.6,10.6,10.2,10.4,5717,,,
2008-07-18,10.35,10.7,10.25,10.7,12819,,,
2008-07-21,10.5,11.0,10.2,10.35,13293,,,
2008-07-22,10.5,10.95,10.3,10.7,137864,,,
2008-07-23,11.1,11.6,11.1,11.45,72496,,,
2008-07-24,11.6,11.9,11.3,11.75,12066,,,
2008-07-25,11.65,11.7,11.45,11.65,6100,,,
2008-07-28,11.7,12.1,11.45,11.75,30412,,,
2008-07-29,11.45,11.75,9.75,9.85,130113,,,
2008-07-30,9.85,10.3,9.35,10.0,212624,,,
2008-07-31,10.1,10.1,9.8,9.8,119070,,,
2008-08-01,9.85,10.0,9.75,9.8,147839,,,
2008-08-04,9.85,9.85,9.7,9.8,105909,,,
2008-08-05,9.75,9.95,9.7,9.8,97314,,,
2008-08-06,9.95,10.1,9.85,9.9,54812,,,
2008-08-07,9.95,10.0,9.8,9.9,64002,,,
2008-08-08,9.85,9.85,9.75,9.8,213830,,,
2008-08-11,9.8,10.1,9.75,9.8,121857,,,
2008-08-12,9.85,10.05,9.75,9.8,63697,,,
2008-08-13,9.85,9.9,9.7,9.9,179156,,,
2008-08-14,9.8,10.0,9.7,9.75,160395,,,
2008-08-18,9.9,9.9,9.6,9.7,103561,,,
2008-08-19,9.6,9.75,9.5,9.5,14797,,,
2008-08-20,9.55,9.65,9.45,9.5,13994,,,
2008-08-21,9.45,9.6,9.4,9.45,63445,,,
2008-08-22,9.35,9.55,9.25,9.45,11584,,,
2008-08-25,9.5,9.9,9.2,9.5,16270,,,
2008-08-26,9.45,9.55,9.4,9.4,53854,,,
2008-08-27,9.6,9.6,9.4,9.4,12063,,,
2008-08-28,9.4,9.5,9.1,9.15,36595,,,
2008-08-29,9.3,9.4,9.2,9.35,12125,,,
2008-09-01,9.3,9.35,9.2,9.3,5425,,,
2008-09-02,9.35,9.6,9.3,9.6,12716,,,
2008-09-04,9.4,9.6,9.4,9.5,21630,,,
2008-09-05,9.35,9.6,9.25,9.55,13994,,,
2008-09-08,10.1,10.1,9.75,9.85,35091,,,
2008-09-09,9.85,9.85,9.65,9.8,17664,,,
2008-09-10,9.3,9.8,9.3,9.65,9975,,,
2008-09-11,9.65,9.65,9.4,9.5,7781,,,
2008-09-12,9.4,9.6,9.3,9.4,22825,,,
2008-09-15,9.3,9.7,8.85,9.05,29652,,,
2008-09-16,9.05,9.05,8.3,8.85,66819,,,
2008-09-17,8.9,9.05,8.8,8.9,16731,,,
2008-09-18,8.85,8.85,8.55,8.8,47122,,,
2008-09-19,8.9,9.4,8.9,9.15,25587,,,
2008-09-22,9.15,9.35,8.9,8.95,6481,,,
2008-09-23,8.7,8.95,8.7,8.8,116815,,,
2008-09-24,8.8,9.1,8.7,9.05,15868,,,
2008-09-25,8.9,9.2,8.85,8.95,47263,,,
2008-09-26,8.9,8.95,8.7,8.8,19895,,,
2008-09-29,9.0,9.05,8.65,8.75,33047,,,
2008-09-30,8.6,9.2,8.35,9.05,36360,,,
2008-10-01,9.2,9.45,8.8,8.9,101890,,,
2008-10-03,8.9,9.05,8.65,8.7,42771,,,
2008-10-06,8.7,8.75,8.4,8.5,21479,,,
2008-10-07,8.5,8.5,8.1,8.2,77667,,,
2008-10-08,7.85,8.1,7.6,8.1,16888,,,
2008-10-10,7.6,7.85,7.15,7.65,140224,,,
2008-10-13,7.7,7.9,7.6,7.7,30986,,,
2008-10-14,8.1,8.1,7.6,7.65,20721,,,
2008-10-15,7.55,7.6,7.25,7.35,31332,,,
2008-10-16,7.15,7.45,6.8,7.25,16732,,,
2008-10-17,7.15,7.3,6.75,6.9,159310,,,
2008-10-20,6.85,7.1,6.7,6.75,6747,,,
2008-10-21,6.8,7.1,6.75,6.95,289527,,,
2008-10-22,6.9,6.9,6.7,6.75,66955,,,
2008-10-23,6.7,6.7,6.45,6.5,70573,,,
2008-10-24,6.4,6.5,5.9,6.0,22380,,,
2008-10-27,5.95,6.35,5.55,6.1,18608,,,
2008-10-28,6.4,6.55,6.1,6.3,3449,,,
2008-10-29,6.25,6.55,5.55,5.75,82990,,,
2008-10-31,5.9,6.25,5.8,6.15,31486,,,
2008-11-03,6.25,6.5,6.2,6.4,40798,,,
2008-11-04,6.55,6.75,6.3,6.65,28106,,,
2008-11-05,6.9,6.95,6.6,6.85,21860,,,
2008-11-06,6.6,6.65,6.35,6.5,8287,,,
2008-11-07,6.4,6.75,6.4,6.7,8064,,,
2008-11-10,6.75,6.9,6.6,6.75,10056,,,
2008-11-11,7.7,7.7,6.6,6.65,103335,,,
2008-11-12,6.55,6.65,6.4,6.6,2918,,,
2008-11-14,6.5,6.75,6.45,6.65,18586,,,
2008-11-17,6.45,6.75,6.4,6.55,6702,,,
2008-11-18,6.4,6.55,6.4,6.5,6724,,,
2008-11-19,6.6,6.65,6.3,6.4,14066,,,
2008-11-20,6.4,6.4,5.9,6.0,9887,,,
2008-11-21,6.15,6.15,5.85,5.95,12163,,,
2008-11-24,5.95,6.05,5.75,5.9,11897,,,
2008-11-25,6.2,6.2,5.75,5.85,12514,,,
2008-11-26,5.85,5.85,5.5,5.6,25337,,,
2008-11-28,5.7,5.75,5.55,5.7,10978,,,
2008-12-01,5.95,5.95,5.6,5.8,18182,,,
2008-12-02,5.8,6.2,5.6,6.1,19633,,,
2008-12-03,6.25,6.45,6.15,6.35,44959,,,
2008-12-04,6.35,6.85,6.35,6.75,79943,,,
2008-12-05,6.75,7.25,6.7,7.1,40193,,,
2008-12-08,7.25,7.55,7.1,7.35,95998,,,
2008-12-10,7.5,7.55,7.1,7.25,102414,,,
2008-12-11,7.1,7.3,7.0,7.1,222722,,,
2008-12-12,6.95,7.1,6.85,6.95,24119,,,
2008-12-15,6.9,7.25,6.9,7.15,117169,,,
2008-12-16,7.15,7.25,7.0,7.15,91290,,,
2008-12-17,7.25,7.3,6.95,7.05,25184,,,
2008-12-18,6.9,7.9,6.7,7.2,208779,,,
2008-12-19,7.25,7.35,7.1,7.15,88193,,,
2008-12-22,7.25,7.25,6.95,7.1,298686,,,
2008-12-23,7.05,7.2,7.0,7.15,46219,,,
2008-12-24,7.15,7.2,7.05,7.15,31876,,,
2008-12-26,7.25,7.25,6.9,6.95,9729,,,
2008-12-29,6.9,7.0,6.7,6.85,20129,,,
2008-12-30,6.8,7.35,6.75,7.2,61938,,,
2008-12-31,7.25,7.75,7.2,7.6,128927,,,
2009-01-01,7.55,7.85,7.55,7.8,67966,,,
2009-01-02,7.9,8.1,7.3,7.6,85545,,,
2009-01-05,7.65,7.85,7.45,7.65,33910,,,
2009-01-06,7.6,8.15,7.5,7.65,277109,,,
2009-01-07,7.85,8.0,7.6,7.8,34628,,,
2009-01-09,7.75,8.05,7.75,7.8,23570,,,
2009-01-12,7.75,7.9,7.7,7.75,26659,,,
2009-01-13,7.6,7.95,7.6,7.85,30238,,,
2009-01-14,7.9,8.0,7.8,7.9,30124,,,
2009-01-15,7.6,7.9,7.5,7.75,5707,,,
2009-01-16,7.75,8.2,7.75,7.9,18331,,,
2009-01-19,7.9,7.95,7.85,7.9,9183,,,
2009-01-20,7.75,8.15,7.75,8.1,47531,,,
2009-01-21,8.1,8.2,7.85,7.95,25994,,,
2009-01-22,8.05,8.05,7.75,7.9,11530,,,
2009-01-23,7.9,8.05,7.75,7.9,42168,,,
2009-01-27,7.75,8.05,7.75,7.8,33282,,,
2009-01-28,7.7,8.15,7.7,8.1,15857,,,
2009-01-29,8.15,8.3,7.9,8.15,45689,,,
2009-01-30,8.05,8.45,8.0,8.3,34128,,,
2009-02-02,8.35,8.65,8.25,8.65,75145,,,
2009-02-03,8.4,8.8,8.35,8.7,71304,,,
2009-02-04,8.7,8.9,8.55,8.8,37239,,,
2009-02-05,8.85,8.85,8.45,8.6,24819,,,
2009-02-06,8.75,8.75,8.5,8.6,27653,,,
2009-02-09,8.6,8.75,8.5,8.65,21392,,,
2009-02-10,8.65,9.1,8.65,9.0,63625,,,
2009-02-11,8.85,9.25,8.85,9.15,37150,,,
2009-02-12,9.1,9.25,8.75,8.8,40522,,,
2009-02-13,8.85,9.1,8.7,8.95,38082,,,
2009-02-16,8.95,9.25,8.9,9.05,35704,,,
2009-02-17,9.05,9.05,8.7,8.8,17497,,,
2009-02-18,8.7,8.95,8.7,8.9,23482,,,
2009-02-19,8.9,9.1,8.9,9.0,11737,,,
2009-02-20,8.95,8.95,8.7,8.9,11376,,,
2009-02-24,8.75,8.85,8.4,8.5,44390,,,
2009-02-25,8.4,8.85,8.4,8.8,30597,,,
2009-02-26,8.75,9.05,8.65,8.8,47752,,,
2009-02-27,8.8,8.8,8.65,8.7,11256,,,
2009-03-02,8.45,8.65,8.45,8.5,28698,,,
2009-03-03,8.45,8.6,8.45,8.5,17102,,,
2009-03-04,8.6,8.7,8.4,8.65,93770,,,
2009-03-05,8.7,8.7,8.4,8.6,16658,,,
2009-03-06,8.55,8.75,8.35,8.7,98946,,,
2009-03-09,8.65,8.8,8.45,8.7,17502,,,
2009-03-12,8.8,8.8,8.4,8.45,126863,,,
2009-03-13,8.4,8.55,8.4,8.45,21340,,,
2009-03-16,8.4,8.55,8.4,8.4,23951,,,
2009-03-17,8.4,8.55,8.35,8.4,20537,,,
2009-03-18,8.3,8.45,8.25,8.3,11614,,,
2009-03-19,8.35,8.45,8.25,8.25,7803,,,
2009-03-20,8.1,8.35,8.1,8.25,11745,,,
2009-03-23,8.3,8.45,8.2,8.4,139160,,,
2009-03-24,8.5,8.65,8.35,8.35,30827,,,
2009-03-25,8.3,8.4,8.3,8.35,3058,,,
2009-03-26,8.35,8.75,8.35,8.65,38207,,,
2009-03-27,8.75,8.75,8.45,8.45,37160,,,
2009-03-30,8.4,8.85,8.35,8.75,22303,,,
2009-03-31,8.75,9.0,8.75,8.95,33969,,,
2009-04-01,8.95,9.2,8.9,9.05,28862,,,
2009-04-02,9.1,9.95,9.05,9.2,143616,,,
2009-04-06,9.1,9.5,9.0,9.5,117119,,,
2009-04-08,9.2,9.9,9.2,9.4,93557,,,
2009-04-09,9.5,9.6,9.3,9.4,13974,,,
2009-04-13,9.55,9.75,9.35,9.4,31387,,,
2009-04-15,9.3,10.0,9.3,9.8,136435,,,
2009-04-16,10.05,10.1,9.4,9.45,33457,,,
2009-04-17,9.6,9.75,9.45,9.5,24406,,,
2009-04-20,9.6,9.75,9.0,9.1,21828,,,
2009-04-21,8.6,9.5,8.35,9.4,99773,,,
2009-04-22,9.5,9.55,9.0,9.2,31148,,,
2009-04-23,9.2,9.5,8.9,9.4,18088,,,
2009-04-24,9.45,9.5,9.25,9.35,10619,,,
2009-04-27,9.1,9.6,9.1,9.4,26725,,,
2009-04-28,9.3,9.6,9.25,9.45,40849,,,
2009-04-29,9.45,9.8,9.45,9.65,24257,,,
2009-05-04,9.85,9.95,9.65,9.75,33693,,,
2009-05-05,9.8,9.95,9.75,9.9,69583,,,
2009-05-06,9.75,10.1,9.75,10.05,44481,,,
2009-05-07,10.1,10.5,10.05,10.3,52214,,,
2009-05-08,10.35,10.35,10.0,10.1,11289,,,
2009-05-11,10.1,10.3,9.75,9.8,19392,,,
2009-05-12,9.6,9.8,9.5,9.8,22983,,,
2009-05-13,9.8,9.95,9.7,9.85,8353,,,
2009-05-14,9.9,10.1,9.75,10.0,14032,,,
2009-05-15,10.0,10.1,9.95,10.05,222605,,,
2009-05-18,10.9,11.1,10.9,11.1,477,,,
2009-05-19,11.9,12.75,10.25,11.9,134909,,,
2009-05-20,11.6,12.65,11.45,12.45,272500,,,
2009-05-21,12.45,13.85,12.25,13.35,266794,,,
2009-05-22,13.3,13.95,12.9,13.35,132389,,,
2009-05-25,13.35,14.1,13.25,13.55,55784,,,
2009-05-26,13.6,13.65,12.85,13.1,59549,,,
2009-05-27,13.15,13.6,13.15,13.3,143435,,,
2009-05-28,13.15,13.4,12.7,12.9,59245,,,
2009-05-29,13.05,13.7,12.6,13.55,44578,,,
2009-06-01,13.75,13.95,13.15,13.2,50774,,,
2009-06-02,13.25,13.5,13.05,13.2,16790,,,
2009-06-03,13.1,13.3,12.95,13.05,40036,,,
2009-06-04,12.75,13.8,12.65,13.3,44606,,,
2009-06-05,13.45,14.85,13.15,14.1,309666,,,
2009-06-08,14.25,14.7,12.85,13.25,133560,,,
2009-06-09,13.0,13.3,12.75,13.1,88437,,,
2009-06-10,13.25,13.75,13.15,13.25,72211,,,
2009-06-11,13.35,13.85,13.1,13.5,77392,,,
2009-06-12,13.45,14.0,13.15,13.6,51949,,,
2009-06-15,13.6,14.15,13.2,13.8,43182,,,
2009-06-16,13.45,14.45,13.4,14.35,102586,,,
2009-06-17,14.45,14.6,13.0,13.2,147203,,,
2009-06-18,13.2,13.6,12.75,13.15,223520,,,
2009-06-19,13.25,13.6,13.1,13.3,44325,,,
2009-06-22,13.35,13.7,13.25,13.3,22860,,,
2009-06-23,12.85,13.55,12.75,13.45,21438,,,
2009-06-24,13.55,13.6,13.15,13.5,18167,,,
2009-06-25,13.4,13.9,13.25,13.4,86650,,,
2009-06-26,13.4,13.75,13.25,13.5,11233,,,
2009-06-29,13.35,14.25,13.35,13.85,88787,,,
2009-06-30,13.9,14.1,12.9,13.25,63511,,,
2009-07-01,13.4,14.25,13.25,13.9,49977,,,
2009-07-02,14.15,14.75,13.8,13.9,220711,,,
2009-07-03,13.85,14.25,13.55,14.0,73789,,,
2009-07-06,14.15,14.45,13.2,13.5,172448,,,
2009-07-07,13.4,13.75,13.25,13.65,61239,,,
2009-07-08,13.35,14.35,12.95,13.95,69101,,,
2009-07-09,13.9,14.2,13.8,14.05,65363,,,
2009-07-10,13.75,14.4,13.55,13.75,35532,,,
2009-07-13,13.65,13.85,13.15,13.3,12070,,,
2009-07-14,13.4,14.0,13.4,13.8,22544,,,
2009-07-15,13.85,14.55,13.65,14.2,29708,,,
2009-07-16,14.5,14.55,14.05,14.2,56775,,,
2009-07-17,14.35,14.4,14.0,14.15,211850,,,
2009-07-20,14.25,15.5,14.2,15.3,201256,,,
2009-07-21,15.4,15.6,15.05,15.25,128350,,,
2009-07-22,15.4,15.5,14.1,14.3,102924,,,
2009-07-23,14.55,14.75,13.85,14.05,166820,,,
2009-07-24,14.3,14.4,14.1,14.2,74218,,,
2009-07-27,14.4,15.25,14.4,14.85,91059,,,
2009-07-28,15.1,15.15,14.85,14.9,50007,,,
2009-07-29,14.85,14.95,14.0,14.35,55371,,,
2009-07-30,14.6,14.85,14.35,14.65,66308,,,
2009-07-31,14.9,15.2,14.7,14.85,71198,,,
2009-08-03,14.6,15.0,14.55,14.85,20208,,,
2009-08-04,14.85,15.25,14.8,15.05,52737,,,
2009-08-05,14.9,15.2,14.85,14.85,19563,,,
2009-08-06,14.95,15.05,14.45,14.6,30031,,,
2009-08-07,14.6,14.85,14.3,14.35,23869,,,
2009-08-10,14.35,14.85,14.2,14.5,27122,,,
2009-08-11,14.35,14.55,14.2,14.25,34297,,,
2009-08-12,14.2,14.55,13.95,14.25,36196,,,
2009-08-13,14.5,15.0,14.45,14.75,49811,,,
2009-08-14,14.85,15.15,14.7,15.1,45257,,,
2009-08-17,14.75,15.0,14.35,14.5,15425,,,
2009-08-18,14.8,14.85,14.2,14.8,13792,,,
2009-08-19,14.65,14.9,14.25,14.5,16876,,,
2009-08-20,14.6,14.8,14.6,14.65,7900,,,
2009-08-21,14.5,14.9,14.4,14.8,15174,,,
2009-08-24,14.95,15.1,14.75,14.85,26636,,,
2009-08-25,14.9,14.9,14.35,14.45,93145,,,
2009-08-26,14.5,14.75,14.3,14.35,87529,,,
2009-08-27,14.35,14.55,14.2,14.35,72951,,,
2009-08-28,14.35,14.55,14.3,14.35,134668,,,
2009-08-31,14.35,14.65,14.25,14.4,42416,,,
2009-09-01,14.5,14.65,13.9,14.1,244866,,,
2009-09-02,13.9,14.35,13.8,14.1,167247,,,
2009-09-03,14.15,14.35,14.1,14.1,11596,,,
2009-09-04,14.15,14.25,14.0,14.15,46658,,,
2009-09-07,14.2,14.35,14.15,14.25,35123,,,
2009-09-08,14.35,14.35,14.1,14.2,470415,,,
2009-09-09,14.2,14.35,14.1,14.15,246878,,,
2009-09-10,14.35,14.35,13.9,14.0,17695,,,
2009-09-11,14.15,14.15,13.75,13.85,109442,,,
2009-09-14,13.75,14.1,13.65,14.05,18990,,,
2009-09-15,14.1,14.25,13.85,13.95,32522,,,
2009-09-16,14.0,14.25,13.85,13.9,24438,,,
2009-09-17,14.05,14.15,13.9,13.95,35505,,,
2009-09-18,14.05,14.2,13.85,14.1,32303,,,
2009-09-22,14.15,14.55,14.15,14.45,70550,,,
2009-09-23,14.25,14.6,14.25,14.45,167519,,,
2009-09-24,14.3,14.55,14.25,14.4,39888,,,
2009-09-25,14.15,14.55,14.15,14.35,65325,,,
2009-09-29,14.25,14.6,14.15,14.35,108505,,,
2009-09-30,14.3,15.6,14.15,15.5,152998,,,
2009-10-01,15.35,16.2,15.1,15.9,115548,,,
2009-10-05,15.55,16.6,15.2,16.45,221955,,,
2009-10-06,16.45,16.75,15.65,16.2,124743,,,
2009-10-07,16.2,16.45,15.85,16.0,59315,,,
2009-10-08,16.1,16.1,15.5,15.85,48501,,,
2009-10-09,16.1,16.1,15.15,15.35,27192,,,
2009-10-12,14.95,15.85,14.95,15.7,60362,,,
2009-10-14,15.65,15.85,15.5,15.6,27384,,,
2009-10-15,15.85,15.85,15.35,15.6,13161,,,
2009-10-16,15.75,15.75,15.25,15.3,43861,,,
2009-10-17,15.5,16.0,15.25,15.9,21615,,,
2009-10-20,15.95,16.05,15.35,15.45,34278,,,
2009-10-21,15.15,15.8,14.95,15.3,27157,,,
2009-10-22,15.3,15.8,15.1,15.35,48668,,,
2009-10-23,15.4,15.75,15.35,15.45,17171,,,
2009-10-26,15.4,15.65,15.0,15.25,18258,,,
2009-10-27,15.05,15.15,14.65,14.8,21201,,,
2009-10-28,14.6,14.8,14.35,14.6,14761,,,
2009-10-29,14.35,14.55,14.05,14.1,32934,,,
2009-10-30,14.3,14.65,13.95,14.4,57485,,,
2009-11-03,14.8,15.4,14.5,14.95,118982,,,
2009-11-04,15.2,15.5,15.1,15.4,33601,,,
2009-11-05,15.55,16.4,15.45,16.35,95081,,,
2009-11-06,16.85,16.85,16.1,16.25,39788,,,
2009-11-09,16.55,16.55,16.05,16.1,16491,,,
2009-11-10,16.25,16.4,15.85,16.05,35472,,,
2009-11-11,16.1,16.55,15.9,16.4,53821,,,
2009-11-12,16.3,16.65,16.05,16.2,34577,,,
2009-11-13,16.15,16.4,16.1,16.2,29141,,,
2009-11-16,16.35,16.4,16.0,16.1,35040,,,
2009-11-17,16.05,16.35,16.0,16.25,34209,,,
2009-11-18,16.25,16.6,16.1,16.5,93090,,,
2009-11-19,16.6,16.65,15.7,15.85,77015,,,
2009-11-20,15.75,15.95,15.45,15.9,30075,,,
2009-11-23,15.9,16.75,15.75,16.65,89929,,,
2009-11-24,16.75,17.3,16.6,17.0,109018,,,
2009-11-25,17.1,17.6,16.95,17.45,96664,,,
2009-11-26,17.45,17.65,17.25,17.3,57482,,,
2009-11-27,17.15,17.95,16.8,17.85,143384,,,
2009-11-30,18.1,18.35,17.8,18.1,98514,,,
2009-12-01,18.25,18.5,18.15,18.3,148019,,,
2009-12-02,18.4,18.75,18.1,18.65,155159,,,
2009-12-03,18.8,18.85,18.45,18.7,105854,,,
2009-12-04,18.9,18.95,18.35,18.55,19052,,,
2009-12-07,18.6,18.7,18.45,18.6,28592,,,
2009-12-08,18.85,19.25,18.65,19.15,109123,,,
2009-12-09,19.15,19.45,18.9,19.25,57645,,,
2009-12-10,19.25,19.4,19.0,19.3,52464,,,
2009-12-11,19.25,19.5,19.0,19.35,40969,,,
2009-12-14,19.3,19.4,18.95,19.0,20107,,,
2009-12-15,19.3,19.3,18.8,18.9,30889,,,
2009-12-16,19.05,19.3,18.5,19.15,38749,,,
2009-12-17,18.95,19.3,18.95,19.0,14304,,,
2009-12-18,19.15,19.15,18.8,18.9,11035,,,
2009-12-21,18.75,19.0,18.7,18.75,30538,,,
2009-12-22,19.2,19.2,18.65,18.75,14798,,,
2009-12-23,18.9,19.6,18.65,19.25,61116,,,
2009-12-24,19.3,19.45,18.85,19.05,30290,,,
2009-12-29,19.25,19.25,18.85,19.0,9378,,,
2009-12-30,19.15,19.55,18.9,19.35,18738,,,
2009-12-31,19.25,19.8,19.2,19.6,90053,,,
2010-01-04,19.7,19.95,19.55,19.7,71202,,,
2010-01-05,19.8,19.9,19.6,19.75,50116,,,
2010-01-06,19.7,19.75,19.5,19.6,12649,,,
2010-01-07,19.7,19.75,19.4,19.5,12788,,,
2010-01-08,19.25,19.6,19.25,19.5,25795,,,
2010-01-11,19.55,20.8,19.35,20.5,133528,,,
2010-01-12,20.5,20.8,19.85,19.9,44824,,,
2010-01-13,19.9,20.6,19.75,20.35,56862,,,
2010-01-14,20.5,21.2,20.3,20.9,151093,,,
2010-01-15,21.15,21.9,20.75,20.9,103728,,,
2010-01-18,20.75,21.6,20.7,21.2,77093,,,
2010-01-19,21.25,21.6,20.65,20.75,51920,,,
2010-01-20,21.0,21.2,20.35,20.5,51813,,,
2010-01-21,20.5,20.8,19.95,20.2,48890,,,
2010-01-22,19.9,20.3,19.5,20.15,62447,,,
2010-01-25,20.1,20.1,19.6,19.75,47355,,,
2010-01-27,19.8,19.85,19.55,19.6,86631,,,
2010-01-28,19.75,20.0,19.65,19.8,91685,,,
2010-01-29,19.9,20.0,19.0,19.6,104081,,,
2010-02-01,20.05,20.4,19.8,20.25,115534,,,
2010-02-02,20.35,20.55,19.45,19.55,120751,,,
2010-02-03,19.8,20.9,19.7,20.05,408196,,,
2010-02-04,20.15,20.45,19.8,20.1,134426,,,
2010-02-05,19.8,19.85,19.45,19.65,69126,,,
2010-02-06,19.9,20.4,19.7,20.15,6951,,,
2010-02-08,20.3,20.3,19.7,19.8,59653,,,
2010-02-09,19.65,19.85,19.55,19.7,59052,,,
2010-02-10,20.2,20.2,19.65,19.95,114941,,,
2010-02-11,20.0,20.1,19.85,19.95,20449,,,
2010-02-15,20.0,20.25,19.95,20.15,45802,,,
2010-02-16,20.25,21.0,20.2,20.9,122068,,,
2010-02-17,20.9,21.15,20.65,20.75,92774,,,
2010-02-18,21.0,21.1,20.75,20.95,93021,,,
2010-02-19,20.85,21.05,20.5,20.75,46213,,,
2010-02-22,20.95,21.15,20.6,20.7,22093,,,
2010-02-23,20.7,20.7,20.3,20.5,209695,,,
2010-02-24,20.9,20.9,20.25,20.4,115189,,,
2010-02-25,20.5,20.5,20.0,20.2,54718,,,
2010-02-26,20.35,20.6,20.15,20.2,54666,,,
2010-03-02,20.5,20.6,20.15,20.25,38487,,,
2010-03-03,20.45,20.85,20.2,20.3,72760,,,
2010-03-04,20.55,20.55,20.3,20.4,39382,,,
2010-03-05,20.4,21.65,20.4,20.8,207416,,,
2010-03-08,21.15,21.35,20.9,21.1,52934,,,
2010-03-09,21.15,21.45,20.9,21.15,65525,,,
2010-03-10,21.1,21.3,20.9,20.95,66269,,,
2010-03-11,20.6,21.1,20.6,20.9,127244,,,
2010-03-12,21.05,21.1,20.75,21.05,23833,,,
2010-03-15,21.15,21.15,20.65,20.8,48497,,,
2010-03-16,20.75,21.1,20.7,21.0,20740,,,
2010-03-17,21.0,21.7,20.95,21.25,108519,,,
2010-03-18,21.2,21.55,21.05,21.25,56258,,,
2010-03-19,21.3,22.6,21.2,22.4,370826,,,
2010-03-22,22.4,22.75,22.1,22.35,92691,,,
2010-03-23,22.05,22.7,22.05,22.25,102990,,,
2010-03-25,22.25,22.4,22.0,22.3,52951,,,
2010-03-26,22.4,22.5,21.95,22.05,53526,,,
2010-03-29,21.85,22.25,21.8,21.9,57486,,,
2010-03-30,21.95,22.4,21.75,22.1,45189,,,
2010-03-31,21.95,22.4,21.75,22.25,64302,,,
2010-04-01,22.35,22.35,21.7,22.1,50249,,,
2010-04-05,22.25,22.25,21.05,21.25,193923,,,
2010-04-06,21.3,21.3,20.15,20.25,389401,,,
2010-04-07,20.4,20.55,19.8,20.05,152664,,,
2010-04-08,20.0,20.35,19.85,20.0,84908,,,
2010-04-09,20.05,20.2,19.85,19.9,59530,,,
2010-04-12,20.0,20.1,19.6,19.75,82483,,,
2010-04-13,19.65,19.95,19.4,19.55,90488,,,
2010-04-15,19.6,19.7,19.1,19.2,135381,,,
2010-04-16,19.2,19.35,18.95,19.1,67458,,,
2010-04-19,19.05,19.1,18.65,18.9,117073,,,
2010-04-20,19.1,19.35,18.95,19.2,96468,,,
2010-04-21,19.3,19.35,19.05,19.15,46321,,,
2010-04-22,19.15,19.25,18.95,19.1,110950,,,
2010-04-23,19.0,19.3,19.0,19.1,48888,,,
2010-04-26,19.2,19.3,19.0,19.15,56373,,,
2010-04-27,19.0,19.25,18.7,18.8,60224,,,
2010-04-28,18.7,18.75,18.45,18.55,56366,,,
2010-04-29,18.4,18.75,18.2,18.35,41610,,,
2010-04-30,18.4,18.8,18.1,18.4,112180,,,
2010-05-03,18.35,18.65,18.25,18.4,52871,,,
2010-05-04,18.6,18.6,17.95,18.15,40718,,,
2010-05-05,18.0,18.35,17.55,18.2,59633,,,
2010-05-06,18.0,18.55,18.0,18.15,36881,,,
2010-05-07,17.9,18.25,17.7,18.0,65819,,,
2010-05-10,18.45,18.45,18.0,18.2,54420,,,
2010-05-11,18.95,18.95,18.1,18.2,24327,,,
2010-05-12,18.8,18.8,18.0,18.2,27078,,,
2010-05-13,18.4,18.5,18.0,18.2,56735,,,
2010-05-14,18.2,18.45,17.7,18.05,31785,,,
2010-05-17,17.75,18.05,17.4,17.95,95693,,,
2010-05-18,18.05,18.65,17.9,18.35,29988,,,
2010-05-19,18.2,18.4,17.75,18.05,28684,,,
2010-05-20,18.1,18.25,17.6,17.75,34251,,,
2010-05-21,17.4,17.6,17.25,17.5,22255,,,
2010-05-24,17.85,17.85,17.5,17.65,25719,,,
2010-05-25,17.75,17.75,17.0,17.1,48804,,,
2010-05-26,17.3,17.4,17.05,17.15,26806,,,
2010-05-27,17.25,17.35,16.65,16.8,85193,,,
2010-05-28,17.1,17.35,16.8,17.25,22813,,,
2010-05-31,17.3,17.6,17.1,17.35,29245,,,
2010-06-01,17.35,17.35,17.1,17.25,53753,,,
2010-06-02,17.25,17.55,16.9,17.15,77470,,,
2010-06-03,17.4,17.45,17.2,17.25,19824,,,
2010-06-04,17.05,17.4,17.05,17.35,10748,,,
2010-06-07,17.3,17.3,16.8,17.05,22247,,,
2010-06-08,16.9,17.15,16.75,16.8,69676,,,
2010-06-09,17.0,17.1,16.85,16.9,30717,,,
2010-06-10,16.8,17.2,16.8,17.1,98497,,,
2010-06-11,17.25,17.75,17.1,17.45,63602,,,
2010-06-14,17.55,17.9,17.55,17.85,52702,,,
2010-06-15,17.85,18.15,17.7,18.05,42865,,,
2010-06-16,18.1,18.7,18.0,18.55,57555,,,
2010-06-17,18.55,18.6,18.25,18.35,53910,,,
2010-06-18,18.25,18.45,17.9,18.1,31963,,,
2010-06-21,17.9,18.3,17.9,18.2,31828,,,
2010-06-22,18.15,18.35,17.7,18.05,20721,,,
2010-06-23,17.75,18.15,17.75,17.95,23184,,,
2010-06-24,18.05,18.1,17.35,17.5,123068,,,
2010-06-25,17.4,17.75,17.1,17.25,57286,,,
2010-06-28,17.1,17.7,17.1,17.6,102602,,,
2010-06-29,17.75,17.75,17.3,17.4,23091,,,
2010-06-30,17.25,17.75,17.15,17.55,72323,,,
2010-07-01,17.4,17.55,17.25,17.35,20894,,,
2010-07-02,17.3,17.6,17.3,17.4,22652,,,
2010-07-05,17.4,17.75,17.4,17.7,28578,,,
2010-07-06,17.75,18.2,17.7,18.1,87274,,,
2010-07-07,18.2,18.25,17.75,17.85,46646,,,
2010-07-08,17.9,18.25,17.9,18.2,55065,,,
2010-07-09,18.25,18.45,18.15,18.2,50636,,,
2010-07-12,18.45,18.45,18.15,18.2,21848,,,
2010-07-13,18.25,18.5,18.05,18.35,18566,,,
2010-07-14,18.45,18.55,17.8,17.95,44375,,,
2010-07-15,18.15,18.15,17.85,18.0,46082,,,
2010-07-16,18.0,18.3,17.9,18.15,25910,,,
2010-07-19,18.15,18.35,17.9,18.15,20810,,,
2010-07-20,18.0,18.3,18.0,18.1,17936,,,
2010-07-21,18.05,18.35,17.9,18.2,28636,,,
2010-07-22,18.3,18.35,18.15,18.3,17867,,,
2010-07-23,18.3,19.15,18.25,18.65,178428,,,
2010-07-26,18.95,18.95,18.4,18.45,60879,,,
2010-07-27,18.65,18.65,18.15,18.35,29954,,,
2010-07-28,18.55,18.55,18.05,18.1,15784,,,
2010-07-29,18.15,18.25,17.9,17.95,36912,,,
2010-07-30,18.1,18.35,18.05,18.3,37712,,,
2010-08-02,18.25,18.45,18.1,18.35,16935,,,
2010-08-03,18.35,18.45,18.15,18.3,9073,,,
2010-08-04,18.45,18.45,18.05,18.15,17894,,,
2010-08-05,18.4,18.4,17.75,17.85,29622,,,
2010-08-06,17.85,17.85,17.6,17.65,87337,,,
2010-08-09,17.65,18.4,17.65,18.1,84450,,,
2010-08-10,18.35,18.4,17.9,18.0,27905,,,
2010-08-11,18.1,18.1,17.65,17.75,14012,,,
2010-08-12,17.7,17.8,17.4,17.5,34880,,,
2010-08-13,17.5,17.65,17.4,17.5,46630,,,
2010-08-16,17.55,17.6,17.4,17.55,50976,,,
2010-08-17,17.65,17.65,17.4,17.4,29832,,,
2010-08-18,17.4,17.6,17.25,17.4,64845,,,
2010-08-19,17.6,17.65,17.4,17.6,19427,,,
2010-08-20,17.4,18.25,17.4,17.9,135806,,,
2010-08-23,17.7,18.0,17.4,17.5,41442,,,
2010-08-24,17.6,17.7,17.3,17.4,36755,,,
2010-08-25,17.25,17.45,16.85,16.9,81184,,,
2010-08-26,16.95,17.25,16.9,17.05,123914,,,
2010-08-27,17.05,17.15,16.7,16.85,97398,,,
2010-08-30,16.95,17.1,16.75,16.9,30687,,,
2010-08-31,16.85,18.15,16.6,16.75,21290,,,
2010-09-01,16.85,17.25,16.75,17.1,40284,,,
2010-09-02,17.2,17.6,17.0,17.4,51609,,,
2010-09-03,17.55,17.75,17.35,17.5,30891,,,
2010-09-06,17.6,17.85,17.4,17.65,56116,,,
2010-09-07,17.6,17.75,17.4,17.45,27853,,,
2010-09-08,17.5,17.6,17.25,17.3,24596,,,
2010-09-09,17.3,17.55,17.25,17.25,91654,,,
2010-09-13,17.35,18.15,17.35,17.95,161623,,,
2010-09-14,18.1,18.25,17.9,17.95,77961,,,
2010-09-15,18.1,18.5,17.9,18.35,111203,,,
2010-09-16,18.3,18.75,18.1,18.25,151332,,,
2010-09-17,18.3,18.65,18.3,18.6,91003,,,
2010-09-20,18.6,18.75,18.25,18.35,71045,,,
2010-09-21,18.6,18.7,17.85,18.1,108929,,,
2010-09-22,18.8,18.8,17.75,17.95,84507,,,
2010-09-23,18.0,18.15,17.75,17.9,159450,,,
2010-09-24,18.0,18.0,17.75,17.8,33389,,,
2010-09-27,17.85,18.15,17.85,17.95,53265,,,
2010-09-28,18.0,18.1,17.9,17.9,76196,,,
2010-09-29,17.9,18.25,17.75,17.8,159518,,,
2010-09-30,17.8,17.9,17.45,17.6,100587,,,
2010-10-01,17.65,17.95,17.6,17.9,40287,,,
2010-10-04,17.95,18.5,17.95,18.3,89906,,,
2010-10-05,18.3,18.45,18.15,18.2,153668,,,
2010-10-06,18.25,18.9,18.25,18.85,222224,,,
2010-10-07,18.9,19.5,18.85,18.95,222854,,,
2010-10-08,19.1,19.3,18.7,18.9,75361,,,
2010-10-11,18.95,19.2,18.9,19.05,48753,,,
2010-10-12,19.05,19.1,18.55,18.7,44389,,,
2010-10-13,18.9,18.9,18.6,18.65,126754,,,
2010-10-14,18.7,18.9,18.4,18.6,42661,,,
2010-10-15,18.65,18.65,17.6,17.7,93735,,,
2010-10-18,17.7,18.0,17.4,17.95,152270,,,
2010-10-19,18.05,18.2,17.85,17.95,33871,,,
2010-10-20,17.85,17.9,17.55,17.8,80614,,,
2010-10-21,17.9,18.0,17.8,17.85,12177,,,
2010-10-22,17.9,18.05,17.8,17.9,17755,,,
2010-10-25,18.0,18.0,17.9,17.95,26331,,,
2010-10-26,18.0,18.0,17.75,17.85,5981,,,
2010-10-27,17.85,17.9,17.7,17.75,51390,,,
2010-10-28,17.6,17.85,17.2,17.45,112828,,,
2010-10-29,17.65,17.65,16.15,16.5,118136,,,
2010-11-01,16.75,16.8,16.4,16.6,232294,,,
2010-11-02,16.55,17.0,16.5,16.9,47829,,,
2010-11-03,17.1,17.7,16.75,17.6,154666,,,
2010-11-04,17.6,17.75,17.35,17.55,17004,,,
2010-11-05,17.7,17.75,17.4,17.5,2816,,,
2010-11-08,17.7,17.7,17.55,17.65,8954,,,
2010-11-09,17.7,17.7,17.4,17.6,88694,,,
2010-11-10,17.5,17.6,17.25,17.4,41702,,,
2010-11-11,17.6,17.6,17.15,17.25,8466,,,
2010-11-12,17.3,17.55,17.1,17.15,66277,,,
2010-11-15,17.15,17.3,16.9,17.2,76595,,,
2010-11-16,17.25,17.25,16.9,17.1,56600,,,
2010-11-18,17.1,17.6,16.85,17.25,54402,,,
2010-11-19,17.4,17.4,17.0,17.05,88909,,,
2010-11-22,17.1,17.3,16.9,17.25,14896,,,
2010-11-23,17.15,17.4,16.95,17.1,69249,,,
2010-11-24,17.25,17.4,17.05,17.25,282175,,,
2010-11-25,17.4,17.4,17.15,17.25,127942,,,
2010-11-26,17.15,17.4,16.85,17.3,68424,,,
2010-11-29,17.25,17.4,16.9,17.25,29495,,,
2010-11-30,17.4,17.55,17.2,17.3,34973,,,
2010-12-01,17.4,17.55,17.25,17.45,8338,,,
2010-12-02,17.6,17.75,17.45,17.55,30772,,,
2010-12-03,17.7,17.75,17.4,17.6,158748,,,
2010-12-06,17.7,18.1,17.6,18.0,48246,,,
2010-12-07,18.1,18.25,17.85,18.0,27939,,,
2010-12-08,17.75,18.1,17.65,17.75,8641,,,
2010-12-09,18.0,18.0,17.5,17.6,54164,,,
2010-12-10,17.3,17.6,17.1,17.35,23603,,,
2010-12-13,17.3,17.5,17.1,17.4,6292,,,
2010-12-14,17.3,17.7,17.25,17.55,11250,,,
2010-12-15,17.3,17.7,16.7,17.5,22406,,,
2010-12-16,17.45,17.55,17.3,17.45,5495,,,
2010-12-20,17.3,17.7,17.25,17.4,16015,,,
2010-12-21,17.4,17.9,17.4,17.75,14663,,,
2010-12-22,17.75,17.95,17.6,17.9,56470,,,
2010-12-23,17.75,18.0,17.75,17.9,7372,,,
2010-12-24,17.7,17.9,17.45,17.6,9759,,,
2010-12-27,17.75,17.75,17.4,17.45,4141,,,
2010-12-28,17.55,17.55,17.25,17.4,8349,,,
2010-12-29,17.4,17.45,17.2,17.25,42507,,,
2010-12-30,17.35,17.9,17.25,17.75,23208,,,
2010-12-31,17.85,18.25,17.5,17.9,41323,,,
2011-01-03,18.1,18.15,17.7,17.7,19467,,,
2011-01-04,17.75,17.9,17.55,17.75,37592,,,
2011-01-05,17.6,17.85,17.6,17.75,9779,,,
2011-01-06,17.75,17.9,17.6,17.75,11209,,,
2011-01-07,17.6,17.9,17.6,17.7,20916,,,
2011-01-10,17.55,17.7,17.1,17.25,5948,,,
2011-01-11,17.35,17.35,16.75,17.0,25065,,,
2011-01-12,17.1,17.1,16.6,16.9,22681,,,
2011-01-13,17.15,17.4,16.9,16.9,16211,,,
2011-01-14,17.1,17.4,16.8,17.15,21924,,,
2011-01-17,17.1,17.15,16.9,17.1,18619,,,
2011-01-18,17.0,17.25,17.0,17.05,43479,,,
2011-01-19,17.25,17.25,17.05,17.1,3877,,,
2011-01-20,16.8,17.25,16.4,17.2,10473,,,
2011-01-21,17.25,17.6,17.15,17.55,14687,,,
2011-01-24,17.55,17.6,17.3,17.3,4326,,,
2011-01-25,17.5,17.85,17.25,17.3,18911,,,
2011-01-27,17.25,17.65,17.1,17.35,28552,,,
2011-01-28,17.3,17.4,16.45,17.05,74525,,,
2011-01-31,16.95,18.0,16.5,17.7,49796,,,
2011-02-01,17.55,17.85,17.25,17.45,33244,,,
2011-02-02,17.9,17.9,17.2,17.6,11545,,,
2011-02-03,17.55,18.6,17.25,17.45,36075,,,
2011-02-04,17.65,17.65,16.95,17.1,8092,,,
2011-02-07,17.3,17.3,16.95,17.0,16369,,,
2011-02-08,17.1,17.1,16.9,16.95,9781,,,
2011-02-09,17.1,17.1,16.3,16.75,24465,,,
2011-02-10,16.65,16.75,16.3,16.5,22421,,,
2011-02-11,16.55,16.95,16.3,16.7,7081,,,
2011-02-14,16.95,17.35,16.85,17.2,11370,,,
2011-02-15,17.55,17.55,16.8,17.05,9686,,,
2011-02-16,17.15,17.15,16.6,16.7,15199,,,
2011-02-17,16.65,17.05,16.65,16.9,9391,,,
2011-02-18,16.75,17.1,16.65,16.95,11151,,,
2011-02-21,17.0,17.0,16.6,16.8,9865,,,
2011-02-22,16.85,16.9,16.65,16.75,11987,,,
2011-02-23,16.55,16.95,16.55,16.9,11044,,,
2011-02-24,16.9,17.1,16.4,16.95,44113,,,
2011-02-25,17.55,17.55,16.8,17.0,22723,,,
2011-02-28,17.1,17.25,16.65,16.75,62987,,,
2011-03-01,16.9,17.15,16.8,17.1,10477,,,
2011-03-03,16.85,17.15,16.85,16.9,9011,,,
2011-03-04,17.0,17.25,16.9,16.95,12678,,,
2011-03-07,16.9,17.1,16.75,16.95,6608,,,
2011-03-08,16.9,17.05,16.7,16.75,11942,,,
2011-03-09,16.85,16.9,16.7,16.7,11019,,,
2011-03-10,16.7,17.0,16.6,16.95,12867,,,
2011-03-11,16.75,17.1,16.6,16.7,9317,,,
2011-03-14,16.75,16.9,16.7,16.75,3165,,,
2011-03-15,16.7,16.9,16.55,16.85,14303,,,
2011-03-16,16.9,16.9,16.65,16.75,13754,,,
2011-03-17,16.75,16.75,16.35,16.4,33010,,,
2011-03-18,16.85,16.85,16.35,16.75,39624,,,
2011-03-21,16.75,17.0,16.5,16.7,9414,,,
2011-03-22,17.0,17.0,16.6,16.8,7118,,,
2011-03-23,16.75,16.85,16.6,16.85,3419,,,
2011-03-24,16.95,17.45,16.85,17.1,144158,,,
2011-03-25,17.15,17.2,17.0,17.0,48202,,,
2011-03-28,17.1,17.25,16.95,17.05,46590,,,
2011-03-29,17.15,17.15,16.9,17.0,14583,,,
2011-03-30,17.1,17.1,16.95,17.05,30152,,,
2011-03-31,16.85,17.15,16.8,17.0,61578,,,
2011-04-01,17.1,17.1,16.9,17.0,10351,,,
2011-04-04,16.65,17.1,16.6,17.05,43150,,,
2011-04-05,16.95,17.85,16.95,17.6,51652,,,
2011-04-06,17.6,18.15,17.6,18.1,40159,,,
2011-04-07,18.1,18.55,18.1,18.45,48932,,,
2011-04-08,18.55,18.6,18.05,18.45,44568,,,
2011-04-11,18.45,18.85,18.2,18.55,43340,,,
2011-04-13,18.65,18.8,18.4,18.65,22197,,,
2011-04-15,18.6,18.85,18.45,18.6,18506,,,
2011-04-18,18.55,18.95,18.35,18.45,22590,,,
2011-04-19,18.4,18.75,18.25,18.45,11111,,,
2011-04-20,18.55,18.85,18.55,18.8,13867,,,
2011-04-21,19.0,19.1,18.7,18.9,14174,,,
2011-04-25,18.95,18.95,18.45,18.5,8799,,,
2011-04-26,18.6,18.6,18.25,18.4,7379,,,
2011-04-27,18.6,18.8,18.45,18.5,27756,,,
2011-04-28,18.65,18.75,18.35,18.45,18745,,,
2011-04-29,19.0,19.05,18.1,18.5,98465,,,
2011-05-02,18.7,18.85,18.35,18.45,11379,,,
2011-05-03,18.3,18.55,17.8,17.9,10005,,,
2011-05-04,18.2,18.4,17.6,18.2,9664,,,
2011-05-05,18.45,18.6,17.9,18.0,12807,,,
2011-05-06,17.9,18.4,17.8,18.15,20534,,,
2011-05-09,18.25,18.35,18.0,18.1,8972,,,
2011-05-10,18.2,18.4,18.0,18.1,8143,,,
2011-05-11,18.2,18.25,17.55,17.75,17705,,,
2011-05-12,17.75,17.85,17.25,17.35,23073,,,
2011-05-13,17.35,17.6,17.2,17.35,26920,,,
2011-05-16,17.35,17.55,17.2,17.35,8173,,,
2011-05-17,17.25,17.4,17.2,17.25,10345,,,
2011-05-18,17.25,17.55,17.2,17.35,16725,,,
2011-05-19,17.25,17.45,17.15,17.2,6299,,,
2011-05-20,17.15,17.4,17.15,17.4,15014,,,
2011-05-23,17.4,17.4,16.95,17.05,18109,,,
2011-05-24,17.05,17.25,16.9,17.2,9110,,,
2011-05-25,17.2,17.4,17.05,17.35,7416,,,
2011-05-26,17.35,17.35,16.9,16.9,15789,,,
2011-05-27,17.0,17.15,17.0,17.05,13767,,,
2011-05-30,17.25,17.25,16.75,16.8,16031,,,
2011-05-31,16.8,17.0,16.7,16.8,18978,,,
2011-06-01,17.0,17.3,16.9,17.25,31604,,,
2011-06-02,17.15,17.3,16.85,16.9,13087,,,
2011-06-03,17.15,17.15,16.6,16.7,16919,,,
2011-06-06,16.7,17.0,16.7,16.9,5738,,,
2011-06-07,16.9,17.05,16.8,16.95,7258,,,
2011-06-08,16.95,17.0,16.65,16.75,190658,,,
2011-06-09,16.9,17.1,16.7,17.0,10702,,,
2011-06-10,17.05,17.15,16.75,17.0,17859,,,
2011-06-13,17.1,17.1,16.8,16.95,16783,,,
2011-06-14,17.05,17.1,16.75,16.9,73601,,,
2011-06-15,16.75,17.05,16.75,16.95,13685,,,
2011-06-16,16.95,17.0,16.85,16.95,4371,,,
2011-06-17,17.0,17.0,16.65,16.7,8257,,,
2011-06-20,16.8,16.8,15.8,16.2,24620,,,
2011-06-21,16.2,16.6,15.9,15.95,19337,,,
2011-06-22,16.05,16.35,15.75,15.85,17901,,,
2011-06-23,15.8,15.9,15.6,15.65,4227,,,
2011-06-24,15.9,15.9,15.65,15.7,32624,,,
2011-06-27,15.5,15.85,15.5,15.75,69365,,,
2011-06-28,15.85,16.1,15.75,16.05,38926,,,
2011-06-29,16.15,16.55,16.1,16.15,20575,,,
2011-06-30,16.35,16.4,15.95,16.25,17310,,,
2011-07-01,15.9,16.5,15.9,16.4,23424,,,
2011-07-04,16.5,16.8,16.4,16.75,59683,,,
2011-07-05,16.85,16.85,16.45,16.6,13680,,,
2011-07-06,16.6,16.6,16.45,16.5,9042,,,
2011-07-07,16.6,16.85,16.55,16.85,37928,,,
2011-07-08,16.85,16.95,16.6,16.85,79484,,,
2011-07-11,16.6,17.15,16.6,16.9,23596,,,
2011-07-12,16.85,16.95,16.85,16.85,13187,,,
2011-07-13,16.85,17.0,16.85,16.95,10004,,,
2011-07-14,17.05,17.15,16.9,17.1,26621,,,
2011-07-15,16.85,17.35,16.65,17.25,14600,,,
2011-07-18,17.25,17.4,17.25,17.35,12821,,,
2011-07-19,17.4,17.4,17.25,17.4,21300,,,
2011-07-20,17.4,17.6,17.25,17.4,17659,,,
2011-07-21,17.25,17.5,17.25,17.35,8487,,,
2011-07-22,17.45,17.7,17.3,17.55,25012,,,
2011-07-25,17.55,17.6,17.5,17.55,198084,,,
2011-07-26,17.55,17.75,17.45,17.55,67943,,,
2011-07-27,18.0,18.0,17.4,17.55,12929,,,
2011-07-28,17.45,17.6,17.45,17.55,66516,,,
2011-07-29,17.7,17.85,17.3,17.75,85210,,,
2011-08-01,17.85,17.9,17.2,17.35,86387,,,
2011-08-02,17.5,17.75,17.15,17.2,18610,,,
2011-08-03,17.15,17.15,16.7,16.75,166584,,,
2011-08-04,17.05,17.1,16.85,16.9,24237,,,
2011-08-05,16.55,16.9,16.35,16.9,12371,,,
2011-08-08,16.55,16.7,16.3,16.35,38825,,,
2011-08-09,15.95,16.8,15.65,16.55,13002,,,
2011-08-10,16.35,16.85,16.35,16.5,25096,,,
2011-08-11,16.45,16.85,16.35,16.55,19537,,,
2011-08-12,16.45,16.85,16.45,16.6,6086,,,
2011-08-16,16.85,16.85,16.35,16.45,8400,,,
2011-08-17,16.65,16.8,15.6,15.75,100257,,,
2011-08-18,15.8,16.25,15.75,16.1,47335,,,
2011-08-19,16.25,16.25,15.8,15.9,23258,,,
2011-08-22,16.05,16.5,15.65,16.4,11110,,,
2011-08-23,16.15,16.5,16.1,16.2,18753,,,
2011-08-24,16.85,16.85,16.0,16.05,7985,,,
2011-08-25,16.05,16.35,15.45,15.8,33102,,,
2011-08-26,16.15,16.15,15.5,15.75,22593,,,
2011-08-29,15.75,15.85,15.6,15.8,11062,,,
2011-08-30,15.75,16.05,15.45,15.6,20739,,,
2011-09-02,15.85,16.35,15.65,16.1,58595,,,
2011-09-05,15.95,16.4,15.95,16.25,27915,,,
2011-09-06,16.65,16.65,16.05,16.15,16614,,,
2011-09-07,16.3,16.55,16.15,16.35,17787,,,
2011-09-08,16.55,16.55,16.1,16.15,10961,,,
2011-09-09,16.35,16.35,16.1,16.2,13558,,,
2011-09-12,16.15,16.25,15.9,15.95,8270,,,
2011-09-13,15.95,16.0,15.7,15.75,19608,,,
2011-09-14,15.7,15.95,15.7,15.9,11025,,,
2011-09-15,15.95,16.15,15.9,16.1,4577,,,
2011-09-16,15.95,16.3,15.65,15.75,46260,,,
2011-09-19,15.65,16.15,15.65,15.85,6535,,,
2011-09-20,16.15,16.65,15.7,16.0,4604,,,
2011-09-21,16.0,16.2,15.85,16.05,12970,,,
2011-09-22,15.6,16.25,15.6,16.05,17217,,,
2011-09-23,15.65,16.0,15.4,15.55,122967,,,
2011-09-26,15.4,15.75,14.95,15.1,35463,,,
2011-09-27,14.9,15.35,14.9,15.3,18123,,,
2011-09-28,15.8,15.8,15.3,15.4,21626,,,
2011-09-29,15.45,15.6,15.15,15.3,21711,,,
2011-09-30,15.0,15.55,15.0,15.5,18117,,,
2011-10-03,15.05,15.45,14.75,15.05,13362,,,
2011-10-04,14.9,15.3,14.9,15.05,21369,,,
2011-10-05,15.15,15.35,15.1,15.2,13661,,,
2011-10-07,14.65,15.65,14.5,15.35,22256,,,
2011-10-10,15.4,15.4,15.2,15.35,5717,,,
2011-10-11,15.45,15.6,15.4,15.45,13341,,,
2011-10-12,15.45,15.6,15.45,15.55,99887,,,
2011-10-13,15.55,15.75,15.55,15.7,50820,,,
2011-10-14,15.7,15.7,15.45,15.55,1540,,,
2011-10-17,15.55,15.55,15.4,15.45,19828,,,
2011-10-18,15.35,15.6,15.35,15.35,4335,,,
2011-10-19,15.55,15.55,15.35,15.45,5834,,,
2011-10-20,15.6,15.6,15.35,15.4,2481,,,
2011-10-21,15.45,15.5,15.3,15.4,15471,,,
2011-10-24,15.4,15.45,15.3,15.4,5191,,,
2011-10-25,15.35,15.45,15.3,15.45,12168,,,
2011-10-26,15.45,15.65,15.35,15.6,1640,,,
2011-10-28,15.7,16.05,15.7,15.9,9610,,,
2011-10-31,16.15,16.35,15.7,15.8,28720,,,
2011-11-01,15.85,16.1,15.7,16.05,10288,,,
2011-11-02,15.9,16.05,15.7,15.8,14369,,,
2011-11-03,15.75,15.85,15.55,15.65,47209,,,
2011-11-04,16.05,16.05,15.65,15.8,13353,,,
2011-11-08,15.95,16.1,15.75,15.95,3796,,,
2011-11-09,15.8,16.05,15.8,15.95,37361,,,
2011-11-11,15.8,16.05,15.75,16.0,22055,,,
2011-11-14,16.05,16.05,15.7,15.75,1894,,,
2011-11-15,15.75,15.85,15.35,15.5,3571,,,
2011-11-16,15.55,15.55,15.2,15.3,3106,,,
2011-11-17,15.45,15.45,15.05,15.2,11710,,,
2011-11-18,15.05,15.35,15.0,15.1,46396,,,
2011-11-21,15.05,15.1,14.95,15.1,14660,,,
2011-11-22,15.05,15.25,14.95,15.2,115618,,,
2011-11-23,15.05,15.15,14.8,14.95,78665,,,
2011-11-24,15.15,15.45,14.85,15.15,140034,,,
2011-11-25,15.1,15.4,14.95,15.1,30463,,,
2011-11-28,15.25,15.35,15.05,15.2,14464,,,
2011-11-29,15.1,15.35,15.05,15.25,2229,,,
2011-11-30,15.15,15.3,15.0,15.2,43164,,,
2011-12-01,15.25,15.5,14.9,15.05,8884,,,
2011-12-02,15.15,15.3,15.1,15.2,3262,,,
2011-12-05,15.2,15.35,15.05,15.15,41377,,,
2011-12-07,15.3,15.5,15.15,15.4,5356,,,
2011-12-08,15.35,15.65,15.25,15.4,38016,,,
2011-12-09,15.35,15.5,15.1,15.45,5388,,,
2011-12-12,15.2,15.5,15.2,15.45,8477,,,
2011-12-13,15.25,15.4,14.9,15.05,52850,,,
2011-12-14,15.15,15.3,15.0,15.15,17267,,,
2011-12-15,14.65,15.2,14.4,15.1,22731,,,
2011-12-16,15.15,15.25,14.65,14.85,4428,,,
2011-12-19,15.15,15.25,14.1,14.2,62104,,,
2011-12-20,14.2,14.25,13.85,14.0,28771,,,
2011-12-21,14.15,14.25,13.85,14.05,7673,,,
2011-12-22,13.9,14.25,13.9,14.05,21549,,,
2011-12-23,14.15,14.2,13.9,14.15,12084,,,
2011-12-26,14.15,14.25,14.05,14.2,2364,,,
2011-12-27,14.25,14.25,13.85,13.95,9956,,,
2011-12-28,13.85,14.05,13.55,13.7,20990,,,
2011-12-29,13.75,14.05,13.35,13.6,32987,,,
2011-12-30,13.4,14.1,13.05,13.65,61446,,,
2012-01-02,13.7,13.9,13.55,13.65,12328,,,
2012-01-03,13.95,14.2,13.65,14.05,9192,,,
2012-01-04,13.9,14.4,13.9,14.3,26207,,,
2012-01-05,14.15,14.3,14.1,14.25,29192,,,
2012-01-06,14.25,14.35,13.95,14.2,13130,,,
2012-01-07,14.15,14.35,14.15,14.3,1183,,,
2012-01-09,14.15,14.7,14.15,14.55,24320,,,
2012-01-10,14.55,14.75,14.45,14.6,19517,,,
2012-01-11,14.65,15.25,14.55,14.85,22191,,,
2012-01-12,15.0,15.0,14.7,14.8,12965,,,
2012-01-13,15.0,15.45,15.0,15.35,109611,,,
2012-01-16,15.1,15.3,15.05,15.15,68890,,,
2012-01-17,15.4,15.5,15.2,15.25,25408,,,
2012-01-18,15.15,15.45,14.9,15.15,8727,,,
2012-01-19,15.35,15.45,14.95,15.1,18141,,,
2012-01-20,15.3,15.4,14.65,14.8,44203,,,
2012-01-23,15.0,15.0,14.75,14.8,215024,,,
2012-01-24,15.05,15.05,14.65,14.7,44422,,,
2012-01-25,14.8,14.8,14.25,14.45,47261,,,
2012-01-27,14.45,14.9,14.4,14.5,73265,,,
2012-01-30,14.35,14.75,13.95,14.0,47903,,,
2012-01-31,14.05,14.45,14.05,14.2,65746,,,
2012-02-01,14.0,14.3,13.8,13.9,89884,,,
2012-02-02,13.85,14.3,13.85,14.25,29091,,,
2012-02-03,14.4,14.75,14.2,14.45,32814,,,
2012-02-06,14.25,14.9,14.25,14.85,32394,,,
2012-02-07,14.65,15.15,14.65,14.95,103342,,,
2012-02-08,15.2,15.6,15.05,15.5,202892,,,
2012-02-09,15.55,16.0,15.5,15.6,48017,,,
2012-02-10,16.05,16.05,15.4,15.45,47549,,,
2012-02-13,15.45,15.65,15.45,15.55,31398,,,
2012-02-14,15.7,15.7,15.35,15.45,42023,,,
2012-02-15,15.55,15.6,15.15,15.3,338632,,,
2012-02-16,15.4,15.75,15.3,15.3,25590,,,
2012-02-17,15.35,15.65,15.05,15.1,43700,,,
2012-02-21,15.4,15.4,15.0,15.05,98568,,,
2012-02-22,15.05,15.35,15.0,15.1,97072,,,
2012-02-23,15.25,16.55,15.25,15.4,140307,,,
2012-02-24,15.4,15.6,14.65,14.85,331049,,,
2012-02-27,14.9,15.15,14.75,15.1,116106,,,
2012-02-28,15.15,15.85,15.15,15.8,74759,,,
2012-02-29,15.8,16.6,15.8,16.35,126976,,,
2012-03-01,16.05,17.25,15.95,16.1,52079,,,
2012-03-02,16.5,16.75,15.55,15.95,42632,,,
2012-03-03,16.05,16.05,15.75,16.0,2645,,,
2012-03-05,16.15,16.2,15.65,15.75,20482,,,
2012-03-06,15.65,16.0,15.5,15.75,21269,,,
2012-03-07,15.6,15.75,15.45,15.55,22458,,,
2012-03-09,15.65,16.05,15.6,15.75,18149,,,
2012-03-12,15.8,16.05,15.65,15.85,15777,,,
2012-03-13,15.85,16.25,15.85,16.2,34237,,,
2012-03-14,16.2,16.55,16.2,16.45,75114,,,
2012-03-15,16.45,16.65,16.3,16.45,67720,,,
2012-03-16,16.65,16.8,15.8,16.1,113960,,,
2012-03-19,15.7,16.15,15.35,15.8,21832,,,
2012-03-20,16.05,16.05,15.5,15.8,18503,,,
2012-03-21,15.75,16.15,15.65,16.1,10461,,,
2012-03-22,16.15,16.25,15.55,15.75,26395,,,
2012-03-23,15.95,17.15,15.6,15.7,23482,,,
2012-03-26,15.7,15.75,15.4,15.45,11484,,,
2012-03-27,15.5,15.75,15.5,15.5,45749,,,
2012-03-28,15.55,15.55,15.2,15.25,14940,,,
2012-03-29,15.15,15.15,14.9,15.05,30119,,,
2012-03-30,15.1,15.4,15.05,15.4,26608,,,
2012-04-02,15.45,15.65,15.3,15.4,13424,,,
2012-04-03,15.4,15.45,15.0,15.35,14062,,,
2012-04-04,15.3,15.4,15.15,15.25,34726,,,
2012-04-09,15.0,15.25,14.95,15.15,52394,,,
2012-04-10,15.1,15.4,15.05,15.2,44368,,,
2012-04-11,15.2,15.2,15.0,15.1,75101,,,
2012-04-12,15.05,15.25,14.95,15.0,52151,,,
2012-04-13,15.15,15.15,15.0,15.1,14318,,,
2012-04-16,15.1,15.25,14.95,15.05,6692,,,
2012-04-17,15.1,15.2,15.0,15.15,4822,,,
2012-04-18,15.05,16.05,15.05,15.35,171257,,,
2012-04-19,15.45,15.7,15.4,15.45,18764,,,
2012-04-20,15.45,15.45,15.1,15.15,21281,,,
2012-04-23,15.25,15.35,14.85,14.85,38777,,,
2012-04-24,15.15,15.15,14.8,14.85,82412,,,
2012-04-25,14.95,15.35,14.85,15.0,48961,,,
2012-04-26,14.7,14.95,14.25,14.8,176684,,,
2012-04-27,13.65,14.85,13.65,14.75,21993,,,
2012-04-28,14.7,14.85,14.7,14.75,754,,,
2012-04-30,14.75,14.9,14.65,14.85,33396,,,
2012-05-02,14.9,15.05,14.7,14.75,17920,,,
2012-05-03,14.75,14.85,14.45,14.6,68314,,,
2012-05-04,14.45,14.6,14.35,14.4,25007,,,
2012-05-07,14.35,14.7,13.9,14.4,27779,,,
2012-05-08,14.45,14.45,14.15,14.3,11271,,,
2012-05-09,14.15,14.3,14.15,14.25,7354,,,
2012-05-10,14.15,14.65,14.15,14.45,11624,,,
2012-05-11,14.3,14.4,14.05,14.15,31775,,,
2012-05-14,14.2,14.25,13.55,13.75,39971,,,
2012-05-15,13.55,13.9,13.45,13.5,30080,,,
2012-05-16,13.5,13.55,13.25,13.3,10294,,,
2012-05-17,13.35,13.8,13.05,13.15,29225,,,
2012-05-18,12.85,13.2,12.4,12.5,63500,,,
2012-05-21,12.45,12.9,12.45,12.75,24422,,,
2012-05-22,12.85,12.9,12.6,12.7,6944,,,
2012-05-23,12.7,12.75,12.3,12.45,25311,,,
2012-05-24,12.45,12.65,12.4,12.6,10777,,,
2012-05-25,12.65,12.65,12.45,12.55,9434,,,
2012-05-28,12.6,12.9,12.55,12.85,9601,,,
2012-05-29,12.75,12.9,12.75,12.85,10274,,,
2012-05-30,12.9,12.9,12.6,12.7,4011,,,
2012-05-31,12.55,12.65,12.5,12.6,13843,,,
2012-06-01,12.6,12.8,12.25,12.3,10433,,,
2012-06-04,12.3,12.65,12.0,12.5,17697,,,
2012-06-05,12.55,12.6,12.1,12.15,37089,,,
2012-06-06,12.4,12.75,12.2,12.55,46066,,,
2012-06-07,12.9,13.05,12.7,12.9,19216,,,
2012-06-08,12.85,13.3,12.85,13.1,31139,,,
2012-06-11,13.25,13.25,12.9,12.95,16282,,,
2012-06-12,12.75,13.0,12.7,12.75,63981,,,
2012-06-13,12.6,12.9,12.6,12.75,46358,,,
2012-06-14,12.65,12.8,12.55,12.6,17870,,,
2012-06-15,12.6,12.6,12.45,12.5,13706,,,
2012-06-18,12.55,12.7,12.45,12.5,11590,,,
2012-06-19,12.7,12.7,12.4,12.65,7616,,,
2012-06-20,12.65,12.75,12.65,12.75,18579,,,
2012-06-21,12.85,13.0,12.7,12.95,25240,,,
2012-06-22,12.95,13.1,12.85,13.0,21977,,,
2012-06-25,13.0,13.2,12.95,13.1,11770,,,
2012-06-26,13.1,13.15,13.0,13.1,5535,,,
2012-06-27,12.85,13.1,12.85,13.05,18801,,,
2012-06-28,13.25,13.4,13.05,13.25,14545,,,
2012-06-29,13.3,13.65,13.3,13.55,36675,,,
2012-07-02,13.55,13.85,13.45,13.7,16119,,,
2012-07-03,13.45,13.85,13.45,13.8,11444,,,
2012-07-04,13.6,13.85,13.6,13.8,25925,,,
2012-07-05,13.6,13.9,13.6,13.8,19277,,,
2012-07-06,13.15,14.15,13.15,13.75,24749,,,
2012-07-09,13.8,13.8,13.5,13.5,6043,,,
2012-07-10,13.6,13.65,13.4,13.45,16408,,,
2012-07-11,13.6,13.6,13.2,13.3,19563,,,
2012-07-12,13.3,13.7,13.3,13.5,31328,,,
2012-07-13,13.4,13.6,13.35,13.5,12038,,,
2012-07-16,13.5,13.6,13.45,13.5,37031,,,
2012-07-17,13.45,13.55,13.25,13.4,32099,,,
2012-07-18,13.5,13.5,13.2,13.3,11978,,,
2012-07-19,13.35,13.45,13.3,13.4,25491,,,
2012-07-20,13.35,13.4,13.15,13.25,5529,,,
2012-07-23,13.2,13.3,12.9,13.15,8507,,,
2012-07-24,13.4,13.4,12.9,12.9,23872,,,
2012-07-25,12.9,12.9,12.6,12.7,82506,,,
2012-07-26,12.75,12.75,12.45,12.6,15125,,,
2012-07-27,12.6,12.9,12.4,12.5,11306,,,
2012-07-30,12.4,12.6,11.4,11.6,137011,,,
2012-07-31,11.55,11.9,11.3,11.75,474198,,,
2012-08-01,11.85,12.4,11.8,12.35,75576,,,
2012-08-02,11.55,13.2,11.55,13.05,61533,,,
2012-08-03,12.85,13.15,12.75,12.85,28691,,,
2012-08-06,12.9,13.1,12.7,12.8,122985,,,
2012-08-07,12.55,13.35,12.55,12.9,28895,,,
2012-08-08,13.05,13.05,12.5,12.9,27214,,,
2012-08-09,12.9,12.9,12.7,12.75,4014,,,
2012-08-10,12.6,12.85,12.6,12.75,22601,,,
2012-08-13,12.75,12.85,12.55,12.8,6759,,,
2012-08-14,12.75,12.75,12.7,12.7,8933,,,
2012-08-16,12.7,12.75,12.6,12.65,3554,,,
2012-08-17,12.6,12.8,12.6,12.75,6610,,,
2012-08-21,12.75,12.75,12.55,12.75,22943,,,
2012-08-22,12.9,12.9,12.6,12.75,25274,,,
2012-08-23,12.75,12.75,12.65,12.7,46487,,,
2012-08-24,12.7,12.75,12.3,12.4,13583,,,
2012-08-27,12.45,12.55,12.25,12.4,27598,,,
2012-08-28,12.45,12.75,12.3,12.6,12092,,,
2012-08-29,12.55,12.8,12.55,12.75,39948,,,
2012-08-30,12.65,12.7,12.4,12.6,26307,,,
2012-08-31,12.55,12.7,12.4,12.55,19504,,,
2012-09-03,12.7,12.7,12.45,12.6,2604,,,
2012-09-04,12.65,12.65,12.45,12.55,23231,,,
2012-09-05,12.55,12.6,12.25,12.3,5667,,,
2012-09-06,12.45,12.6,12.35,12.45,20853,,,
2012-09-07,12.45,12.55,12.4,12.45,33845,,,
2012-09-08,12.4,12.5,12.35,12.4,1173,,,
2012-09-10,12.4,12.4,12.25,12.3,24316,,,
2012-09-11,12.3,12.4,12.1,12.15,8772,,,
2012-09-12,12.15,12.25,11.9,12.0,30506,,,
2012-09-13,12.1,12.3,11.85,11.9,24170,,,
2012-09-14,11.95,12.1,11.8,11.9,15912,,,
2012-09-17,11.9,12.25,11.85,12.1,87849,,,
2012-09-18,12.1,12.25,12.1,12.15,37950,,,
2012-09-20,12.05,12.3,11.8,12.2,99800,,,
2012-09-21,12.2,12.55,12.05,12.35,147092,,,
2012-09-24,12.4,12.45,11.9,11.95,57660,,,
2012-09-25,12.0,12.2,11.8,11.95,79261,,,
2012-09-26,11.95,12.1,11.9,11.95,40410,,,
2012-09-27,12.1,12.25,11.85,12.0,245276,,,
2012-09-28,12.2,12.3,11.25,12.2,60621,,,
2012-10-01,12.25,12.6,12.2,12.5,20612,,,
2012-10-03,12.55,12.75,12.3,12.45,31706,,,
2012-10-04,12.45,12.6,12.4,12.5,18330,,,
2012-10-05,12.55,12.6,12.35,12.35,6314,,,
2012-10-08,12.35,12.6,12.35,12.4,36546,,,
2012-10-09,12.5,12.5,12.4,12.45,46672,,,
2012-10-10,12.35,12.45,12.3,12.4,4988,,,
2012-10-11,12.5,12.6,12.4,12.55,15051,,,
2012-10-12,12.5,12.6,12.45,12.55,13842,,,
2012-10-15,12.55,12.85,12.45,12.75,20449,,,
2012-10-16,12.85,13.0,12.4,12.5,44912,,,
2012-10-17,12.6,12.9,12.5,12.9,38348,,,
2012-10-18,12.9,13.2,12.9,13.15,51970,,,
2012-10-19,13.2,13.4,12.95,13.1,44294,,,
2012-10-22,13.05,13.15,12.75,13.1,21045,,,
2012-10-23,13.1,13.15,12.9,12.95,6197,,,
2012-10-25,12.95,13.1,12.95,13.05,8295,,,
2012-10-26,13.1,13.25,12.95,13.0,3938,,,
2012-10-29,13.0,13.0,12.55,12.6,63341,,,
2012-10-30,12.55,12.6,11.9,12.2,78423,,,
2012-10-31,12.25,12.45,12.2,12.4,21197,,,
2012-11-01,12.45,12.5,12.3,12.4,10205,,,
2012-11-02,12.4,12.6,12.3,12.4,127288,,,
2012-11-05,12.25,12.4,12.1,12.1,90657,,,
2012-11-06,12.1,12.35,11.9,12.15,120992,,,
2012-11-07,12.2,12.35,12.05,12.25,134858,,,
2012-11-08,12.1,12.25,12.1,12.15,84034,,,
2012-11-09,12.1,12.4,11.8,11.85,32617,,,
2012-11-12,11.95,12.0,11.85,11.9,5751,,,
2012-11-13,11.85,12.25,11.85,12.2,4891,,,
2012-11-15,11.9,12.2,11.85,11.9,34534,,,
2012-11-16,11.95,12.15,11.9,12.1,12055,,,
2012-11-19,12.1,12.15,12.05,12.1,60716,,,
2012-11-20,12.1,12.25,12.05,12.1,116683,,,
2012-11-21,11.85,12.25,11.7,12.2,11103,,,
2012-11-22,12.05,12.45,12.05,12.25,28354,,,
2012-11-23,12.25,12.25,11.85,12.05,11079,,,
2012-11-26,12.05,12.2,12.05,12.1,32154,,,
2012-11-27,11.85,12.2,11.85,12.0,24971,,,
2012-11-29,11.9,12.35,11.9,12.25,4142,,,
2012-11-30,12.15,12.25,11.95,12.0,9564,,,
2012-12-03,12.0,12.15,11.9,11.95,30951,,,
2012-12-04,12.05,12.15,11.95,12.1,15364,,,
2012-12-05,12.05,12.4,12.05,12.2,18200,,,
2012-12-06,12.4,12.4,11.95,12.05,4856,,,
2012-12-07,12.1,12.25,11.95,12.1,17740,,,
2012-12-10,12.2,12.25,11.95,12.15,59615,,,
2012-12-11,12.75,12.85,12.05,12.1,43639,,,
2012-12-12,12.35,12.35,11.8,11.9,73627,,,
2012-12-13,12.0,12.1,11.85,12.0,13438,,,
2012-12-14,12.0,12.0,11.75,11.95,27628,,,
2012-12-17,11.95,12.0,11.75,11.8,47261,,,
2012-12-18,11.7,12.0,11.7,11.85,5544,,,
2012-12-19,11.85,12.35,11.85,12.05,30508,,,
2012-12-20,11.75,12.1,11.75,12.0,5769,,,
2012-12-21,12.0,12.1,11.9,11.95,8869,,,
2012-12-24,12.0,12.1,11.85,12.05,7588,,,
2012-12-26,12.05,12.3,11.95,12.25,11281,,,
2012-12-27,12.3,12.5,12.25,12.45,17203,,,
2012-12-28,12.8,12.85,12.35,12.8,35238,,,
2012-12-31,12.8,13.4,12.75,13.2,29895,,,
2013-01-01,13.3,13.45,13.0,13.1,14283,,,
2013-01-02,13.1,13.4,13.05,13.35,261343,,,
2013-01-03,13.35,13.4,13.15,13.15,8373,,,
2013-01-04,13.2,13.35,13.1,13.3,6923,,,
2013-01-07,13.3,13.5,13.15,13.15,5826,,,
2013-01-08,13.15,13.4,13.1,13.3,14846,,,
2013-01-09,13.35,13.5,13.3,13.4,20529,,,
2013-01-10,13.35,13.6,13.1,13.1,90811,,,
2013-01-11,13.1,13.4,12.95,13.05,39754,,,
2013-01-14,13.25,13.25,13.05,13.15,3934,,,
2013-01-15,13.1,13.35,13.1,13.1,14651,,,
2013-01-16,13.35,13.35,12.95,13.05,9762,,,
2013-01-17,13.15,13.25,12.95,13.1,11199,,,
2013-01-18,13.05,13.25,12.95,13.2,4102,,,
2013-01-21,13.2,13.3,12.95,13.05,8894,,,
2013-01-22,13.1,13.15,12.85,12.85,6497,,,
2013-01-23,12.8,13.05,12.5,12.6,28124,,,
2013-01-24,12.7,12.7,12.1,12.2,29894,,,
2013-01-25,12.2,13.1,11.95,12.4,101254,,,
2013-01-28,12.4,13.35,12.4,13.15,79690,,,
2013-01-29,13.1,13.15,12.85,12.95,52928,,,
2013-01-30,12.95,13.1,12.8,12.85,3841,,,
2013-01-31,12.85,12.95,12.65,12.85,8409,,,
2013-02-01,12.95,13.1,12.75,12.85,2504,,,
2013-02-04,13.0,13.05,12.75,12.8,4091,,,
2013-02-05,12.8,12.9,12.55,12.9,14296,,,
2013-02-06,12.85,13.0,12.85,12.85,62379,,,
2013-02-07,12.85,13.25,12.8,13.15,23956,,,
2013-02-08,13.15,13.15,12.85,12.85,15851,,,
2013-02-11,12.9,13.0,12.75,12.9,14038,,,
2013-02-12,13.05,13.05,12.8,12.9,11115,,,
2013-02-13,13.05,13.05,12.75,12.75,10186,,,
2013-02-14,12.8,12.8,12.35,12.4,5898,,,
2013-02-15,12.35,12.6,12.25,12.3,7215,,,
2013-02-18,12.45,12.5,12.15,12.2,8280,,,
2013-02-19,12.4,12.4,12.15,12.2,6162,,,
2013-02-20,12.25,12.4,12.15,12.25,4665,,,
2013-02-21,12.3,12.3,12.1,12.2,8480,,,
2013-02-22,12.25,12.4,12.05,12.2,6431,,,
2013-02-25,12.1,12.3,11.9,11.9,15540,,,
2013-02-26,12.1,12.1,11.35,11.55,17861,,,
2013-02-27,11.65,11.7,11.4,11.5,9259,,,
2013-02-28,11.55,11.65,11.3,11.4,9142,,,
2013-03-01,11.5,11.8,11.4,11.75,11344,,,
2013-03-04,11.8,12.9,11.7,12.5,59225,,,
2013-03-05,12.5,12.6,12.0,12.55,22367,,,
2013-03-06,12.4,12.75,12.35,12.6,8401,,,
2013-03-07,12.45,12.7,12.4,12.6,3853,,,
2013-03-08,12.7,12.7,12.4,12.45,24097,,,
2013-03-11,12.6,12.7,12.4,12.5,211447,,,
2013-03-12,12.5,12.6,12.15,12.3,2606,,,
2013-03-13,12.3,12.4,12.1,12.2,4670,,,
2013-03-14,11.9,12.3,11.75,11.9,10800,,,
2013-03-15,11.75,12.0,11.55,11.7,17917,,,
2013-03-18,11.6,11.85,11.5,11.65,4197,,,
2013-03-19,11.75,11.75,11.45,11.55,5239,,,
2013-03-20,11.55,11.6,11.35,11.4,4578,,,
2013-03-21,11.6,11.6,11.3,11.4,6197,,,
2013-03-22,11.4,11.6,11.15,11.55,26700,,,
2013-03-25,12.0,12.0,11.4,11.5,5122,,,
2013-03-26,11.35,11.5,11.3,11.4,3081,,,
2013-03-28,11.45,11.85,11.25,11.65,38908,,,
2013-04-01,11.55,11.85,11.3,11.45,4613,,,
2013-04-02,11.4,11.75,11.4,11.7,6067,,,
2013-04-03,11.7,12.45,11.7,12.3,107496,,,
2013-04-04,12.25,12.25,11.7,11.9,7577,,,
2013-04-05,11.9,12.25,11.75,11.85,20777,,,
2013-04-08,11.95,12.1,11.8,11.95,27323,,,
2013-04-09,11.95,12.25,11.8,12.0,1976,,,
2013-04-10,11.95,12.1,11.75,12.1,21467,,,
2013-04-11,12.05,12.05,11.65,11.75,6730,,,
2013-04-12,11.85,11.9,11.65,11.75,1423,,,
2013-04-15,11.75,11.85,11.5,11.55,3616,,,
2013-04-16,11.55,11.75,11.55,11.7,4676,,,
2013-04-17,11.7,11.8,11.55,11.7,7702,,,
2013-04-18,11.75,11.8,11.65,11.75,2484,,,
2013-04-22,11.85,11.85,11.7,11.8,2639,,,
2013-04-23,11.9,12.05,11.75,11.95,1667,,,
2013-04-25,11.95,12.0,11.85,11.9,2071,,,
2013-04-26,11.95,12.2,11.9,12.1,4422,,,
2013-04-29,12.0,12.2,11.55,12.05,1822,,,
2013-04-30,11.7,12.15,11.7,11.9,2181,,,
2013-05-02,11.9,12.4,11.85,12.05,9757,,,
2013-05-03,12.1,12.25,11.95,12.1,42475,,,
2013-05-06,12.2,12.2,12.0,12.1,20625,,,
2013-05-07,12.1,12.25,11.95,12.1,10320,,,
2013-05-08,12.15,12.8,12.15,12.6,39378,,,
2013-05-09,12.7,12.8,12.5,12.6,15203,,,
2013-05-10,12.55,13.3,12.55,13.15,81780,,,
2013-05-11,12.85,13.1,12.6,12.7,3040,,,
2013-05-13,12.7,12.85,12.55,12.6,3366,,,
2013-05-14,12.65,12.8,12.55,12.6,2695,,,
2013-05-15,12.6,13.15,12.35,12.95,8215,,,
2013-05-16,12.65,13.15,12.65,13.1,11255,,,
2013-05-17,13.0,13.65,12.95,13.35,19216,,,
2013-05-20,13.3,13.4,12.95,12.95,5278,,,
2013-05-21,12.9,13.25,12.65,12.75,6541,,,
2013-05-22,13.0,13.0,12.65,12.7,4189,,,
2013-05-23,12.6,12.75,12.55,12.65,3440,,,
2013-05-24,12.45,12.75,12.45,12.65,958,,,
2013-05-27,12.75,13.2,12.55,12.95,3416,,,
2013-05-28,13.2,13.2,12.7,13.05,4852,,,
2013-05-29,12.75,13.2,12.75,12.95,4824,,,
2013-05-30,13.15,13.15,12.7,12.8,3987,,,
2013-05-31,13.3,13.55,13.05,13.25,121927,,,
2013-06-03,13.3,13.4,13.1,13.2,5259,,,
2013-06-04,13.2,13.85,13.2,13.4,25244,,,
2013-06-05,13.45,13.6,13.4,13.5,9444,,,
2013-06-06,13.4,13.8,13.4,13.6,69227,,,
2013-06-07,13.65,13.7,13.35,13.4,46505,,,
2013-06-10,13.4,13.95,13.4,13.65,113953,,,
2013-06-11,13.55,13.8,13.25,13.3,7203,,,
2013-06-12,13.3,13.7,13.25,13.6,16707,,,
2013-06-13,13.35,13.65,13.0,13.3,62012,,,
2013-06-14,13.4,13.6,13.25,13.4,15257,,,
2013-06-17,13.4,13.4,12.7,13.1,4906,,,
2013-06-18,12.95,13.6,12.95,13.4,6995,,,
2013-06-19,13.3,13.55,13.15,13.4,3191,,,
2013-06-20,13.3,13.35,13.1,13.25,2607,,,
2013-06-21,13.3,13.4,12.7,12.9,60365,,,
2013-06-24,12.9,12.9,12.55,12.65,152339,,,
2013-06-25,12.85,12.85,12.55,12.7,24950,,,
2013-06-26,12.5,12.75,12.5,12.65,882,,,
2013-06-27,12.9,12.9,12.45,12.6,976,,,
2013-06-28,12.95,12.95,12.65,12.9,12357,,,
2013-07-01,12.9,13.1,12.65,12.75,5003,,,
2013-07-02,12.85,13.05,12.8,12.9,7077,,,
2013-07-03,12.7,12.9,12.55,12.55,3151,,,
2013-07-04,12.6,12.75,12.45,12.6,7933,,,
2013-07-05,12.8,12.8,12.6,12.75,2503,,,
2013-07-08,12.6,12.7,12.5,12.6,8166,,,
2013-07-09,12.65,12.8,12.5,12.6,82211,,,
2013-07-10,12.55,12.7,12.4,12.4,20755,,,
2013-07-11,12.3,12.65,12.3,12.4,18459,,,
2013-07-12,12.5,12.6,12.3,12.4,3287,,,
2013-07-15,12.4,12.5,12.3,12.4,17246,,,
2013-07-16,12.55,12.55,12.3,12.35,791,,,
2013-07-17,12.45,12.6,12.15,12.25,4588,,,
2013-07-18,12.2,12.3,12.1,12.15,2338,,,
2013-07-19,12.25,12.4,12.05,12.15,17922,,,
2013-07-22,12.1,12.25,11.95,12.05,2504,,,
2013-07-23,12.1,12.25,12.0,12.2,2448,,,
2013-07-24,12.25,12.25,11.95,12.05,151779,,,
2013-07-25,12.25,12.25,11.9,12.0,31576,,,
2013-07-26,11.9,12.1,11.4,11.75,23430,,,
2013-07-29,12.4,12.4,11.4,11.5,2217,,,
2013-07-30,11.5,11.5,11.35,11.4,5145,,,
2013-07-31,11.35,11.5,10.85,11.15,57525,,,
2013-08-01,11.15,11.5,11.15,11.3,15450,,,
2013-08-02,11.15,11.4,11.15,11.3,24589,,,
2013-08-05,11.3,11.65,11.25,11.45,14987,,,
2013-08-06,11.35,12.05,11.25,11.55,16149,,,
2013-08-07,11.5,11.75,11.3,11.45,4738,,,
2013-08-08,11.5,11.8,11.4,11.7,112544,,,
2013-08-12,11.8,12.25,11.7,12.0,4006,,,
2013-08-13,12.1,12.4,11.85,12.2,3754,,,
2013-08-14,12.3,12.4,12.1,12.15,2953,,,
2013-08-16,12.15,12.3,11.9,12.05,3163,,,
2013-08-19,12.0,12.1,11.85,12.0,3017,,,
2013-08-20,11.85,12.0,11.6,11.95,3678,,,
2013-08-21,12.1,12.1,11.8,12.0,2274,,,
2013-08-22,11.95,12.1,11.85,11.85,16236,,,
2013-08-23,12.0,12.05,11.75,11.9,67311,,,
2013-08-26,11.8,12.0,11.75,11.9,40794,,,
2013-08-27,11.8,12.0,11.45,11.65,8830,,,
2013-08-28,11.55,11.75,11.35,11.4,32339,,,
2013-08-29,11.35,11.9,11.35,11.75,10898,,,
2013-08-30,11.75,11.9,11.7,11.8,2226,,,
2013-09-02,11.7,12.0,11.7,11.9,26989,,,
2013-09-03,11.8,12.0,11.8,11.9,1312,,,
2013-09-04,12.05,12.1,11.8,12.0,2734,,,
2013-09-05,12.05,12.1,11.85,11.9,1016,,,
2013-09-06,11.8,12.0,11.75,11.9,3959,,,
2013-09-10,11.8,12.2,11.8,12.15,3490,,,
2013-09-11,11.9,12.2,11.9,12.1,26171,,,
2013-09-12,11.95,12.1,11.9,11.95,25915,,,
2013-09-13,12.0,12.1,11.8,11.9,64645,,,
2013-09-16,11.9,12.1,11.7,11.85,77679,,,
2013-09-17,11.65,11.8,11.6,11.65,1564,,,
2013-09-18,11.7,11.75,11.55,11.6,13237,,,
2013-09-19,11.6,11.8,11.6,11.65,8562,,,
2013-09-20,11.65,11.65,10.55,10.95,190240,,,
2013-09-23,11.25,11.25,10.75,10.95,8693,,,
2013-09-24,11.1,11.3,10.6,10.9,14678,,,
2013-09-25,10.9,11.2,10.8,11.05,19507,,,
2013-09-26,11.05,11.25,10.9,11.15,19717,,,
2013-09-27,11.15,11.15,10.9,11.0,21156,,,
2013-09-30,11.05,11.15,10.75,11.0,11750,,,
2013-10-01,10.85,11.2,10.85,10.95,61501,,,
2013-10-03,11.1,11.15,11.0,11.05,8477,,,
2013-10-04,10.9,11.3,10.85,10.95,66067,,,
2013-10-07,11.0,11.1,10.85,10.9,57050,,,
2013-10-08,11.05,11.05,10.85,10.95,17250,,,
2013-10-09,10.95,11.0,10.85,10.95,37341,,,
2013-10-10,11.0,11.2,10.9,11.1,11804,,,
2013-10-11,11.2,11.2,10.9,11.0,20069,,,
2013-10-14,11.1,11.15,10.75,11.0,19844,,,
2013-10-15,11.05,11.05,10.85,10.9,31692,,,
2013-10-17,11.0,11.0,10.75,10.85,8387,,,
2013-10-18,10.95,11.45,10.8,11.0,22071,,,
2013-10-21,11.2,11.35,10.95,11.1,12511,,,
2013-10-22,11.0,11.3,11.0,11.1,59475,,,
2013-10-23,11.2,11.2,10.9,11.05,26688,,,
2013-10-24,11.05,11.1,10.8,10.9,24291,,,
2013-10-25,10.9,10.95,10.65,10.75,15402,,,
2013-10-28,10.75,10.9,10.75,10.8,9415,,,
2013-10-29,10.9,10.9,10.75,10.85,9958,,,
2013-10-30,11.0,11.0,10.75,10.9,6596,,,
2013-10-31,10.9,10.9,10.6,10.8,23997,,,
2013-11-01,10.85,10.9,10.75,10.8,48508,,,
2013-11-03,10.9,10.95,10.8,10.85,940,,,
2013-11-05,10.8,11.0,10.7,10.85,9780,,,
2013-11-06,10.85,10.85,10.75,10.8,16236,,,
2013-11-07,10.75,10.85,10.7,10.8,7416,,,
2013-11-08,10.75,10.9,10.7,10.9,6792,,,
2013-11-11,10.9,10.95,10.75,10.8,5233,,,
2013-11-12,10.8,10.8,10.7,10.7,3643,,,
2013-11-13,10.7,10.85,10.65,10.8,4496,,,
2013-11-14,10.8,10.95,10.65,10.85,4710,,,
2013-11-18,10.85,10.85,10.7,10.75,49882,,,
2013-11-19,10.85,10.85,10.75,10.8,36801,,,
2013-11-20,10.8,10.8,10.75,10.8,2973,,,
2013-11-21,10.7,10.85,10.7,10.75,3078,,,
2013-11-22,10.85,10.85,10.7,10.75,81044,,,
2013-11-25,10.75,10.8,10.75,10.75,4463,,,
2013-11-26,10.75,10.8,10.65,10.75,4625,,,
2013-11-27,10.65,10.75,10.65,10.7,2969,,,
2013-11-28,10.7,10.8,10.6,10.7,6055,,,
2013-11-29,10.75,10.75,10.6,10.65,3790,,,
2013-12-02,10.65,10.75,10.55,10.65,4428,,,
2013-12-03,10.55,10.75,10.55,10.7,2668,,,
2013-12-04,10.7,10.75,10.55,10.65,4401,,,
2013-12-05,10.7,10.7,10.55,10.6,5169,,,
2013-12-06,10.5,10.65,10.5,10.6,5910,,,
2013-12-09,10.65,10.7,10.6,10.6,5206,,,
2013-12-10,10.55,10.6,10.55,10.6,24548,,,
2013-12-11,10.55,10.65,10.55,10.55,7005,,,
2013-12-12,10.6,10.6,10.55,10.55,6489,,,
2013-12-13,10.6,10.6,10.15,10.35,12573,,,
2013-12-16,10.55,10.7,10.15,10.2,151713,,,
2013-12-17,10.25,10.25,10.1,10.15,16093,,,
2013-12-18,10.3,10.3,10.05,10.1,11477,,,
2013-12-19,10.15,10.3,10.05,10.15,6632,,,
2013-12-20,10.35,10.35,10.0,10.05,24996,,,
2013-12-23,10.1,10.15,10.0,10.1,24862,,,
2013-12-24,10.15,10.25,10.05,10.15,14701,,,
2013-12-26,10.15,10.25,10.1,10.2,16414,,,
2013-12-27,10.2,10.25,10.1,10.15,13796,,,
2013-12-30,10.25,10.25,10.05,10.1,12270,,,
2013-12-31,10.05,10.7,10.05,10.4,11188,,,
2014-01-01,10.4,10.55,10.3,10.35,12546,,,
2014-01-02,10.35,10.55,10.25,10.3,11978,,,
2014-01-03,10.25,10.4,10.15,10.25,6118,,,
2014-01-06,10.35,10.5,10.25,10.35,7618,,,
2014-01-07,10.4,10.5,10.2,10.3,7712,,,
2014-01-08,10.3,10.4,10.2,10.3,3954,,,
2014-01-09,10.35,10.35,10.15,10.25,5508,,,
2014-01-10,10.25,10.25,9.8,10.0,30391,,,
2014-01-13,10.0,10.25,10.0,10.15,5058,,,
2014-01-14,10.1,10.3,10.05,10.15,3844,,,
2014-01-15,10.05,10.2,10.05,10.1,6043,,,
2014-01-16,10.05,10.15,10.05,10.05,35151,,,
2014-01-17,10.0,10.2,9.95,10.05,6586,,,
2014-01-20,10.05,10.2,10.0,10.15,6031,,,
2014-01-21,10.1,10.15,10.05,10.1,3385,,,
2014-01-22,10.1,10.2,10.05,10.1,3598,,,
2014-01-23,10.1,10.25,10.05,10.15,5369,,,
2014-01-24,10.1,10.15,9.65,9.8,48027,,,
2014-01-27,9.8,9.8,9.4,9.6,76580,,,
2014-01-28,9.45,9.7,9.45,9.65,232896,,,
2014-01-29,9.65,9.65,9.45,9.5,89711,,,
2014-01-30,9.5,9.6,9.35,9.45,14327,,,
2014-01-31,9.45,9.45,9.4,9.4,3825,,,
2014-02-03,9.4,9.45,9.2,9.25,19077,,,
2014-02-04,9.25,9.45,9.0,9.3,14118,,,
2014-02-05,9.3,9.3,9.2,9.25,7837,,,
2014-02-06,9.3,9.3,9.1,9.15,133115,,,
2014-02-07,9.25,9.45,9.15,9.25,81296,,,
2014-02-10,9.2,9.5,9.2,9.4,30873,,,
2014-02-11,9.4,9.45,9.3,9.4,4927,,,
2014-02-12,9.4,9.7,9.3,9.6,7242,,,
2014-02-13,9.65,10.05,9.45,9.65,10395,,,
2014-02-14,9.6,9.8,9.45,9.8,5603,,,
2014-02-17,9.75,9.8,9.5,9.6,11787,,,
2014-02-18,9.5,9.6,9.4,9.5,2726,,,
2014-02-19,9.5,9.6,9.35,9.45,2750,,,
2014-02-20,9.7,9.7,9.4,9.4,2415,,,
2014-02-21,9.55,9.55,9.3,9.4,12049,,,
2014-02-24,9.45,9.5,9.3,9.35,2418,,,
2014-02-25,9.35,9.6,9.35,9.55,2629,,,
2014-02-26,9.45,9.5,9.35,9.4,92570,,,
2014-02-28,9.5,9.55,9.35,9.4,149858,,,
2014-03-03,9.4,9.55,9.3,9.35,105505,,,
2014-03-04,9.3,9.5,9.25,9.35,38102,,,
2014-03-05,9.35,9.8,9.35,9.75,38183,,,
2014-03-06,9.7,9.95,9.7,9.9,78851,,,
2014-03-07,10.2,10.2,9.7,9.9,88901,,,
2014-03-10,9.85,10.1,9.75,9.95,54731,,,
2014-03-11,9.95,10.1,9.8,10.0,10200,,,
2014-03-12,9.85,9.95,9.8,9.85,36293,,,
2014-03-13,9.9,10.4,9.8,10.1,114227,,,
2014-03-14,10.1,10.2,9.95,10.15,11768,,,
2014-03-18,10.15,10.5,10.05,10.35,107814,,,
2014-03-19,10.3,10.45,10.2,10.4,16000,,,
2014-03-20,10.25,10.5,10.25,10.3,4239,,,
2014-03-21,10.35,10.4,9.8,10.0,31531,,,
2014-03-22,10.35,10.4,10.15,10.2,2132,,,
2014-03-24,10.1,10.85,10.1,10.7,92067,,,
2014-03-25,10.65,10.9,10.6,10.7,45672,,,
2014-03-26,10.75,11.0,10.5,10.9,66581,,,
2014-03-27,10.9,11.55,10.75,11.25,43975,,,
2014-03-28,11.5,11.75,11.1,11.6,56220,,,
2014-03-31,11.45,12.05,11.4,11.6,33289,,,
2014-04-01,11.55,11.75,11.3,11.4,17414,,,
2014-04-02,11.5,11.75,11.1,11.2,35746,,,
2014-04-03,11.2,11.4,10.8,11.0,23138,,,
2014-04-04,10.9,11.75,10.45,11.5,413655,,,
2014-04-07,11.6,11.65,11.0,11.25,53906,,,
2014-04-09,11.15,11.55,11.05,11.45,63205,,,
2014-04-10,11.55,12.7,11.3,12.3,174441,,,
2014-04-11,12.55,12.55,12.0,12.15,150948,,,
2014-04-15,12.25,12.85,12.2,12.4,158201,,,
2014-04-16,12.4,12.7,12.1,12.15,75479,,,
2014-04-17,12.15,12.45,12.0,12.25,56774,,,
2014-04-21,12.25,12.45,12.15,12.4,48914,,,
2014-04-22,12.4,12.65,12.3,12.4,45166,,,
2014-04-23,12.4,12.6,12.2,12.5,83131,,,
2014-04-25,12.4,12.6,12.25,12.55,38446,,,
2014-04-28,12.55,12.6,12.25,12.55,34061,,,
2014-04-29,12.4,12.85,12.25,12.6,62801,,,
2014-04-30,12.55,12.75,11.9,12.25,116674,,,
2014-05-02,12.25,12.45,12.15,12.25,52813,,,
2014-05-05,12.1,12.5,12.05,12.4,37094,,,
2014-05-06,12.3,12.5,12.3,12.45,20648,,,
2014-05-07,12.3,12.5,12.3,12.4,29932,,,
2014-05-08,12.3,12.45,12.15,12.25,61597,,,
2014-05-09,12.15,12.45,12.15,12.35,84438,,,
2014-05-12,12.4,12.85,12.4,12.6,94152,,,
2014-05-13,12.65,14.9,12.5,13.55,379684,,,
2014-05-14,13.55,13.95,13.25,13.4,138098,,,
2014-05-15,13.4,13.6,13.2,13.45,68503,,,
2014-05-16,13.6,16.15,13.5,14.3,229296,,,
2014-05-19,14.35,15.2,14.35,14.75,345523,,,
2014-05-20,14.85,15.7,14.85,15.2,149973,,,
2014-05-21,15.2,15.5,14.9,15.25,116214,,,
2014-05-22,15.3,16.3,15.3,15.95,237930,,,
2014-05-23,16.85,17.4,16.4,16.45,222954,,,
2014-05-26,16.7,17.6,15.4,16.45,466306,,,
2014-05-27,16.4,16.5,15.8,15.95,110370,,,
2014-05-28,16.25,16.55,15.95,16.05,103930,,,
2014-05-29,16.2,16.25,15.85,15.95,156900,,,
2014-05-30,16.85,16.85,16.05,16.25,385410,,,
2014-06-02,16.35,16.95,16.35,16.9,293179,,,
2014-06-03,16.9,17.55,16.6,17.3,177212,,,
2014-06-04,17.4,17.65,17.15,17.5,202172,,,
2014-06-05,17.4,18.2,17.4,18.05,123471,,,
2014-06-06,18.2,18.85,18.2,18.55,189534,,,
2014-06-09,18.7,19.35,18.7,19.05,101844,,,
2014-06-10,19.15,19.25,18.45,18.65,70512,,,
2014-06-11,18.95,18.95,18.2,18.35,65229,,,
2014-06-12,18.45,18.45,17.85,18.25,94269,,,
2014-06-13,18.3,18.7,17.6,18.4,102699,,,
2014-06-16,18.65,18.85,17.95,18.45,61299,,,
2014-06-17,18.3,18.5,17.7,18.4,116371,,,
2014-06-18,18.45,18.75,18.3,18.4,89691,,,
2014-06-19,18.5,20.1,18.5,19.75,317732,,,
2014-06-20,19.85,20.15,19.55,19.7,111722,,,
2014-06-23,19.9,20.0,19.45,19.7,65300,,,
2014-06-24,19.7,20.45,19.6,20.3,126286,,,
2014-06-25,20.35,21.5,20.1,21.3,167303,,,
2014-06-26,21.5,22.1,21.15,21.35,209570,,,
2014-06-27,21.5,21.85,20.45,20.65,130824,,,
2014-06-30,20.8,21.85,19.95,21.75,170652,,,
2014-07-01,21.7,22.5,21.65,22.15,154611,,,
2014-07-02,22.4,22.6,21.9,22.05,95315,,,
2014-07-03,22.2,22.4,21.65,21.95,79268,,,
2014-07-04,22.1,22.3,21.95,22.1,77561,,,
2014-07-07,22.25,23.4,21.6,22.95,237566,,,
2014-07-08,23.1,23.2,21.5,21.65,197086,,,
2014-07-09,21.7,21.7,19.55,19.8,311999,,,
2014-07-10,19.8,20.0,17.85,18.55,712230,,,
2014-07-11,18.7,19.5,17.75,17.9,163951,,,
2014-07-14,17.95,18.4,17.2,18.15,96333,,,
2014-07-15,18.45,18.95,18.25,18.75,98117,,,
2014-07-16,18.75,19.2,18.4,18.75,82460,,,
2014-07-17,18.9,18.95,18.55,18.6,41799,,,
2014-07-18,18.5,18.9,18.2,18.7,79525,,,
2014-07-21,18.7,19.05,18.35,18.4,47807,,,
2014-07-22,18.4,19.05,18.35,18.6,77368,,,
2014-07-23,18.55,19.05,18.55,18.65,53384,,,
2014-07-24,18.8,18.8,18.35,18.45,26909,,,
2014-07-25,18.45,18.6,18.0,18.15,40368,,,
2014-07-28,18.2,18.3,17.5,17.6,74923,,,
2014-07-30,17.45,17.8,17.4,17.65,60800,,,
2014-07-31,17.55,18.35,17.55,17.8,280798,,,
2014-08-01,17.7,18.05,17.2,17.7,67622,,,
2014-08-04,17.55,18.0,17.55,17.85,25435,,,
2014-08-05,17.7,18.05,17.6,17.9,33800,,,
2014-08-06,17.8,18.55,17.8,18.1,64246,,,
2014-08-07,18.25,18.95,17.75,17.9,112224,,,
2014-08-08,17.75,18.4,17.55,18.1,91874,,,
2014-08-11,17.85,18.45,17.85,18.25,42553,,,
2014-08-12,18.1,18.4,18.0,18.1,37239,,,
2014-08-13,18.1,18.2,17.45,17.6,28583,,,
2014-08-14,17.6,17.9,17.6,17.8,28593,,,
2014-08-18,17.7,18.7,17.7,18.4,40614,,,
2014-08-19,18.35,18.6,18.3,18.4,20510,,,
2014-08-20,18.3,18.55,18.05,18.1,34115,,,
2014-08-21,18.0,18.3,17.85,17.95,19644,,,
2014-08-22,18.15,18.4,18.15,18.25,56886,,,
2014-08-25,18.25,18.4,17.9,18.25,49759,,,
2014-08-26,18.1,18.25,17.7,17.85,20745,,,
2014-08-27,18.5,21.4,18.5,21.05,1079778,,,
2014-08-28,21.6,22.3,20.65,20.75,938648,,,
2014-09-01,20.95,21.5,20.75,21.3,251818,,,
2014-09-02,21.45,21.45,20.8,20.95,93448,,,
2014-09-03,21.0,21.2,20.35,20.45,81309,,,
2014-09-04,20.65,20.65,19.9,20.05,83239,,,
2014-09-05,20.15,21.9,20.15,21.0,471924,,,
2014-09-08,21.1,21.45,20.75,21.1,117283,,,
2014-09-09,21.2,21.3,20.75,20.85,60783,,,
2014-09-10,20.85,21.2,20.6,20.65,61258,,,
2014-09-11,21.05,21.75,21.05,21.4,271901,,,
2014-09-12,21.35,21.65,20.9,21.2,125604,,,
2014-09-15,21.15,21.9,21.0,21.65,147734,,,
2014-09-16,21.9,22.6,20.75,21.05,264996,,,
2014-09-17,21.4,21.7,20.95,21.4,120988,,,
2014-09-18,21.3,21.85,21.2,21.35,91862,,,
2014-09-19,21.45,21.6,21.25,21.35,49203,,,
2014-09-22,21.3,21.8,21.0,21.25,91402,,,
2014-09-23,21.25,21.6,20.9,21.05,115098,,,
2014-09-24,21.05,21.4,21.05,21.2,59481,,,
2014-09-25,21.25,21.45,20.3,20.7,50336,,,
2014-09-26,20.2,20.6,19.85,20.3,130124,,,
2014-09-29,20.45,20.7,20.25,20.4,92302,,,
2014-09-30,20.45,20.6,19.95,20.1,51890,,,
2014-10-01,20.25,21.2,20.25,20.75,182708,,,
2014-10-07,20.7,21.0,20.1,20.2,163609,,,
2014-10-08,20.3,20.45,19.95,20.0,58393,,,
2014-10-09,20.4,20.9,20.15,20.65,106011,,,
2014-10-10,20.6,20.65,20.15,20.25,50120,,,
2014-10-13,20.15,20.3,20.0,20.25,27858,,,
2014-10-14,20.25,20.45,20.1,20.3,46744,,,
2014-10-16,20.1,20.5,20.0,20.05,64041,,,
2014-10-17,20.05,20.5,20.0,20.2,41076,,,
2014-10-20,20.4,20.5,20.2,20.4,53882,,,
2014-10-21,20.45,21.45,20.1,20.25,220758,,,
2014-10-22,20.4,21.0,20.4,20.9,60689,,,
2014-10-23,21.05,21.05,20.45,20.75,8073,,,
2014-10-27,21.55,22.65,20.6,20.75,267300,,,
2014-10-28,20.9,21.4,20.6,20.65,84816,,,
2014-10-29,20.85,20.9,20.35,20.6,44167,,,
2014-10-30,20.7,20.85,20.4,20.6,30411,,,
2014-10-31,20.7,21.2,20.65,21.05,70817,,,
2014-11-03,21.1,21.3,20.95,21.1,41425,,,
2014-11-05,21.1,21.45,20.75,20.85,70585,,,
2014-11-07,20.95,23.0,20.95,22.55,535132,,,
2014-11-10,23.0,23.9,22.8,23.05,378957,,,
2014-11-11,23.15,23.5,23.05,23.2,97987,,,
2014-11-12,23.0,24.0,23.0,23.3,148709,,,
2014-11-13,23.45,23.6,22.65,22.9,61041,,,
2014-11-14,23.0,23.35,22.45,22.7,49437,,,
2014-11-17,22.85,23.25,22.7,23.05,122941,,,
2014-11-18,23.15,23.55,22.7,22.85,71114,,,
2014-11-19,22.8,23.2,22.45,22.6,55744,,,
2014-11-20,22.6,22.85,22.1,22.2,53512,,,
2014-11-21,22.05,22.5,22.05,22.15,100243,,,
2014-11-24,22.3,23.6,22.25,23.25,228018,,,
2014-11-25,23.45,23.55,22.75,23.05,109267,,,
2014-11-26,23.0,23.35,22.85,23.25,148680,,,
2014-11-27,23.25,23.6,23.15,23.25,118671,,,
2014-11-28,23.4,23.6,23.3,23.45,112477,,,
2014-12-01,23.4,23.5,23.1,23.3,88014,,,
2014-12-02,23.45,25.75,23.25,25.4,712499,,,
2014-12-03,25.85,27.15,25.75,26.6,393330,,,
2014-12-04,26.75,30.15,26.55,29.6,950580,,,
2014-12-05,29.5,31.75,28.8,29.25,661444,,,
2014-12-08,29.0,29.9,28.2,28.4,310944,,,
2014-12-09,28.6,30.05,28.35,28.75,308639,,,
2014-12-10,29.0,29.65,28.1,28.4,196198,,,
2014-12-11,28.65,29.5,27.9,29.2,257851,,,
2014-12-12,29.7,30.15,27.9,28.25,247739,,,
2014-12-15,28.1,28.6,27.3,27.45,146662,,,
2014-12-16,27.15,27.4,26.2,26.8,198649,,,
2014-12-17,26.6,27.4,26.4,26.8,143546,,,
2014-12-18,27.3,28.3,27.25,28.15,213804,,,
2014-12-19,28.65,29.0,28.05,28.25,108465,,,
2014-12-22,28.55,28.6,27.65,27.95,78516,,,
2014-12-23,27.8,28.0,27.4,27.65,56555,,,
2014-12-24,27.45,27.9,27.15,27.55,65569,,,
2014-12-26,27.55,27.85,27.45,27.55,51099,,,
2014-12-29,27.75,28.15,27.55,27.6,84352,,,
2014-12-30,27.7,28.95,27.65,28.35,219229,,,
2014-12-31,28.35,30.3,28.35,29.75,403917,,,
2015-01-01,29.8,30.65,26.4,29.7,167194,,,
2015-01-02,29.55,30.0,29.15,29.55,110066,,,
2015-01-05,29.4,29.6,28.9,29.0,71891,,,
2015-01-06,29.0,29.45,28.2,28.6,143173,,,
2015-01-07,28.7,33.15,28.7,32.45,1080113,,,
2015-01-08,32.4,33.0,31.55,31.75,535550,,,
2015-01-09,31.95,33.55,31.85,32.35,421332,,,
2015-01-12,32.5,33.0,32.0,32.45,303413,,,
2015-01-13,32.65,34.6,32.6,33.65,681982,,,
2015-01-14,33.6,33.9,33.0,33.25,207039,,,
2015-01-15,33.45,33.7,32.9,33.05,111600,,,
2015-01-16,33.3,34.05,33.1,33.25,215845,,,
2015-01-19,33.4,33.65,32.75,32.85,120576,,,
2015-01-20,33.1,33.15,31.75,31.95,179333,,,
2015-01-21,32.1,32.75,31.65,31.85,189277,,,
2015-01-22,32.0,32.85,31.8,32.4,393851,,,
2015-01-23,32.7,33.15,32.15,32.5,284166,,,
2015-01-27,34.55,36.1,33.95,34.4,586093,,,
2015-01-28,34.5,34.8,34.1,34.4,195571,,,
2015-01-29,34.35,34.35,33.45,33.8,114490,,,
2015-01-30,33.9,34.1,33.4,33.7,85606,,,
2015-02-02,33.85,35.35,33.45,34.6,207914,,,
2015-02-03,34.8,36.65,33.8,36.35,444900,,,
2015-02-04,36.75,37.1,35.7,35.9,223281,,,
2015-02-05,35.85,35.9,35.15,35.25,72670,,,
2015-02-06,35.35,35.9,34.3,34.45,81346,,,
2015-02-09,34.45,34.45,33.3,33.4,83594,,,
2015-02-10,33.25,34.4,32.95,33.75,107419,,,
2015-02-11,34.4,35.55,34.4,35.35,323173,,,
2015-02-12,35.55,37.45,34.95,37.25,449283,,,
2015-02-13,37.55,37.7,36.4,36.6,203097,,,
2015-02-16,36.8,37.8,36.4,36.95,162412,,,
2015-02-18,37.25,41.85,37.2,40.35,1106951,,,
2015-02-19,40.2,40.65,38.45,38.75,373900,,,
2015-02-20,38.9,39.8,38.5,38.65,248079,,,
2015-02-23,38.9,39.4,37.4,37.6,210867,,,
2015-02-24,38.05,38.55,37.05,37.35,315061,,,
2015-02-25,37.75,38.25,37.25,37.45,219473,,,
2015-02-26,37.6,38.15,36.55,36.85,345769,,,
2015-02-27,37.75,41.25,37.75,38.05,1634593,,,
2015-02-28,38.75,39.3,36.6,37.7,531673,,,
2015-03-02,37.95,38.0,36.6,36.8,252168,,,
2015-03-03,37.0,37.25,36.4,36.75,192790,,,
2015-03-04,37.0,37.85,36.75,37.0,263615,,,
2015-03-05,37.15,37.3,35.9,36.2,246229,,,
2015-03-09,36.15,36.15,34.65,34.8,179910,,,
2015-03-10,34.95,35.15,33.15,33.5,324897,,,
2015-03-11,33.65,34.9,33.3,33.9,388147,,,
2015-03-12,34.2,34.75,34.05,34.2,207021,,,
2015-03-13,34.5,34.7,33.45,33.6,227278,,,
2015-03-16,33.75,33.8,32.8,32.95,118827,,,
2015-03-17,33.2,34.1,33.1,34.0,274498,,,
2015-03-18,34.05,34.25,33.1,33.25,125598,,,
2015-03-19,33.55,33.75,32.7,32.75,163635,,,
2015-03-20,32.9,32.95,31.8,32.25,153865,,,
2015-03-23,32.45,32.85,31.95,32.2,210459,,,
2015-03-24,32.4,33.0,32.2,32.85,233081,,,
2015-03-25,32.9,32.9,32.05,32.25,112573,,,
2015-03-26,32.2,32.45,31.55,31.95,113201,,,
2015-03-27,32.25,32.3,31.15,31.35,175944,,,
2015-03-30,32.0,33.05,32.0,32.8,444715,,,
2015-03-31,33.0,34.1,32.65,33.85,365053,,,
2015-04-01,33.9,36.3,33.85,35.3,582755,,,
2015-04-06,35.45,36.45,35.45,36.3,236405,,,
2015-04-07,36.5,36.6,35.25,36.25,165649,,,
2015-04-08,36.35,37.6,36.05,37.2,218239,,,
2015-04-09,37.5,37.9,36.75,37.3,137549,,,
2015-04-10,37.35,37.35,36.35,36.7,103156,,,
2015-04-13,36.85,37.0,34.65,34.8,228229,,,
2015-04-15,34.9,35.05,33.15,33.6,318406,,,
2015-04-16,33.8,34.3,33.15,33.3,201196,,,
2015-04-17,33.45,33.65,32.3,32.4,132434,,,
2015-04-20,32.5,33.15,31.3,31.5,189690,,,
2015-04-21,31.8,32.1,31.3,31.6,111636,,,
2015-04-22,31.85,32.3,31.6,32.1,124428,,,
2015-04-23,32.5,32.9,32.15,32.25,153043,,,
2015-04-24,32.4,32.5,31.35,31.45,123733,,,
2015-04-27,31.6,31.7,30.05,30.1,125736,,,
2015-04-28,29.9,30.5,29.55,30.1,126403,,,
2015-04-29,30.2,30.8,29.8,30.3,146037,,,
2015-04-30,30.3,31.4,29.9,31.15,119036,,,
2015-05-04,31.5,32.1,31.3,31.65,94818,,,
2015-05-05,31.75,34.0,31.35,33.05,309581,,,
2015-05-06,33.2,33.95,30.85,31.75,330084,,,
2015-05-07,31.45,32.6,29.9,30.35,362641,,,
2015-05-08,30.8,31.7,30.8,31.35,203370,,,
2015-05-11,31.75,32.3,31.45,31.6,112082,,,
2015-05-12,31.75,32.15,31.1,31.75,184898,,,
2015-05-13,32.05,32.25,31.85,32.0,155665,,,
2015-05-14,32.0,32.25,31.65,31.75,70813,,,
2015-05-15,32.1,32.85,31.75,31.9,105963,,,
2015-05-18,32.1,32.4,31.75,31.95,61128,,,
2015-05-19,32.1,32.4,31.85,32.2,87577,,,
2015-05-20,32.45,32.6,32.0,32.1,53889,,,
2015-05-21,32.4,32.95,32.1,32.5,121767,,,
2015-05-22,32.6,32.65,32.1,32.25,48282,,,
2015-05-25,32.4,32.75,32.25,32.45,56905,,,
2015-05-26,32.45,33.5,32.45,33.3,167479,,,
2015-05-27,33.15,33.65,32.85,33.45,83593,,,
2015-05-28,33.55,34.05,33.45,33.7,84864,,,
2015-05-29,33.85,36.65,32.15,36.15,857269,,,
2015-06-01,36.2,36.9,35.95,36.45,228563,,,
2015-06-02,36.1,36.2,34.65,35.1,234249,,,
2015-06-03,35.2,35.2,31.95,32.85,248054,,,
2015-06-04,33.25,33.7,32.35,33.4,187306,,,
2015-06-05,33.3,34.3,32.85,33.55,154300,,,
2015-06-08,33.6,34.1,33.1,33.25,81401,,,
2015-06-09,33.1,33.6,32.5,32.7,82251,,,
2015-06-10,32.75,33.5,32.75,33.05,62850,,,
2015-06-11,33.3,33.45,32.2,32.4,86056,,,
2015-06-12,32.5,32.9,32.05,32.8,90662,,,
2015-06-15,32.85,33.4,32.6,33.0,76616,,,
2015-06-16,32.7,33.05,32.55,32.95,54693,,,
2015-06-17,33.1,33.7,32.85,33.35,137080,,,
2015-06-18,33.4,34.25,33.4,34.05,127453,,,
2015-06-19,34.2,34.6,34.15,34.4,119556,,,
2015-06-22,34.65,34.75,34.05,34.4,72484,,,
2015-06-23,34.4,34.8,34.1,34.3,77723,,,
2015-06-24,34.4,34.7,33.6,33.95,76637,,,
2015-06-25,33.85,34.25,33.6,34.05,66514,,,
2015-06-26,34.1,35.2,33.9,34.8,153265,,,
2015-06-29,34.2,34.3,33.1,33.65,92634,,,
2015-06-30,33.8,34.3,33.65,34.0,114938,,,
2015-07-01,34.15,34.85,34.1,34.45,100985,,,
2015-07-02,34.55,35.1,34.35,34.5,95886,,,
2015-07-03,34.6,34.9,34.35,34.55,68023,,,
2015-07-06,34.3,34.45,32.25,34.2,83542,,,
2015-07-07,34.3,35.5,34.25,34.9,145559,,,
2015-07-08,34.6,35.15,34.1,34.45,90532,,,
2015-07-09,34.65,35.0,34.4,34.6,57307,,,
2015-07-10,34.8,35.05,34.35,34.75,45816,,,
2015-07-13,34.85,35.0,34.55,34.85,42989,,,
2015-07-14,34.9,35.6,34.8,35.25,97792,,,
2015-07-15,35.5,35.85,35.35,35.6,69354,,,
2015-07-16,35.85,37.15,35.55,36.95,249097,,,
2015-07-17,37.4,37.55,36.75,36.85,141867,,,
2015-07-20,37.0,37.15,36.65,36.9,53574,,,
2015-07-21,37.1,37.6,36.5,36.6,127143,,,
2015-07-22,36.65,37.15,36.15,37.0,51818,,,
2015-07-23,37.35,38.3,37.2,37.95,184205,,,
2015-07-24,38.15,38.25,36.95,37.1,132655,,,
2015-07-27,39.5,39.7,37.0,37.2,406864,,,
2015-07-28,37.55,38.1,37.25,37.9,131258,,,
2015-07-29,38.1,39.9,37.65,39.7,275900,,,
2015-07-30,40.15,40.2,39.5,39.65,146250,,,
2015-07-31,39.8,40.55,39.55,40.25,194053,,,
2015-08-03,40.25,41.95,40.2,41.65,206935,,,
2015-08-04,41.9,42.0,41.1,41.7,166575,,,
2015-08-05,41.8,41.95,40.65,40.85,105753,,,
2015-08-06,40.95,41.0,39.65,40.2,109711,,,
2015-08-07,40.3,40.85,39.8,40.05,121221,,,
2015-08-10,40.0,40.4,39.4,39.6,57703,,,
2015-08-11,39.55,39.85,38.3,38.5,115139,,,
2015-08-12,38.6,38.65,37.5,37.7,110640,,,
2015-08-13,38.0,38.75,37.75,37.95,126717,,,
2015-08-14,38.15,38.95,37.85,38.85,119870,,,
2015-08-17,39.05,39.05,38.15,38.3,79617,,,
2015-08-18,38.4,38.65,37.4,37.5,126876,,,
2015-08-19,37.9,37.9,36.75,36.8,268499,,,
2015-08-20,36.85,37.15,36.3,36.6,131722,,,
2015-08-21,36.35,36.45,35.8,36.2,154849,,,
2015-08-24,35.45,35.45,31.55,32.05,208565,,,
2015-08-25,32.4,33.95,29.8,33.7,298533,,,
2015-08-26,33.4,34.3,32.5,34.0,133293,,,
2015-08-27,34.3,35.0,34.3,34.55,122916,,,
2015-08-28,34.75,36.1,34.75,35.1,163872,,,
2015-08-31,35.2,35.25,33.9,34.05,129035,,,
2015-09-01,33.75,33.75,32.45,32.55,123788,,,
2015-09-02,32.9,34.1,32.65,33.1,189370,,,
2015-09-03,33.35,33.95,33.05,33.35,80561,,,
2015-09-04,33.35,33.35,32.45,32.6,160864,,,
2015-09-07,32.6,32.75,31.6,31.9,169429,,,
2015-09-08,32.0,33.3,31.9,33.05,140064,,,
2015-09-09,33.85,34.25,33.4,33.85,237748,,,
2015-09-10,33.4,35.1,33.1,34.35,379601,,,
2015-09-11,35.0,35.45,33.6,33.75,549262,,,
2015-09-14,34.85,34.85,32.65,33.15,430730,,,
2015-09-15,33.2,33.8,32.4,32.95,341603,,,
2015-09-16,33.3,34.05,32.5,32.6,308224,,,
2015-09-18,33.3,33.8,32.7,32.95,402768,,,
2015-09-21,33.2,33.8,33.05,33.4,272764,,,
2015-09-22,33.65,33.75,32.95,33.15,275165,,,
2015-09-23,33.0,35.0,32.8,34.6,689983,,,
2015-09-24,35.15,36.05,34.3,35.5,1373524,,,
2015-09-28,35.8,36.55,35.5,35.85,352265,,,
2015-09-29,35.4,35.8,34.6,34.8,274595,,,
2015-09-30,35.15,35.3,34.1,34.4,230742,,,
2015-10-01,34.55,35.0,34.25,34.65,223725,,,
2015-10-05,35.05,36.05,35.05,35.9,294851,,,
2015-10-06,36.65,37.15,35.55,36.0,562842,,,
2015-10-07,36.0,36.8,35.5,36.45,319181,,,
2015-10-08,36.5,36.65,36.05,36.45,154363,,,
2015-10-09,36.6,37.1,36.45,36.6,237721,,,
2015-10-12,36.75,36.9,36.35,36.6,126431,,,
2015-10-13,36.35,36.6,35.75,36.0,140925,,,
2015-10-14,35.9,36.3,35.7,35.95,102635,,,
2015-10-15,36.25,36.25,35.65,35.85,84793,,,
2015-10-16,36.05,36.3,35.35,36.1,189282,,,
2015-10-19,36.25,36.45,35.9,36.0,73927,,,
2015-10-20,36.3,38.05,36.0,37.75,478436,,,
2015-10-21,38.05,38.15,36.35,37.25,331516,,,
2015-10-23,37.55,37.65,36.55,36.85,138813,,,
2015-10-26,37.1,37.1,36.2,36.4,264461,,,
2015-10-27,36.25,37.2,36.25,36.85,230239,,,
2015-10-28,36.85,37.25,36.35,36.75,256599,,,
2015-10-29,36.7,37.6,36.55,36.9,955020,,,
2015-10-30,38.05,38.45,37.4,37.7,718830,,,
2015-11-02,37.7,37.95,37.05,37.3,99791,,,
2015-11-03,37.6,38.35,36.5,38.1,356213,,,
2015-11-04,38.35,38.8,37.7,38.05,214536,,,
2015-11-05,37.9,38.05,37.4,37.6,100160,,,
2015-11-06,37.6,38.25,37.45,37.7,259455,,,
2015-11-09,37.25,39.4,36.8,39.1,357971,,,
2015-11-10,39.2,39.2,37.6,37.85,181649,,,
2015-11-11,38.05,38.7,37.9,38.55,41690,,,
2015-11-13,38.35,38.35,37.1,37.45,114163,,,
2015-11-16,37.4,38.3,37.1,37.85,121330,,,
2015-11-17,37.9,38.45,37.85,38.0,150326,,,
2015-11-18,38.05,38.1,37.1,37.3,129575,,,
2015-11-19,37.45,37.95,37.3,37.8,80732,,,
2015-11-20,37.9,38.4,37.55,37.95,268711,,,
2015-11-23,38.25,38.3,37.65,37.9,125740,,,
2015-11-24,38.05,38.6,37.8,38.05,205530,,,
2015-11-26,38.05,39.15,37.8,38.75,464436,,,
2015-11-27,38.8,39.3,38.45,38.65,119380,,,
2015-11-30,38.25,38.65,37.8,38.0,219277,,,
2015-12-01,38.05,38.35,37.4,37.5,134494,,,
2015-12-02,37.75,37.75,36.75,36.9,185555,,,
2015-12-03,36.65,37.6,36.65,37.1,172623,,,
2015-12-04,36.75,37.55,36.7,37.15,118983,,,
2015-12-07,37.55,37.55,36.75,37.1,114795,,,
2015-12-08,36.9,37.25,36.65,36.8,105208,,,
2015-12-09,36.75,37.1,35.9,36.3,196669,,,
2015-12-10,36.35,36.55,35.7,36.1,223808,,,
2015-12-11,36.2,36.65,35.25,35.5,208656,,,
2015-12-14,35.5,36.3,35.1,35.95,109968,,,
2015-12-15,36.05,36.15,35.5,35.7,150809,,,
2015-12-16,36.1,36.85,35.8,36.2,185334,,,
2015-12-17,36.35,36.85,36.35,36.5,316537,,,
2015-12-18,36.5,37.85,36.35,37.4,973511,,,
2015-12-21,37.05,38.3,37.05,38.1,410436,,,
2015-12-22,38.05,38.75,37.9,38.5,380810,,,
2015-12-23,38.65,38.85,37.95,38.55,167707,,,
2015-12-24,38.95,40.45,38.6,39.9,617373,,,
2015-12-28,40.15,40.2,39.5,39.6,273358,,,
2015-12-29,39.7,40.9,39.65,40.7,636972,,,
2015-12-30,41.0,41.7,40.8,41.0,493124,,,
2015-12-31,41.25,41.9,41.05,41.55,590378,,,
2016-01-01,41.75,41.8,41.25,41.7,231288,,,
2016-01-04,41.6,42.95,41.35,41.5,437703,,,
2016-01-05,41.8,42.2,41.2,41.4,264812,,,
2016-01-06,41.35,41.8,40.7,41.0,179314,,,
2016-01-07,41.0,41.0,38.95,39.2,425241,,,
2016-01-08,39.55,40.0,39.0,39.35,199926,,,
2016-01-11,39.15,40.5,38.5,40.3,304483,,,
2016-01-12,40.65,41.5,40.45,40.6,509395,,,
2016-01-13,40.9,41.2,39.25,40.6,521051,,,
2016-01-14,40.05,40.3,39.1,39.6,168318,,,
2016-01-15,39.8,40.15,37.65,38.15,184941,,,
2016-01-18,37.95,38.25,36.25,37.4,232534,,,
2016-01-19,37.6,38.25,37.0,38.1,179410,,,
2016-01-20,37.15,37.55,35.65,36.75,256882,,,
2016-01-21,37.0,37.6,35.25,35.5,490246,,,
2016-01-22,36.05,36.75,35.1,36.15,351472,,,
2016-01-25,36.7,37.25,36.35,36.65,224364,,,
2016-01-27,36.95,39.95,36.15,36.55,1136585,,,
2016-01-28,36.6,37.55,36.25,37.2,379483,,,
2016-01-29,37.3,37.6,36.9,37.3,161993,,,
2016-02-01,37.75,37.85,37.05,37.4,206029,,,
2016-02-02,37.55,37.75,36.8,37.05,166998,,,
2016-02-03,36.75,37.6,36.35,36.85,238078,,,
2016-02-04,37.1,37.45,36.4,37.0,257465,,,
2016-02-05,37.0,37.6,36.8,37.45,114659,,,
2016-02-08,37.45,38.05,37.1,37.25,138206,,,
2016-02-09,36.65,37.1,36.4,36.65,139357,,,
2016-02-10,36.75,36.75,35.85,36.0,194605,,,
2016-02-11,35.75,36.1,33.5,34.05,414633,,,
2016-02-12,34.1,35.1,33.0,34.1,448954,,,
2016-02-15,34.55,35.9,34.5,35.2,135443,,,
2016-02-16,35.6,35.8,33.4,33.85,181072,,,
2016-02-17,33.6,34.1,32.75,33.95,339169,,,
2016-02-18,34.5,34.85,34.1,34.7,231263,,,
2016-02-19,34.25,34.55,34.0,34.25,173119,,,
2016-02-22,34.5,35.6,34.2,35.1,245693,,,
2016-02-23,35.3,35.3,33.75,33.85,255212,,,
2016-02-24,33.9,34.5,32.8,33.05,286305,,,
2016-02-25,33.35,33.6,31.95,32.35,254081,,,
2016-02-26,32.55,32.7,31.8,32.0,267000,,,
2016-02-29,32.1,32.7,31.05,31.2,386736,,,
2016-03-01,31.05,31.6,30.55,31.5,590716,,,
2016-03-02,31.9,32.6,31.7,31.85,373806,,,
2016-03-03,32.1,32.95,32.0,32.6,514982,,,
2016-03-04,32.9,33.6,32.25,33.35,424922,,,
2016-03-08,33.5,33.75,32.7,32.9,185085,,,
2016-03-09,32.9,33.3,32.35,33.2,157704,,,
2016-03-10,33.2,33.4,32.55,32.85,160249,,,
2016-03-11,32.85,33.5,32.65,32.95,215315,,,
2016-03-14,33.05,33.25,31.95,32.55,303165,,,
2016-03-15,32.65,32.65,31.7,32.25,183227,,,
2016-03-16,32.4,32.4,31.7,32.25,273252,,,
2016-03-17,32.6,33.2,32.4,32.85,366683,,,
2016-03-18,33.15,33.55,32.95,33.4,411761,,,
2016-03-21,33.5,36.45,33.4,35.65,920792,,,
2016-03-22,36.05,36.4,35.7,36.1,641157,,,
2016-03-23,36.2,37.05,35.6,36.4,295361,,,
2016-03-28,36.75,36.95,35.1,35.4,303151,,,
2016-03-29,35.45,36.15,35.2,35.75,244306,,,
2016-03-30,36.25,36.85,35.9,36.65,389887,,,
2016-03-31,36.95,37.85,36.25,37.1,807698,,,
2016-04-01,36.6,36.95,36.1,36.35,219713,,,
2016-04-04,36.8,36.95,36.4,36.55,195877,,,
2016-04-05,36.4,36.4,35.45,35.8,262230,,,
2016-04-06,35.95,36.25,35.3,35.5,187273,,,
2016-04-07,35.6,35.6,34.65,34.9,338969,,,
2016-04-08,35.15,35.7,34.7,35.4,170376,,,
2016-04-11,35.5,35.6,34.3,34.85,264246,,,
2016-04-12,35.0,36.15,34.85,35.85,289427,,,
2016-04-13,36.25,36.8,35.9,36.2,254498,,,
2016-04-18,36.25,36.85,35.85,36.55,228991,,,
2016-04-20,36.55,37.0,36.1,36.3,199116,,,
2016-04-21,36.4,36.65,35.05,35.45,192363,,,
2016-04-22,34.9,35.7,34.9,35.45,218175,,,
2016-04-25,35.6,35.95,35.35,35.5,163061,,,
2016-04-26,35.45,36.2,35.4,36.1,221537,,,
2016-04-27,36.15,37.05,36.15,36.75,294739,,,
2016-04-28,36.9,37.35,35.7,35.85,488864,,,
2016-04-29,36.05,36.55,35.6,35.8,166015,,,
2016-05-02,35.45,36.35,35.45,35.95,108464,,,
2016-05-03,36.2,36.35,35.5,35.65,137423,,,
2016-05-04,35.55,35.85,34.55,34.75,157688,,,
2016-05-05,34.8,35.2,34.6,34.75,227076,,,
2016-05-06,34.75,35.0,34.4,34.6,131693,,,
2016-05-09,34.7,35.2,34.55,34.9,218970,,,
2016-05-10,35.0,35.6,35.0,35.45,199553,,,
2016-05-11,35.05,35.4,34.7,35.1,90773,,,
2016-05-12,35.05,35.4,35.05,35.15,89409,,,
2016-05-13,35.1,35.15,34.75,34.8,114038,,,
2016-05-16,34.85,34.85,33.75,34.4,335187,,,
2016-05-17,34.55,34.85,34.1,34.3,215486,,,
2016-05-18,34.25,35.05,34.1,34.85,193245,,,
2016-05-19,34.85,34.9,33.7,33.9,156172,,,
2016-05-20,34.05,34.2,33.2,33.35,518751,,,
2016-05-23,33.5,34.1,33.1,33.3,161731,,,
2016-05-24,33.35,33.8,32.8,33.6,208982,,,
2016-05-25,33.65,34.15,33.4,33.6,291975,,,
2016-05-26,33.7,34.4,33.7,34.05,385345,,,
2016-05-27,34.35,36.5,34.35,35.85,831642,,,
2016-05-30,36.2,36.35,35.45,36.1,316575,,,
2016-05-31,36.25,36.25,35.6,35.7,141025,,,
2016-06-01,35.9,36.35,34.95,35.05,205096,,,
2016-06-02,35.2,35.4,34.75,35.3,111162,,,
2016-06-03,35.6,35.65,34.55,34.65,174650,,,
2016-06-06,34.75,36.2,34.75,35.95,403354,,,
2016-06-07,36.1,37.05,36.05,36.9,586810,,,
2016-06-08,37.25,39.4,37.25,39.05,1264443,,,
2016-06-09,38.9,39.8,37.9,38.25,765462,,,
2016-06-10,38.35,39.2,38.05,38.35,468117,,,
2016-06-13,38.15,38.3,37.5,37.75,230404,,,
2016-06-14,37.95,38.25,37.3,37.7,212876,,,
2016-06-15,37.9,38.75,37.75,38.15,256255,,,
2016-06-16,38.4,38.85,38.1,38.45,422327,,,
2016-06-17,38.75,38.8,38.05,38.1,201605,,,
2016-06-20,37.9,39.45,37.75,38.9,429866,,,
2016-06-21,39.25,39.5,38.7,38.9,368332,,,
2016-06-22,38.9,39.05,37.95,38.3,269826,,,
2016-06-23,38.3,38.75,38.05,38.6,167440,,,
2016-06-24,36.4,38.1,35.75,37.8,327467,,,
2016-06-27,38.05,38.45,37.8,38.1,204327,,,
2016-06-28,38.15,38.4,37.7,37.85,323035,,,
2016-06-29,38.05,38.8,38.05,38.5,282710,,,
2016-06-30,38.8,39.0,38.2,38.4,331825,,,
2016-07-01,38.5,38.9,38.45,38.55,239386,,,
2016-07-04,38.8,39.1,38.5,38.6,318531,,,
2016-07-05,38.75,39.15,38.5,38.6,170785,,,
2016-07-07,39.05,39.05,38.35,38.5,176637,,,
2016-07-08,38.6,38.6,37.9,38.15,133684,,,
2016-07-11,38.35,38.7,38.05,38.1,205985,,,
2016-07-12,38.25,38.45,38.1,38.25,131194,,,
2016-07-13,38.35,38.75,37.6,37.75,250102,,,
2016-07-14,37.9,38.85,37.45,38.75,415812,,,
2016-07-15,38.85,38.95,37.85,37.95,314265,,,
2016-07-18,38.15,38.3,37.6,37.65,154281,,,
2016-07-19,37.8,38.15,37.35,37.6,175317,,,
2016-07-20,37.65,38.35,37.6,37.85,195157,,,
2016-07-21,37.9,38.25,37.45,37.5,272524,,,
2016-07-22,37.5,37.75,37.15,37.45,282400,,,
2016-07-25,37.5,37.95,37.15,37.7,250523,,,
2016-07-26,37.9,37.95,37.0,37.15,141327,,,
2016-07-27,37.25,37.5,36.7,36.95,211496,,,
2016-07-28,37.5,37.85,36.85,37.0,463682,,,
2016-07-29,37.1,37.6,37.05,37.45,306539,,,
2016-08-01,37.45,38.1,37.45,37.6,320503,,,
2016-08-02,38.05,38.05,37.25,37.55,275717,,,
2016-08-03,37.55,37.95,37.05,37.45,369220,,,
2016-08-04,37.7,37.75,37.2,37.3,124754,,,
2016-08-05,37.55,38.4,37.45,38.15,426199,,,
2016-08-08,37.6,37.95,37.2,37.65,477966,,,
2016-08-09,37.75,38.05,37.55,37.6,262854,,,
2016-08-10,37.65,37.8,37.25,37.35,169964,,,
2016-08-11,37.35,37.4,36.4,36.7,242084,,,
2016-08-12,36.8,37.35,36.7,37.25,104243,,,
2016-08-16,37.3,37.65,36.9,37.45,139063,,,
2016-08-17,37.5,37.85,37.35,37.6,133342,,,
2016-08-18,37.35,37.65,37.0,37.15,111359,,,
2016-08-19,37.25,37.6,37.1,37.25,81408,,,
2016-08-22,37.25,37.5,36.95,37.05,119078,,,
2016-08-23,37.1,37.1,36.75,37.0,121425,,,
2016-08-24,37.05,37.35,36.9,37.2,98851,,,
2016-08-25,37.2,37.3,36.4,36.55,197736,,,
2016-08-26,36.65,37.15,36.6,36.95,99070,,,
2016-08-29,37.0,37.25,36.65,36.8,75927,,,
2016-08-30,36.85,37.15,36.85,36.95,89674,,,
2016-08-31,37.1,37.65,36.75,37.0,163176,,,
2016-09-01,37.05,37.4,36.85,37.1,85439,,,
2016-09-02,37.1,37.35,36.75,36.95,116195,,,
2016-09-06,36.95,37.2,36.7,36.75,102159,,,
2016-09-07,37.1,37.1,36.5,36.65,229595,,,
2016-09-08,36.65,36.75,36.35,36.45,370549,,,
2016-09-09,36.55,36.9,36.55,36.7,161913,,,
2016-09-12,36.2,37.0,35.8,36.35,204094,,,
2016-09-14,36.5,36.5,36.05,36.1,136100,,,
2016-09-15,36.35,37.05,36.15,36.95,372087,,,
2016-09-16,37.2,37.4,36.55,36.75,336653,,,
2016-09-19,37.05,37.6,37.0,37.45,339291,,,
2016-09-20,37.65,38.0,37.35,37.5,449172,,,
2016-09-21,37.7,38.05,37.4,37.75,378747,,,
2016-09-22,38.15,38.2,37.75,38.1,379354,,,
2016-09-23,38.2,38.65,38.05,38.25,796068,,,
2016-09-26,37.95,38.65,37.9,38.35,812886,,,
2016-09-27,38.4,38.9,38.4,38.75,867008,,,
2016-09-28,39.05,39.05,38.7,38.8,398779,,,
2016-09-29,38.9,39.35,37.15,37.35,1722899,,,
2016-09-30,37.7,38.0,37.35,37.7,380990,,,
2016-10-03,37.75,38.8,37.75,38.6,257048,,,
2016-10-04,38.9,38.9,38.25,38.5,179207,,,
2016-10-05,38.75,38.75,38.4,38.6,358428,,,
2016-10-06,38.6,38.95,38.35,38.55,354649,,,
2016-10-07,38.55,38.65,38.2,38.4,158395,,,
2016-10-10,38.65,38.65,37.95,38.0,179324,,,
2016-10-13,38.15,38.15,37.6,37.7,209682,,,
2016-10-14,37.8,38.65,37.6,38.45,359676,,,
2016-10-17,38.8,38.8,38.25,38.3,290482,,,
2016-10-18,38.4,38.9,38.05,38.85,405789,,,
2016-10-19,38.95,39.1,38.4,38.55,305809,,,
2016-10-20,38.55,38.8,38.5,38.65,179440,,,
2016-10-21,38.65,38.8,38.1,38.3,106626,,,
2016-10-24,38.6,38.8,38.3,38.45,103526,,,
2016-10-25,38.45,38.6,38.2,38.4,64073,,,
2016-10-26,38.4,38.5,38.05,38.15,78341,,,
2016-10-27,37.95,38.45,37.95,38.15,173412,,,
2016-10-28,39.4,40.25,38.9,39.4,1264625,,,
2016-10-30,39.7,40.5,39.6,40.25,176839,,,
2016-11-01,40.3,40.7,40.0,40.3,490931,,,
2016-11-02,39.9,39.9,39.4,39.45,207674,,,
2016-11-03,39.5,40.15,39.4,39.55,289943,,,
2016-11-04,39.8,39.95,38.95,39.4,332139,,,
2016-11-07,39.75,40.1,39.35,39.45,152131,,,
2016-11-08,39.65,40.25,39.65,40.0,157479,,,
2016-11-09,38.45,39.8,36.5,39.5,355291,,,
2016-11-10,39.9,41.95,39.85,41.3,307372,,,
2016-11-11,40.8,41.15,39.35,39.45,203487,,,
2016-11-15,39.9,39.9,38.4,39.1,236641,,,
2016-11-16,39.65,40.1,38.85,39.6,228017,,,
2016-11-17,39.3,40.15,38.9,39.85,173834,,,
2016-11-18,39.6,39.95,39.4,39.65,243952,,,
2016-11-21,39.65,39.8,38.4,38.75,215454,,,
2016-11-22,38.95,39.65,38.65,39.4,230728,,,
2016-11-23,39.65,39.75,38.85,39.2,421592,,,
2016-11-24,38.9,39.8,38.85,39.35,279563,,,
2016-11-25,39.75,40.05,39.3,39.55,203490,,,
2016-11-28,39.35,42.25,39.35,41.95,822201,,,
2016-11-29,42.4,43.25,42.05,42.65,891929,,,
2016-11-30,42.65,43.8,42.6,43.6,644200,,,
2016-12-01,43.6,44.15,43.15,43.45,542863,,,
2016-12-02,43.5,44.1,42.8,43.0,308340,,,
2016-12-05,43.3,43.6,43.0,43.4,225928,,,
2016-12-06,43.75,44.75,43.5,44.15,601162,,,
2016-12-07,44.45,44.7,43.95,44.2,443878,,,
2016-12-08,45.1,45.6,44.3,44.85,472207,,,
2016-12-09,45.6,46.05,45.1,45.7,473227,,,
2016-12-12,45.45,46.2,45.05,45.6,331786,,,
2016-12-13,45.45,45.9,44.5,44.65,306682,,,
2016-12-14,44.75,45.1,43.05,43.2,348614,,,
2016-12-15,42.5,44.3,42.5,43.6,343544,,,
2016-12-16,43.9,44.1,43.4,43.8,204781,,,
2016-12-19,44.1,44.65,43.45,43.6,327746,,,
2016-12-20,43.85,43.95,42.65,42.8,213998,,,
2016-12-21,43.05,43.5,42.45,42.85,218436,,,
2016-12-22,42.8,42.85,41.6,42.25,344109,,,
2016-12-23,42.4,42.75,41.65,41.95,292713,,,
2016-12-26,42.1,42.2,40.75,41.1,198003,,,
2016-12-27,41.2,41.85,40.3,41.6,293646,,,
2016-12-28,41.8,41.95,40.95,41.2,203038,,,
2016-12-29,41.4,41.8,40.95,41.45,465786,,,
2016-12-30,41.75,42.25,41.5,41.65,378859,,,
2017-01-02,41.95,41.95,41.0,41.4,272515,,,
2017-01-03,41.6,43.2,41.4,43.1,615643,,,
2017-01-04,43.45,43.95,43.2,43.4,556375,,,
2017-01-05,43.65,44.0,43.1,43.4,222082,,,
2017-01-06,43.5,43.9,42.7,42.75,495173,,,
2017-01-09,42.9,45.6,42.45,44.05,950826,,,
2017-01-10,44.5,46.3,44.35,45.8,1379863,,,
2017-01-11,46.75,46.9,46.05,46.3,865396,,,
2017-01-12,46.4,47.5,46.35,47.0,708960,,,
2017-01-13,47.1,47.2,46.05,46.3,328660,,,
2017-01-16,46.3,46.6,45.75,46.35,247318,,,
2017-01-17,46.75,46.8,45.65,45.9,184485,,,
2017-01-18,45.9,46.3,45.55,45.8,362641,,,
2017-01-19,45.9,46.1,44.9,45.15,414031,,,
2017-01-20,45.05,45.4,44.1,44.7,309022,,,
2017-01-23,44.85,46.05,44.6,45.9,451698,,,
2017-01-24,46.3,46.5,45.85,46.05,351568,,,
2017-01-25,46.4,46.45,45.75,45.9,368756,,,
2017-01-27,45.95,47.55,45.9,46.7,699905,,,
2017-01-30,48.2,49.25,47.75,48.05,1934922,,,
2017-01-31,48.0,48.0,46.55,46.65,1427709,,,
2017-02-01,46.95,47.7,46.75,47.55,780924,,,
2017-02-02,47.4,47.85,46.7,46.85,497394,,,
2017-02-03,46.85,47.55,46.5,46.8,478409,,,
2017-02-06,46.95,47.45,46.45,46.6,345619,,,
2017-02-07,46.65,47.65,46.65,47.4,565154,,,
2017-02-08,47.75,48.1,46.85,47.45,404610,,,
2017-02-09,47.8,47.9,47.1,47.4,338449,,,
2017-02-10,47.4,47.55,46.7,46.8,211279,,,
2017-02-13,46.95,47.0,45.95,46.25,229009,,,
2017-02-14,46.45,46.75,45.65,45.75,563478,,,
2017-02-15,46.15,46.75,46.1,46.2,700946,,,
2017-02-16,46.35,46.45,46.0,46.25,372177,,,
2017-02-17,46.5,46.9,46.1,46.3,241805,,,
2017-02-20,46.3,46.8,46.1,46.55,340213,,,
2017-02-21,46.65,47.6,46.5,47.25,343603,,,
2017-02-22,45.9,46.3,45.65,45.75,1282153,,,
2017-02-23,45.7,46.8,45.45,45.6,1351797,,,
2017-02-27,45.75,46.05,45.4,45.7,2356058,,,
2017-02-28,45.75,46.2,45.75,45.9,774244,,,
2017-03-01,45.95,46.2,45.95,46.1,403799,,,
2017-03-02,46.1,46.4,45.45,45.55,384350,,,
2017-03-03,45.45,45.75,45.05,45.3,497869,,,
2017-03-06,45.45,46.5,45.45,46.35,469553,,,
2017-03-07,46.65,46.7,46.2,46.4,336639,,,
2017-03-08,46.4,46.45,45.75,46.1,261674,,,
2017-03-09,46.15,47.25,45.95,47.1,825842,,,
2017-03-10,47.25,47.65,46.95,47.5,722049,,,
2017-03-14,48.2,48.3,47.45,47.65,496776,,,
2017-03-15,47.75,48.25,47.4,47.55,377036,,,
2017-03-16,48.3,50.4,47.9,50.05,9148146,,,
2017-03-17,50.3,50.45,48.75,48.95,6153202,,,
2017-03-20,49.0,49.45,48.3,49.25,3478286,,,
2017-03-21,49.25,49.35,47.55,48.35,4333596,,,
2017-03-22,47.95,48.0,46.45,46.6,6339765,,,
2017-03-23,46.9,47.8,46.6,47.65,3300780,,,
2017-03-24,47.75,47.8,47.0,47.15,1859088,,,
2017-03-27,47.1,48.5,46.85,48.1,4798323,,,
2017-03-28,48.2,48.6,47.8,48.0,3819597,,,
2017-03-29,48.15,48.15,47.0,47.15,3051105,,,
2017-03-30,47.3,47.75,46.4,46.5,7396222,,,
2017-03-31,46.65,47.75,46.4,47.5,5443454,,,
2017-04-03,48.25,48.9,47.95,48.45,5016610,,,
2017-04-05,48.65,49.05,48.55,48.9,4531070,,,
2017-04-06,49.05,50.55,48.65,50.15,9723876,,,
2017-04-07,50.0,51.3,49.7,50.8,7405301,,,
2017-04-10,50.8,52.55,50.35,52.1,8084764,,,
2017-04-11,52.4,53.95,52.4,53.5,8654113,,,
2017-04-12,53.9,53.95,51.8,52.9,4217928,,,
2017-04-13,53.0,53.0,51.05,51.5,4246216,,,
2017-04-17,51.5,52.4,51.4,51.85,2658430,,,
2017-04-18,52.2,53.75,51.7,52.1,3835916,,,
2017-04-19,52.8,55.25,52.75,54.15,12904484,,,
2017-04-20,54.6,55.3,53.65,53.95,7625688,,,
2017-04-21,54.6,55.4,54.4,54.7,5223625,,,
2017-04-24,55.0,55.55,54.7,55.1,2708647,,,
2017-04-25,55.35,55.4,54.35,54.6,3097220,,,
2017-04-26,54.7,55.05,53.7,54.5,3217062,,,
2017-04-27,54.95,55.0,54.2,54.4,2885188,,,
2017-04-28,54.95,55.9,54.7,55.45,4333038,,,
2017-05-02,54.95,55.85,54.95,55.5,2445074,,,
2017-05-03,55.65,55.75,53.9,54.2,3443322,,,
2017-05-04,54.25,55.25,53.75,55.1,2454996,,,
2017-05-05,54.55,55.1,54.2,54.4,3476626,,,
2017-05-08,54.4,55.35,54.4,54.8,1827920,,,
2017-05-09,54.8,55.2,54.55,54.9,1539372,,,
2017-05-10,54.65,56.05,54.65,55.75,2469417,,,
2017-05-11,56.3,56.65,54.85,55.1,4619364,,,
2017-05-12,55.25,55.25,53.75,54.35,2174542,,,
2017-05-15,54.55,54.85,54.2,54.55,1570316,,,
2017-05-16,54.55,55.5,54.35,55.35,1795059,,,
2017-05-17,55.45,55.6,54.4,54.55,1878634,,,
2017-05-18,53.95,54.4,52.9,53.0,3014570,,,
2017-05-19,53.35,53.75,51.8,52.75,2907674,,,
2017-05-22,54.4,54.7,52.9,53.25,1959712,,,
2017-05-23,53.3,53.5,51.6,52.15,2111956,,,
2017-05-24,52.1,52.6,50.15,50.55,2970365,,,
2017-05-25,51.25,52.6,50.6,52.1,4131815,,,
2017-05-26,52.1,53.15,51.65,53.0,4899143,,,
2017-05-29,53.35,53.4,51.85,52.3,2485934,,,
2017-05-30,52.6,52.65,51.35,51.55,3892392,,,
2017-05-31,52.1,53.0,51.7,52.3,4081822,,,
2017-06-01,52.55,53.6,52.2,52.35,4296708,,,
2017-06-02,52.75,53.05,52.0,52.15,2785750,,,
2017-06-05,52.35,52.4,51.45,51.55,2663964,,,
2017-06-06,51.7,52.35,51.1,51.25,3093931,,,
2017-06-07,51.65,52.25,51.3,52.0,2068907,,,
2017-06-08,52.35,52.4,51.25,51.3,3084427,,,
2017-06-09,51.35,51.6,50.8,51.0,3638646,,,
2017-06-12,51.2,51.4,50.05,50.2,3982646,,,
2017-06-13,50.3,50.75,49.95,50.0,4036189,,,
2017-06-14,50.05,51.05,50.05,50.3,5294967,,,
2017-06-15,50.3,51.35,50.2,50.6,5803525,,,
2017-06-16,50.65,51.6,50.65,51.45,6729564,,,
2017-06-19,51.8,51.8,50.85,51.1,3761726,,,
2017-06-20,51.45,51.45,50.75,50.85,2035647,,,
2017-06-21,50.9,51.65,50.75,51.3,2162330,,,
2017-06-22,51.5,51.5,50.1,50.4,2955090,,,
2017-06-23,50.8,50.8,49.25,50.1,2771480,,,
2017-06-27,50.2,50.25,47.8,48.65,2903480,,,
2017-06-28,48.4,49.1,47.75,48.4,3571077,,,
2017-06-29,48.7,49.25,48.25,48.5,2144274,,,
2017-06-30,48.55,49.3,47.95,48.95,2603495,,,
2017-07-03,49.3,49.65,48.8,49.2,3301514,,,
2017-07-04,49.25,49.75,49.25,49.5,3120142,,,
2017-07-05,49.5,51.55,49.25,51.4,4480203,,,
2017-07-06,51.8,52.55,51.5,52.1,5299702,,,
2017-07-07,51.9,52.1,50.95,51.6,3231204,,,
2017-07-10,52.1,52.75,50.4,52.35,697237,,,
2017-07-11,52.7,53.1,51.6,51.85,5256901,,,
2017-07-12,52.05,52.15,51.3,51.65,1973173,,,
2017-07-13,52.2,52.6,51.95,52.45,2602618,,,
2017-07-14,52.7,53.3,52.25,52.5,4495351,,,
2017-07-17,52.55,53.3,52.55,53.0,1802817,,,
2017-07-18,53.05,53.45,52.1,52.65,3197882,,,
2017-07-19,52.75,52.9,52.1,52.6,1460694,,,
2017-07-20,52.75,52.85,51.8,52.3,3150855,,,
2017-07-21,52.3,52.6,51.35,51.95,2291625,,,
2017-07-24,52.2,52.7,51.95,52.3,2207813,,,
2017-07-25,52.5,52.55,51.8,52.3,2861020,,,
2017-07-26,52.3,53.35,52.2,53.2,4058748,,,
2017-07-27,53.6,54.4,53.4,53.75,11443917,,,
2017-07-28,53.75,54.2,53.15,53.9,1990849,,,
2017-07-31,54.25,54.35,53.5,54.15,5048155,,,
2017-08-01,56.05,56.8,54.5,54.85,8834373,,,
2017-08-02,55.45,55.45,54.85,55.15,4336030,,,
2017-08-03,55.15,55.15,54.45,54.75,2205014,,,
2017-08-04,54.35,54.65,53.9,54.25,2680346,,,
2017-08-07,54.4,55.25,54.25,55.1,1801442,,,
2017-08-08,55.0,55.7,54.35,55.1,3253870,,,
2017-08-09,54.85,55.3,53.95,54.3,2189063,,,
2017-08-10,54.05,54.05,51.5,51.75,3736431,,,
2017-08-11,51.15,52.25,48.8,51.85,3918191,,,
2017-08-14,52.2,53.9,51.75,53.4,1801648,,,
2017-08-16,53.65,54.0,52.8,53.1,1899867,,,
2017-08-17,53.0,56.05,52.9,55.5,8068673,,,
2017-08-18,55.25,56.2,54.55,55.3,4121357,,,
2017-08-21,55.45,56.6,53.95,54.25,5962952,,,
2017-08-22,54.5,55.15,53.7,54.0,2300591,,,
2017-08-23,54.45,55.6,54.0,55.45,3096596,,,
2017-08-24,55.75,57.4,55.5,56.95,6425558,,,
2017-08-28,57.65,57.95,57.05,57.25,4338484,,,
2017-08-29,56.8,57.5,55.8,56.1,2863759,,,
2017-08-30,56.5,58.6,56.5,58.15,4864911,,,
2017-08-31,58.7,59.0,57.25,57.6,5873030,,,
2017-09-01,57.8,58.95,57.65,58.75,3103684,,,
2017-09-04,58.75,58.9,57.55,58.1,2964124,,,
2017-09-05,58.1,58.55,57.9,58.3,1312553,,,
2017-09-06,57.65,59.25,57.65,58.65,2326887,,,
2017-09-07,58.7,59.7,58.65,58.8,2362976,,,
2017-09-08,59.0,59.15,56.8,57.0,3282159,,,
2017-09-11,57.4,58.35,57.1,58.2,2793339,,,
2017-09-12,58.6,60.0,58.4,59.85,6198371,,,
2017-09-13,60.0,60.35,58.75,59.05,5840641,,,
2017-09-14,59.05,59.3,57.2,57.65,6621680,,,
2017-09-15,57.55,57.8,56.65,57.6,3987400,,,
2017-09-18,58.05,58.85,57.6,58.45,2627331,,,
2017-09-19,58.45,58.85,57.65,57.85,1977931,,,
2017-09-20,58.2,58.4,57.6,58.0,1115099,,,
2017-09-21,58.35,58.45,56.75,57.05,2159503,,,
2017-09-22,56.85,56.85,54.55,54.8,2230270,,,
2017-09-25,54.85,55.3,52.75,54.85,4549742,,,
2017-09-26,54.85,55.75,54.7,55.3,3422189,,,
2017-09-27,55.5,55.95,53.35,53.6,4208130,,,
2017-09-28,55.35,55.5,54.05,54.5,5397914,,,
2017-09-29,54.6,55.55,54.0,54.25,3695983,,,
2017-10-03,54.65,54.9,53.4,54.5,4028304,,,
2017-10-04,54.8,55.1,54.35,54.85,2398173,,,
2017-10-05,55.2,55.3,54.5,54.6,1877438,,,
2017-10-06,55.0,56.1,54.75,55.4,4744975,,,
2017-10-09,55.65,55.75,54.9,55.45,2726731,,,
2017-10-10,55.65,55.65,54.9,55.1,2030791,,,
2017-10-11,55.45,55.8,55.15,55.3,3979058,,,
2017-10-12,55.35,56.65,55.25,56.45,5781458,,,
2017-10-13,56.65,57.45,56.2,57.0,2611287,,,
2017-10-16,57.0,57.5,56.25,57.25,2768849,,,
2017-10-17,57.2,57.2,56.65,56.95,1226422,,,
2017-10-18,56.95,58.0,56.65,57.55,3420978,,,
2017-10-19,57.95,57.95,57.2,57.45,504539,,,
2017-10-23,57.95,58.65,57.6,58.1,2831430,,,
2017-10-24,58.0,58.6,57.7,58.35,1588136,,,
2017-10-25,58.8,58.95,56.5,57.15,2795545,,,
2017-10-26,57.15,57.95,56.4,56.6,3561697,,,
2017-10-27,57.3,58.0,56.95,57.45,1927802,,,
2017-10-30,57.85,58.9,57.7,58.5,2463957,,,
2017-10-31,62.0,64.15,60.4,61.55,25048166,,,
2017-11-01,62.0,62.35,61.55,61.95,4700121,,,
2017-11-02,62.1,62.2,61.4,61.75,2922215,,,
2017-11-03,61.95,61.95,60.75,61.0,2608568,,,
2017-11-06,61.0,61.85,60.1,61.55,3234474,,,
2017-11-07,62.0,62.5,59.15,60.2,4461563,,,
2017-11-08,60.65,60.85,59.05,59.6,3008260,,,
2017-11-09,59.8,61.65,59.65,61.45,2907765,,,
2017-11-10,61.4,61.65,60.35,60.65,1988075,,,
2017-11-13,60.85,61.0,59.45,59.65,2049265,,,
2017-11-14,59.65,59.65,58.15,58.5,3079364,,,
2017-11-15,58.45,59.55,58.05,58.8,3218293,,,
2017-11-16,59.0,60.15,59.0,59.9,3257186,,,
2017-11-17,60.35,60.85,59.35,59.55,3400468,,,
2017-11-20,59.55,60.1,59.25,59.9,2170177,,,
2017-11-21,60.05,60.1,59.05,59.15,3022143,,,
2017-11-22,59.2,60.5,59.2,60.1,3135424,,,
2017-11-23,60.7,62.65,60.7,62.35,10340387,,,
2017-11-24,62.75,63.15,61.35,61.55,3759396,,,
2017-11-27,61.65,62.5,60.7,62.1,2376401,,,
2017-11-28,63.35,63.35,62.0,62.2,6689890,,,
2017-11-29,62.4,64.45,62.35,63.0,8916740,,,
2017-11-30,62.65,62.85,61.7,61.95,5334021,,,
2017-12-01,62.25,62.95,61.25,61.5,3586964,,,
2017-12-04,61.65,61.85,59.25,60.1,3955432,,,
2017-12-05,59.65,60.85,58.8,60.7,3813081,,,
2017-12-06,60.65,60.65,59.4,59.7,2926709,,,
2017-12-07,59.65,61.4,59.55,61.1,1516893,,,
2017-12-08,61.6,61.9,61.35,61.7,1608873,,,
2017-12-11,61.85,62.45,60.75,61.15,1504842,,,
2017-12-12,60.85,61.2,60.35,60.45,1100674,,,
2017-12-13,60.35,61.0,59.85,60.2,1584323,,,
2017-12-14,60.25,60.45,59.6,60.25,1531309,,,
2017-12-15,60.4,61.25,59.75,60.0,2943888,,,
2017-12-18,59.9,61.7,57.35,60.8,3118727,,,
2017-12-19,60.85,61.85,60.85,61.35,2235742,,,
2017-12-20,61.85,62.3,61.5,61.9,2776107,,,
2017-12-21,61.7,62.25,61.3,61.5,1470892,,,
2017-12-22,61.65,63.05,61.55,62.85,3979580,,,
2017-12-26,63.1,63.15,62.0,62.2,3109349,,,
2017-12-27,62.3,62.6,60.9,61.4,3320252,,,
2017-12-28,61.4,61.65,60.25,60.5,7775484,,,
2017-12-29,60.75,61.8,60.6,60.7,5253277,,,
2018-01-01,61.0,61.3,60.4,60.5,2722272,,,
2018-01-02,60.85,61.2,60.25,60.55,3929814,,,
2018-01-03,60.65,61.2,60.25,60.35,2795736,,,
2018-01-04,60.35,60.65,59.9,60.0,4631211,,,
2018-01-05,60.35,61.15,60.25,60.75,3465350,,,
2018-01-08,61.2,61.75,60.9,61.35,4068580,,,
2018-01-09,61.65,61.65,60.8,60.85,2343717,,,
2018-01-10,60.9,61.25,59.75,60.0,3956767,,,
2018-01-11,60.05,60.35,59.5,59.65,3953533,,,
2018-01-12,59.95,60.05,58.7,59.35,3333097,,,
2018-01-15,59.5,60.0,59.25,59.55,2995380,,,
2018-01-16,59.5,59.6,57.55,57.75,4534786,,,
2018-01-17,57.65,58.95,55.65,58.7,4931756,,,
2018-01-18,58.75,59.3,56.35,57.05,3178455,,,
2018-01-19,57.25,57.8,56.7,57.6,1848347,,,
2018-01-22,57.8,58.65,57.45,58.45,2628379,,,
2018-01-23,58.65,59.05,57.95,58.25,4616826,,,
2018-01-24,58.25,58.3,57.45,57.85,3483048,,,
2018-01-25,59.45,59.85,58.45,58.95,15242684,,,
2018-01-29,59.5,59.55,58.15,58.55,3623490,,,
2018-01-30,59.0,59.3,58.35,59.0,3397580,,,
2018-01-31,57.1,57.35,55.85,56.45,14411761,,,
2018-02-01,56.65,57.05,53.7,53.85,13787038,,,
2018-02-02,53.8,53.85,50.05,50.6,13247909,,,
2018-02-05,50.0,50.6,48.8,50.0,19218194,,,
2018-02-06,46.65,50.1,46.65,49.75,13977977,,,
2018-02-07,51.1,53.2,50.85,52.6,17859861,,,
2018-02-08,52.9,52.9,51.5,52.3,7025928,,,
2018-02-09,51.0,52.6,51.0,52.1,2979529,,,
2018-02-12,52.65,52.7,51.9,52.6,2143830,,,
2018-02-14,53.3,54.2,52.95,53.55,5021012,,,
2018-02-15,53.75,54.05,52.05,52.3,3653340,,,
2018-02-16,52.75,52.75,51.2,51.9,2515803,,,
2018-02-19,52.0,52.0,50.4,51.05,3366700,,,
2018-02-20,51.05,51.4,50.65,51.25,2847915,,,
2018-02-21,51.3,51.6,50.0,50.3,3970545,,,
2018-02-22,50.1,50.4,48.45,48.85,8169168,,,
2018-02-23,49.6,50.55,48.8,50.3,11344848,,,
2018-02-26,51.0,52.25,50.75,51.75,6492464,,,
2018-02-27,52.15,52.25,50.75,50.95,3465893,,,
2018-02-28,50.85,51.75,50.4,51.45,2144271,,,
2018-03-01,51.6,51.65,51.05,51.1,1531733,,,
2018-03-05,50.95,52.4,50.45,51.85,3062570,,,
2018-03-06,52.5,52.65,50.4,50.65,3481768,,,
2018-03-07,50.5,50.55,49.05,49.45,2645463,,,
2018-03-08,50.25,50.25,48.35,49.1,3305420,,,
2018-03-09,49.6,50.45,49.1,49.5,3078047,,,
2018-03-12,49.9,50.3,49.2,50.05,4718909,,,
2018-03-13,50.0,50.75,49.85,50.5,4155454,,,
2018-03-14,50.05,50.6,49.75,50.4,2262885,,,
2018-03-15,50.35,51.45,50.0,50.45,3031888,,,
2018-03-16,50.5,51.15,49.55,49.75,3598901,,,
2018-03-19,49.75,49.9,48.85,49.5,2100655,,,
2018-03-20,49.15,50.05,49.05,49.85,2231710,,,
2018-03-21,50.0,50.65,49.35,49.45,2620187,,,
2018-03-22,49.6,49.7,47.5,47.8,6454803,,,
2018-03-23,46.95,47.05,46.0,46.65,8205730,,,
2018-03-26,46.65,48.35,46.55,47.65,4716875,,,
2018-03-27,48.0,48.15,47.5,47.7,2959243,,,
2018-03-28,47.5,48.6,46.9,47.15,7799776,,,
2018-04-02,47.6,48.45,47.35,48.25,2511600,,,
2018-04-03,48.3,49.1,47.9,48.9,3286722,,,
2018-04-04,49.1,49.6,47.65,47.9,3913688,,,
2018-04-05,48.35,48.75,47.9,48.35,3485433,,,
2018-04-06,48.35,48.8,47.85,48.25,1894725,,,
2018-04-09,48.35,48.5,47.9,48.2,2355023,,,
2018-04-10,48.35,49.0,48.2,48.5,2264315,,,
2018-04-11,48.65,48.75,48.15,48.3,1878983,,,
2018-04-12,48.85,49.7,48.65,49.1,4594249,,,
2018-04-13,49.05,49.25,47.35,47.5,4725557,,,
2018-04-16,47.7,47.75,46.25,46.35,5857626,,,
2018-04-17,46.65,46.95,45.95,46.3,3487135,,,
2018-04-18,46.65,46.85,46.1,46.25,4571473,,,
2018-04-19,46.0,46.05,45.1,45.4,5236854,,,
2018-04-20,44.65,44.8,43.5,44.1,8303072,,,
2018-04-23,44.15,46.3,44.15,45.75,8725397,,,
2018-04-24,46.05,46.2,45.1,45.25,3090896,,,
2018-04-25,45.25,45.25,43.95,44.25,2978616,,,
2018-04-26,44.3,44.5,43.55,43.7,5249529,,,
2018-04-27,43.75,44.9,43.65,44.4,4460919,,,
2018-04-30,43.85,44.3,43.6,43.75,4615820,,,
2018-05-02,44.0,44.1,43.25,43.45,3035446,,,
2018-05-03,43.35,43.5,42.3,42.95,4858126,,,
2018-05-04,43.2,44.1,43.0,43.2,2359421,,,
2018-05-07,43.3,44.0,42.8,43.75,2437741,,,
2018-05-08,43.95,44.3,43.75,43.95,2929513,,,
2018-05-09,43.95,44.25,43.85,44.1,2223034,,,
2018-05-10,44.15,44.25,43.1,43.25,2333309,,,
2018-05-11,43.35,43.55,42.5,42.6,2404042,,,
2018-05-14,42.85,42.85,41.45,41.9,3294225,,,
2018-05-15,41.35,42.6,39.75,40.05,12503912,,,
2018-05-16,39.85,41.1,37.45,40.55,9438159,,,
2018-05-17,40.6,42.25,39.5,41.8,7415522,,,
2018-05-18,41.55,42.15,40.35,40.5,3842297,,,
2018-05-21,40.0,40.5,38.9,39.1,3058999,,,
2018-05-22,38.65,39.8,38.25,39.05,5551955,,,
2018-05-23,38.95,39.55,38.7,38.95,2795541,,,
2018-05-24,39.05,39.25,38.4,38.7,2475008,,,
2018-05-25,38.8,39.75,38.5,39.5,2895170,,,
2018-05-28,39.65,41.8,39.6,41.2,7284296,,,
2018-05-29,41.15,41.5,40.65,40.95,4380242,,,
2018-05-30,39.45,40.05,38.9,39.8,8401535,,,
2018-05-31,39.95,39.95,37.95,38.15,9041820,,,
2018-06-01,38.0,38.55,36.75,37.15,6896646,,,
2018-06-04,37.35,38.15,36.65,37.35,8168201,,,
2018-06-05,37.4,38.1,37.0,37.65,5875524,,,
2018-06-06,37.65,38.95,37.6,38.75,6660743,,,
2018-06-07,39.9,40.75,38.75,40.55,10823771,,,
2018-06-08,39.85,40.2,39.35,39.5,3488083,,,
2018-06-11,39.45,40.4,39.45,39.65,2063887,,,
2018-06-12,39.6,40.6,39.5,40.45,3440853,,,
2018-06-13,40.65,40.75,39.5,39.75,2926629,,,
2018-06-14,39.6,39.65,38.5,38.7,3940657,,,
2018-06-15,38.85,39.7,38.45,38.95,7010040,,,
2018-06-18,39.0,39.15,37.8,38.1,3206451,,,
2018-06-19,38.0,38.4,37.6,37.8,3476472,,,
2018-06-20,37.75,38.05,37.05,37.25,3419789,,,
2018-06-21,37.45,37.45,36.0,36.45,5383200,,,
2018-06-22,36.45,36.75,35.75,36.55,5887049,,,
2018-06-25,36.5,37.0,35.8,36.45,6288150,,,
2018-06-26,36.3,36.4,35.1,35.35,6470459,,,
2018-06-27,35.35,35.35,33.95,34.8,8974196,,,
2018-06-28,34.4,35.15,33.75,34.6,8017312,,,
2018-06-29,34.9,36.45,34.8,36.2,6423500,,,
2018-07-02,36.3,36.3,34.6,35.2,6132137,,,
2018-07-03,35.0,35.95,34.75,35.8,6289381,,,
2018-07-04,35.6,35.75,34.6,34.8,4352715,,,
2018-07-05,34.75,35.2,34.0,34.1,3480016,,,
2018-07-06,34.15,37.4,34.1,36.95,17676299,,,
2018-07-09,37.25,37.55,35.7,35.9,7640519,,,
2018-07-10,36.15,37.7,35.95,37.6,8943710,,,
2018-07-11,37.65,37.75,35.9,36.1,7680036,,,
2018-07-12,36.35,36.9,35.05,35.35,5896146,,,
2018-07-13,35.8,36.25,34.25,34.6,7104676,,,
2018-07-16,34.7,35.05,33.5,33.65,5298386,,,
2018-07-17,34.05,34.8,33.6,34.7,8088199,,,
2018-07-18,34.75,35.0,33.0,33.2,8014815,,,
2018-07-19,33.3,33.75,32.25,32.65,6552812,,,
2018-07-20,32.8,34.75,32.6,34.55,9193680,,,
2018-07-23,34.4,34.8,33.4,34.25,5385716,,,
2018-07-24,34.3,35.85,34.15,35.65,7497696,,,
2018-07-25,35.5,35.5,33.5,33.65,10375855,,,
2018-07-26,33.8,34.15,33.25,33.4,10724268,,,
2018-07-27,33.65,34.4,33.45,34.15,5754025,,,
2018-07-30,34.35,36.25,34.2,35.95,14056081,,,
2018-07-31,36.15,39.9,35.75,38.8,25707218,,,
2018-08-01,39.55,40.65,38.85,39.05,26760267,,,
2018-08-02,39.0,39.6,38.0,38.95,7630856,,,
2018-08-03,39.0,40.2,38.85,39.85,9404559,,,
2018-08-06,40.05,40.2,39.35,39.85,9866226,,,
2018-08-07,39.6,39.8,38.7,38.85,4341734,,,
2018-08-08,38.85,40.6,38.35,40.3,13535338,,,
2018-08-09,40.65,41.05,39.7,40.4,12779367,,,
2018-08-10,40.5,41.45,39.95,40.4,14602809,,,
2018-08-13,40.2,40.25,38.85,39.1,4968908,,,
2018-08-14,38.9,39.4,37.75,39.2,9557822,,,
2018-08-16,39.0,39.45,38.1,38.3,4763566,,,
2018-08-17,38.55,39.45,38.35,39.2,3913927,,,
2018-08-20,39.05,39.5,38.8,39.15,3192706,,,
2018-08-21,39.35,40.15,39.2,39.55,4917888,,,
2018-08-23,39.55,39.6,38.65,38.75,4408072,,,
2018-08-24,38.65,39.3,38.4,39.15,3640086,,,
2018-08-27,39.35,39.65,38.75,38.9,5227134,,,
2018-08-28,39.05,39.15,38.35,38.35,2916698,,,
2018-08-29,38.4,38.85,38.15,38.25,2893456,,,
2018-08-30,38.35,38.55,37.95,38.05,4230841,,,
2018-08-31,38.05,39.15,37.7,37.85,9746380,,,
2018-09-03,38.1,38.5,37.35,37.5,7758259,,,
2018-09-04,37.8,37.8,35.85,36.4,6888839,,,
2018-09-05,36.45,36.45,29.85,31.5,145279545,,,
2018-09-06,31.55,31.6,29.85,30.4,48298196,,,
2018-09-07,30.35,31.25,30.05,30.6,21620187,,,
2018-09-10,30.6,31.05,30.2,30.3,10868475,,,
2018-09-11,30.45,30.65,29.4,29.5,15799674,,,
2018-09-12,29.5,29.55,28.4,29.2,18999843,,,
2018-09-14,29.35,29.85,29.35,29.6,7539413,,,
2018-09-17,29.6,29.6,28.95,29.05,7523041,,,
2018-09-18,29.05,29.2,27.9,28.0,11259823,,,
2018-09-19,28.25,28.3,27.45,27.55,7877649,,,
2018-09-21,27.75,27.9,24.85,26.7,12343708,,,
2018-09-24,26.85,26.95,25.75,25.9,7262071,,,
2018-09-25,25.7,26.15,24.75,25.4,8730768,,,
2018-09-26,26.25,28.75,26.1,28.05,47334109,,,
2018-09-27,28.35,28.65,27.15,27.35,15085085,,,
2018-09-28,27.55,27.75,26.3,26.75,7379320,,,
2018-10-01,26.85,27.95,26.05,27.55,9774030,,,
2018-10-03,27.6,28.25,27.05,27.8,10311235,,,
2018-10-04,27.4,27.85,26.85,27.4,8160811,,,
2018-10-05,27.35,27.75,26.55,26.85,6981811,,,
2018-10-08,26.35,26.6,25.05,25.7,9976249,,,
2018-10-09,25.7,26.25,24.95,25.3,9432031,,,
2018-10-10,25.65,27.25,25.55,27.15,8696864,,,
2018-10-11,26.15,28.85,25.9,28.3,14298932,,,
2018-10-12,28.65,29.15,28.25,28.5,7673912,,,
2018-10-15,28.8,29.35,28.1,29.1,5722465,,,
2018-10-16,29.2,29.5,28.9,29.35,4354001,,,
2018-10-17,29.55,29.75,28.3,28.5,3924030,,,
2018-10-19,28.3,28.75,27.4,27.7,7636564,,,
2018-10-22,27.95,28.65,27.6,28.25,6222707,,,
2018-10-23,28.1,29.15,28.05,29.0,7316585,,,
2018-10-24,29.35,29.45,28.0,28.25,6829668,,,
2018-10-25,27.95,28.4,27.35,27.8,9113303,,,
2018-10-26,27.75,30.35,27.2,29.4,24139398,,,
2018-10-29,29.65,30.35,28.7,28.8,13088176,,,
2018-10-30,28.8,30.35,28.8,29.95,17845565,,,
2018-10-31,29.65,31.15,29.65,31.0,11545323,,,
2018-11-01,31.1,32.85,31.05,32.5,19377238,,,
2018-11-02,32.75,32.95,31.5,31.65,6839887,,,
2018-11-05,31.7,32.25,31.0,31.7,4207017,,,
2018-11-06,31.9,32.25,31.55,31.75,4311780,,,
2018-11-07,32.0,32.0,31.7,31.8,490385,,,
2018-11-09,31.85,33.1,31.75,32.9,8892319,,,
2018-11-12,32.9,33.1,31.5,31.7,4393182,,,
2018-11-13,31.65,31.75,30.9,31.55,3765515,,,
2018-11-14,31.8,32.65,31.4,31.95,5505739,,,
2018-11-15,31.9,32.5,31.35,32.25,2946050,,,
2018-11-16,32.35,32.35,30.55,30.95,5992401,,,
2018-11-19,31.0,31.5,30.8,31.3,3601789,,,
2018-11-20,31.3,32.0,30.75,30.95,7064888,,,
2018-11-21,31.15,31.7,30.75,31.4,3636868,,,
2018-11-22,31.45,31.6,31.05,31.25,3432013,,,
2018-11-26,31.6,32.05,31.05,31.95,6834501,,,
2018-11-27,31.65,31.85,30.85,31.05,4587259,,,
2018-11-28,31.2,31.35,29.4,29.55,9821917,,,
2018-11-29,29.65,29.75,27.85,28.25,26727484,,,
2018-11-30,28.25,28.45,27.6,27.75,11736238,,,
2018-12-03,28.05,28.8,27.45,28.4,10241635,,,
2018-12-04,28.35,28.8,27.85,27.95,4879265,,,
2018-12-05,27.7,27.95,27.0,27.55,5501276,,,
2018-12-06,27.2,28.0,27.15,27.25,7204271,,,
2018-12-07,27.45,27.5,26.65,26.7,7272768,,,
2018-12-10,26.05,26.75,25.6,25.9,20009761,,,
2018-12-11,25.5,26.6,25.0,26.25,16542316,,,
2018-12-12,26.45,27.3,26.4,26.75,8107030,,,
2018-12-13,27.05,28.4,26.9,28.15,17240148,,,
2018-12-14,28.3,28.3,27.1,27.45,9903654,,,
2018-12-17,27.6,28.15,27.6,27.9,8010840,,,
2018-12-18,27.75,28.2,27.6,28.1,8960701,,,
2018-12-19,28.2,29.1,28.15,28.9,11879532,,,
2018-12-20,28.6,30.3,28.45,30.1,20886154,,,
2018-12-21,30.4,31.6,29.35,29.45,37783500,,,
2018-12-24,29.45,29.8,29.05,29.3,11044751,,,
2018-12-26,29.25,29.85,28.4,29.55,12611262,,,
2018-12-27,30.1,30.15,28.55,28.7,24898982,,,
2018-12-28,29.0,29.4,28.85,29.3,7463904,,,
2018-12-31,28.8,29.9,28.75,29.3,10512423,,,
2019-01-01,29.45,29.6,29.05,29.15,3492676,,,
2019-01-02,29.1,30.1,28.9,29.9,10231387,,,
2019-01-03,30.05,30.3,29.45,29.6,13269297,,,
2019-01-04,29.65,30.7,29.5,30.6,11509090,,,
2019-01-07,30.85,31.05,30.35,30.45,8019169,,,
2019-01-08,30.5,30.6,30.0,30.3,4701564,,,
2019-01-09,30.35,30.95,30.05,30.8,6095203,,,
2019-01-10,30.65,31.0,30.5,30.8,5849807,,,
2019-01-11,30.85,30.95,30.6,30.7,7395234,,,
2019-01-14,30.65,30.85,29.9,30.55,5311400,,,
2019-01-15,30.65,30.7,29.9,30.05,7347889,,,
2019-01-16,30.15,30.4,29.45,29.65,5854118,,,
2019-01-17,29.75,29.8,28.9,29.05,7937656,,,
2019-01-18,29.3,29.4,28.7,28.8,3889202,,,
2019-01-21,28.95,29.2,28.55,28.85,3050580,,,
2019-01-22,29.0,29.15,28.1,28.4,6518284,,,
2019-01-23,28.45,28.6,27.85,27.95,3879672,,,
2019-01-24,28.0,28.1,27.45,27.6,4472876,,,
2019-01-25,27.75,28.0,26.7,26.8,5902826,,,
2019-01-28,26.8,27.05,26.35,26.55,4549401,,,
2019-01-29,26.65,27.45,26.55,27.3,8696417,,,
2019-01-30,27.45,28.2,27.35,28.0,7771973,,,
2019-01-31,29.2,29.35,27.8,27.9,29020309,,,
2019-02-01,28.05,28.75,27.75,28.2,9737752,,,
2019-02-04,28.15,28.15,27.2,27.6,3762635,,,
2019-02-05,27.2,27.75,26.4,26.6,5285262,,,
2019-02-06,26.65,27.4,26.1,27.3,6294987,,,
2019-02-07,27.35,27.65,26.85,27.2,5396444,,,
2019-02-08,27.05,27.3,26.5,26.65,3458045,,,
2019-02-11,26.6,26.65,25.3,25.6,8090201,,,
2019-02-12,25.6,26.65,25.4,25.9,8781184,,,
2019-02-13,26.05,26.3,24.6,24.85,9081481,,,
2019-02-14,25.05,25.5,24.15,24.85,17860130,,,
2019-02-15,25.0,25.4,24.7,25.05,10021141,,,
2019-02-18,25.2,25.45,24.95,25.1,4102420,,,
2019-02-19,25.15,25.65,25.05,25.35,5698562,,,
2019-02-20,25.95,26.25,25.45,25.85,12525521,,,
2019-02-21,25.75,26.0,25.35,25.8,4870359,,,
2019-02-22,26.25,26.4,26.0,26.2,10396045,,,
2019-02-25,26.2,27.1,25.7,26.95,22009380,,,
2019-02-26,26.5,26.85,25.8,26.55,15257415,,,
2019-02-27,26.65,27.6,26.55,26.9,14278303,,,
2019-02-28,27.0,27.75,26.7,27.5,23879518,,,
2019-03-01,27.65,28.45,27.65,28.35,11338932,,,
2019-03-05,28.6,30.4,28.4,30.05,19977551,,,
2019-03-06,30.3,31.3,30.0,30.7,17065207,,,
2019-03-07,30.9,30.9,29.65,29.8,11339245,,,
2019-03-08,29.35,29.65,28.95,29.05,12103502,,,
2019-03-11,29.25,30.65,29.1,30.55,14186201,,,
2019-03-12,30.75,31.25,30.25,30.4,15076359,,,
2019-03-13,30.45,31.45,29.3,31.2,21003616,,,
2019-03-14,31.5,31.55,30.4,31.05,15297231,,,
2019-03-15,31.0,31.8,30.8,31.65,21185335,,,
2019-03-18,31.85,32.05,31.15,31.45,11978953,,,
2019-03-19,31.5,32.35,31.15,32.25,16123575,,,
2019-03-20,32.2,32.55,31.0,31.15,18217282,,,
2019-03-22,31.35,31.45,30.2,30.35,13873295,,,
2019-03-25,30.15,31.05,30.0,30.6,10053401,,,
2019-03-26,30.75,31.1,30.55,30.8,6803099,,,
2019-03-27,30.95,31.4,30.5,30.7,9098118,,,
2019-03-28,30.95,31.05,30.55,30.8,16639126,,,
2019-03-29,31.6,32.05,31.0,31.1,24742495,,,
2019-04-01,31.25,32.5,30.95,31.95,21911100,,,
2019-04-02,32.15,33.95,32.0,33.6,35623918,,,
2019-04-03,34.0,34.05,32.25,32.4,20662237,,,
2019-04-04,32.45,33.0,32.05,32.45,12449954,,,
2019-04-05,32.7,32.8,32.1,32.25,6772527,,,
2019-04-08,32.3,32.5,31.5,31.65,6874741,,,
2019-04-09,31.7,32.1,31.05,31.95,9076285,,,
2019-04-10,31.85,32.25,31.65,31.85,7249763,,,
2019-04-11,31.8,31.85,30.95,31.1,17808454,,,
2019-04-12,31.2,31.4,30.65,31.3,13843182,,,
2019-04-15,31.55,31.9,31.35,31.65,6884978,,,
2019-04-16,31.7,31.9,31.3,31.4,4403117,,,
2019-04-18,31.4,31.5,30.7,30.85,5425909,,,
2019-04-22,30.65,30.65,29.55,29.8,7657082,,,
2019-04-23,29.75,29.95,29.3,29.45,8118248,,,
2019-04-24,29.5,29.75,29.15,29.45,6804511,,,
2019-04-25,29.5,29.85,28.9,29.0,16272717,,,
2019-04-26,29.15,29.5,28.85,29.4,7112723,,,
2019-04-30,29.35,29.4,28.45,29.05,7596575,,,
2019-05-02,28.95,29.75,28.75,29.4,8115002,,,
2019-05-03,29.4,29.75,29.15,29.5,8807839,,,
2019-05-06,29.2,29.5,29.05,29.4,3796345,,,
2019-05-07,29.65,29.8,28.8,28.9,6085306,,,
2019-05-08,28.9,29.1,28.55,28.95,5196636,,,
2019-05-09,28.95,30.35,28.75,30.0,9874034,,,
2019-05-10,30.05,30.25,29.6,29.9,6936419,,,
2019-05-13,29.9,30.15,28.8,28.95,6039277,,,
2019-05-14,28.95,29.95,28.65,29.7,5888278,,,
2019-05-15,29.7,29.95,29.5,29.65,4807379,,,
2019-05-16,29.85,29.9,28.9,29.75,4214302,,,
2019-05-17,29.65,30.8,29.55,30.65,6984898,,,
2019-05-20,31.7,33.35,31.7,33.1,17283046,,,
2019-05-21,33.3,33.3,31.85,32.3,8370427,,,
2019-05-22,32.65,34.1,32.25,33.7,15229942,,,
2019-05-23,34.65,35.9,33.8,34.2,25985663,,,
2019-05-24,34.35,37.5,34.35,37.25,36197682,,,
2019-05-27,37.15,39.25,36.5,37.65,22766311,,,
2019-05-28,37.65,38.25,37.2,37.6,11972391,,,
2019-05-29,37.75,37.9,36.65,37.4,10881424,,,
2019-05-30,38.65,38.65,37.1,37.8,35031063,,,
2019-05-31,37.95,38.3,36.55,37.2,16640764,,,
2019-06-03,37.35,37.55,36.9,37.05,10352655,,,
2019-06-04,36.95,38.05,36.95,37.7,9396480,,,
2019-06-06,37.65,37.7,35.4,35.6,13892339,,,
2019-06-07,35.9,36.65,35.0,36.1,13027610,,,
2019-06-10,36.2,36.5,35.45,35.9,5275102,,,
2019-06-11,36.0,37.05,35.85,36.8,7924285,,,
2019-06-12,36.65,36.95,35.6,35.65,6728949,,,
2019-06-13,35.75,36.75,35.75,36.7,6176455,,,
2019-06-14,36.6,37.2,36.3,36.95,8314536,,,
2019-06-17,37.0,37.4,36.15,36.35,10974689,,,
2019-06-18,36.45,36.9,36.25,36.6,7808267,,,
2019-06-19,36.85,37.35,35.35,35.85,10810310,,,
2019-06-20,36.0,37.0,35.9,36.85,5354651,,,
2019-06-21,36.9,37.75,36.3,37.15,11268161,,,
2019-06-24,37.3,38.4,37.15,38.25,14050589,,,
2019-06-25,38.3,38.45,37.55,37.95,11001089,,,
2019-06-26,37.95,38.45,37.85,38.15,7074502,,,
2019-06-27,38.5,38.85,38.2,38.3,17016748,,,
2019-06-28,38.35,38.7,37.25,37.5,6970823,,,
2019-07-01,37.75,38.5,36.6,36.95,11122631,,,
2019-07-02,37.0,37.6,37.0,37.35,4669765,,,
2019-07-03,37.55,37.95,36.95,37.7,8408980,,,
2019-07-04,37.75,38.15,37.45,37.85,4062454,,,
2019-07-05,38.1,38.25,35.75,36.15,10305416,,,
2019-07-08,36.05,36.6,33.6,33.75,17892928,,,
2019-07-09,33.65,36.05,33.35,35.8,23959721,,,
2019-07-10,35.8,35.8,34.45,34.6,8200835,,,
2019-07-11,34.85,35.75,34.4,35.6,9482537,,,
2019-07-12,35.45,35.7,34.75,35.35,19439417,,,
2019-07-15,35.25,35.25,33.75,34.3,10031964,,,
2019-07-16,34.3,35.05,34.15,34.35,7817106,,,
2019-07-17,34.5,34.8,34.05,34.45,5584954,,,
2019-07-18,34.6,34.65,31.95,32.2,14419051,,,
2019-07-19,32.5,33.3,31.25,32.85,21251089,,,
2019-07-22,32.8,33.9,31.95,33.5,13720516,,,
2019-07-23,33.65,34.15,32.75,32.95,10130462,,,
2019-07-24,33.05,33.4,31.95,32.55,8287123,,,
2019-07-25,32.75,33.4,32.4,33.05,13532297,,,
2019-07-26,33.3,33.3,32.6,32.9,7019827,,,
2019-07-29,32.7,32.75,30.7,30.9,13864606,,,
2019-07-30,31.15,33.45,31.1,32.8,38172286,,,
2019-07-31,32.45,34.5,32.35,34.25,22866137,,,
2019-08-01,33.8,33.95,32.25,32.9,12928194,,,
2019-08-02,32.35,32.9,31.4,31.8,13698362,,,
2019-08-05,31.65,31.65,30.4,30.85,23481219,,,
2019-08-06,30.8,32.55,30.8,32.3,14065724,,,
2019-08-07,32.3,32.8,31.4,31.6,11233357,,,
2019-08-08,31.75,32.45,31.15,32.35,10466720,,,
2019-08-09,32.25,32.95,32.15,32.55,5818536,,,
2019-08-13,32.55,32.8,31.15,31.4,7439250,,,
2019-08-14,31.35,32.0,30.7,31.7,7122368,,,
2019-08-16,31.7,32.15,31.35,32.05,5479495,,,
2019-08-19,32.15,32.8,31.8,32.6,6917292,,,
2019-08-20,32.3,32.45,30.65,31.1,9051680,,,
2019-08-21,31.2,31.75,30.5,30.65,8583549,,,
2019-08-22,30.95,31.4,30.7,31.1,11671269,,,
2019-08-23,31.25,33.65,30.95,33.3,17316377,,,
2019-08-26,34.0,35.0,33.4,34.05,17306020,,,
2019-08-27,34.0,34.95,33.9,34.55,9215157,,,
2019-08-28,34.4,34.85,34.25,34.55,8688813,,,
2019-08-29,34.4,35.45,33.6,34.9,20111083,,,
2019-08-30,34.65,35.0,33.55,34.3,8821436,,,
2019-09-03,33.75,34.6,33.45,33.6,6810933,,,
2019-09-04,33.65,35.75,33.65,35.5,17273340,,,
2019-09-05,35.65,36.5,35.4,35.95,15471253,,,
2019-09-06,35.85,36.5,35.65,36.35,9829787,,,
2019-09-09,36.55,36.95,36.25,36.55,10261934,,,
2019-09-11,36.55,37.1,35.75,36.0,9453974,,,
2019-09-12,36.15,36.75,35.7,36.0,8934611,,,
2019-09-13,36.05,36.6,35.15,36.2,7398475,,,
2019-09-16,37.0,37.8,36.25,36.45,17928623,,,
2019-09-17,36.65,37.5,35.8,36.0,18594868,,,
2019-09-18,36.35,36.8,35.2,35.65,11387982,,,
2019-09-19,35.9,35.9,34.65,34.75,6974278,,,
2019-09-20,35.15,37.0,34.55,36.05,21246760,,,
2019-09-23,36.75,38.55,36.15,37.5,20130840,,,
2019-09-24,37.5,37.75,36.85,37.3,11170450,,,
2019-09-25,37.15,37.2,35.95,36.3,6184376,,,
2019-09-26,36.25,37.25,35.75,37.0,8007146,,,
2019-09-27,36.8,37.1,35.95,36.05,6127858,,,
2019-09-30,36.1,36.3,35.05,36.1,7870395,49710.0,158.33,10033636.0
2019-10-01,36.2,37.05,35.2,35.7,10149956,63161.0,160.7,2270940.0
2019-10-03,35.4,35.75,34.75,35.15,6971659,23407.0,297.85,1341940.0
2019-10-04,35.35,35.85,34.75,35.0,8720254,37387.0,233.24,2230599.0
2019-10-07,35.05,35.4,34.5,34.8,6213977,28206.0,220.31,1863268.0
2019-10-09,35.0,35.55,34.7,35.15,6724764,31830.0,211.27,1689270.0
2019-10-10,35.05,35.5,34.65,35.2,4572778,20126.0,227.21,1006224.0
2019-10-11,35.25,35.45,34.65,35.0,6218063,24091.0,258.11,2204588.0
2019-10-14,35.2,36.7,35.15,36.3,11093633,70757.0,156.78,3994518.0
2019-10-15,36.65,37.05,36.05,36.85,8543399,62999.0,135.61,3450989.0
2019-10-16,37.0,37.55,36.7,37.3,10490110,60813.0,172.5,4113592.0
2019-10-17,37.3,37.85,37.2,37.75,8183449,38817.0,210.82,3564990.0
2019-10-18,37.65,40.35,37.65,38.85,25981224,96120.0,270.3,9585134.0
2019-10-22,38.95,39.35,38.2,38.45,9520425,36842.0,258.41,3624286.0
2019-10-23,38.45,38.85,37.75,38.0,10947625,42510.0,257.53,5472817.0
2019-10-24,38.15,38.75,37.55,38.65,7138637,29157.0,244.83,2386730.0
2019-10-25,38.65,39.1,38.2,38.9,7575021,37959.0,199.56,3256402.0
2019-10-27,38.95,39.15,38.75,38.9,688591,5371.0,128.21,253830.0
2019-10-29,39.1,40.15,38.9,39.55,9326288,49186.0,189.61,3140292.0
2019-10-30,39.95,40.7,39.25,39.8,9364442,61796.0,151.54,3739865.0
2019-10-31,39.95,40.15,39.2,39.4,7902074,37903.0,208.48,4086882.0
2019-11-01,39.6,40.6,39.35,40.15,8565591,37345.0,229.36,3722429.0
2019-11-04,40.35,40.7,39.7,39.85,10886660,38840.0,280.3,5230076.0
2019-11-05,38.45,38.65,37.2,37.55,20962769,76674.0,273.4,8881730.0
2019-11-06,37.5,37.5,36.05,36.45,16807674,63028.0,266.67,7016422.0
2019-11-07,36.5,36.75,35.9,36.3,8715227,46008.0,189.43,3632462.0
2019-11-08,36.2,37.6,36.2,36.5,13385907,60063.0,222.86,3617918.0
2019-11-11,36.4,36.7,35.9,36.3,7434237,40259.0,184.66,3289113.0
2019-11-13,36.25,36.55,35.75,36.35,8986255,38189.0,235.31,4589095.0
2019-11-14,36.5,36.95,36.25,36.45,5999657,27216.0,220.45,2512676.0
2019-11-15,36.55,37.45,36.55,37.1,5362733,29727.0,180.4,1944655.0
2019-11-18,37.0,37.45,36.5,36.65,5911062,22295.0,265.13,2718143.0
2019-11-19,36.6,37.35,36.55,37.15,3983462,21278.0,187.21,1457940.0
2019-11-20,37.3,37.6,36.8,36.95,6944846,22946.0,302.66,2942854.0
2019-11-21,36.85,37.1,36.55,36.8,4077761,19909.0,204.82,1622221.0
2019-11-22,36.75,36.95,36.0,36.5,5757149,19726.0,291.86,1441738.0
2019-11-25,36.1,36.3,34.95,35.6,11095885,115061.0,96.43,2523580.0
2019-11-26,36.0,36.25,34.2,34.4,10620318,40832.0,260.1,3147365.0
2019-11-27,34.5,34.85,34.2,34.35,4265594,18315.0,232.9,890992.0
2019-11-28,34.35,35.1,34.1,34.75,7479942,23128.0,323.41,2737915.0
2019-11-29,34.85,35.15,34.2,34.35,4887239,28034.0,174.33,1759980.0
2019-12-02,34.45,34.55,33.6,34.35,6728781,26909.0,250.06,2567802.0
2019-12-03,34.25,34.4,33.5,33.65,8674060,26187.0,331.24,4385176.0
2019-12-04,33.75,33.95,33.35,33.75,6137116,15007.0,408.95,2823772.0
2019-12-05,33.95,34.45,33.8,34.0,6357842,38619.0,164.63,2315599.0
2019-12-06,34.15,34.65,33.85,34.2,8264677,30070.0,274.85,2031223.0
2019-12-09,34.25,35.0,34.0,34.15,6051685,44095.0,137.24,2431310.0
2019-12-10,34.3,34.3,32.6,33.25,11855127,48842.0,242.72,3748146.0
2019-12-11,33.55,33.55,32.2,32.8,13284253,62558.0,212.35,6875146.0
2019-12-12,33.1,33.15,32.55,32.95,10863973,25756.0,421.8,6067971.0
2019-12-13,33.25,33.75,32.85,33.35,9430830,26585.0,354.74,3171101.0
2019-12-16,33.45,34.1,33.15,33.7,6408768,19350.0,331.2,2237413.0
2019-12-17,33.7,33.8,33.35,33.4,4131222,13554.0,304.8,1443424.0
2019-12-18,33.45,33.6,33.2,33.5,4468054,14307.0,312.3,1988019.0
2019-12-19,33.4,33.6,33.15,33.35,3386721,10756.0,314.87,877931.0
2019-12-20,33.4,33.45,32.85,32.95,3373699,11889.0,283.77,1049313.0
2019-12-23,32.9,33.35,32.85,32.95,7620889,19010.0,400.89,4525119.0
2019-12-24,32.95,33.25,32.85,33.2,3678648,10221.0,359.91,1319297.0
2019-12-26,33.2,33.55,32.8,32.95,7508570,14612.0,513.86,3606825.0
2019-12-27,33.1,33.9,33.05,33.25,5869030,20153.0,291.22,2384659.0
2019-12-30,33.4,33.6,33.2,33.3,3192611,10614.0,300.79,950301.0
2019-12-31,33.4,34.0,33.2,33.35,7489544,21170.0,353.78,2296524.0
2020-01-01,33.45,33.65,33.15,33.4,5146098,12979.0,396.49,1941887.0
2020-01-02,33.55,34.6,33.3,34.4,8754250,28420.0,308.03,3281472.0
2020-01-03,34.4,34.65,33.45,33.65,7316741,18943.0,386.25,2259266.0
2020-01-06,33.15,33.65,31.9,32.3,12134243,60683.0,199.96,5883738.0
2020-01-07,32.8,33.0,31.75,32.1,11099420,46804.0,237.15,5404923.0
2020-01-08,31.7,32.4,31.5,31.8,6808103,31312.0,217.43,2813105.0
2020-01-09,32.35,32.4,31.95,32.35,13893679,75748.0,183.42,8622016.0
2020-01-10,32.35,32.85,32.35,32.4,7696227,35920.0,214.26,3506525.0
2020-01-13,32.75,33.1,32.5,32.65,9512888,26368.0,360.77,4441280.0
2020-01-14,32.95,33.4,32.65,33.3,7139234,22043.0,323.88,2972849.0
2020-01-15,33.4,34.9,33.15,34.6,13080458,35200.0,371.6,3636179.0
2020-01-16,35.35,35.75,34.8,35.25,18083482,76087.0,237.67,4866677.0
2020-01-17,35.2,36.3,34.9,36.2,11093284,47965.0,231.28,3543302.0
2020-01-20,36.35,36.35,34.55,35.0,9371989,34617.0,270.73,2264469.0
2020-01-21,34.65,35.35,34.6,35.0,5708875,29516.0,193.42,1547674.0
2020-01-22,35.0,35.0,33.35,33.65,15602460,48713.0,320.29,6301545.0
2020-01-23,33.7,34.85,33.4,33.7,21658446,45691.0,474.02,11784754.0
2020-01-24,33.8,34.55,33.75,33.95,6873920,26589.0,258.52,2005432.0
2020-01-27,33.9,34.5,33.65,33.9,8059121,25133.0,320.66,3366447.0
2020-01-28,33.85,34.0,33.15,33.4,10711350,36530.0,293.22,4892760.0
2020-01-29,33.65,33.7,33.25,33.5,9448518,21837.0,432.68,4399545.0
2020-01-30,33.75,34.5,33.45,33.6,11213059,34617.0,323.92,2758119.0
2020-01-31,32.1,33.0,29.95,30.2,56582665,177997.0,317.89,19934369.0
2020-02-01,29.75,30.55,27.8,28.3,26638471,99485.0,267.76,7974650.0
2020-02-03,28.35,29.15,26.9,27.85,25448406,82615.0,308.04,7039343.0
2020-02-04,28.2,29.05,28.15,28.3,14808948,47516.0,311.66,5635840.0
2020-02-05,28.35,29.4,28.2,28.95,15276570,46664.0,327.37,4084467.0
2020-02-06,29.3,29.35,28.55,29.0,10562960,33846.0,312.09,3398585.0
2020-02-07,29.05,29.35,28.75,29.2,10122623,34667.0,292.0,3725991.0
2020-02-10,29.3,29.3,28.6,28.85,12600785,33555.0,375.53,7273678.0
2020-02-11,28.65,29.05,28.45,28.55,13450753,44305.0,303.59,6996475.0
2020-02-12,28.45,28.55,27.85,28.0,7876414,25478.0,309.15,3184901.0
2020-02-13,28.0,28.5,27.7,28.4,8415011,27661.0,304.22,3340078.0
2020-02-14,28.4,28.6,27.55,27.7,9548923,27332.0,349.37,4465665.0
2020-02-17,27.7,27.85,26.85,27.0,12270043,45077.0,272.2,6686165.0
2020-02-18,26.9,27.95,26.5,27.6,15218831,43625.0,348.86,6934369.0
2020-02-19,27.75,28.3,27.3,28.25,9725333,37382.0,260.16,3534532.0
2020-02-20,28.2,29.05,27.95,28.85,12718445,47875.0,265.66,5248167.0
2020-02-24,28.55,28.55,27.1,27.3,8530763,34093.0,250.22,3219309.0
2020-02-25,27.4,27.95,27.4,27.5,5680277,21055.0,269.78,854965.0
2020-02-26,27.35,27.55,26.45,26.75,6512548,24420.0,266.69,1738645.0
2020-02-27,26.85,26.9,25.7,25.8,14289606,40196.0,355.5,6577513.0
2020-02-28,25.5,25.5,24.3,24.65,17444050,70481.0,247.5,7760088.0
2020-03-02,25.35,25.65,24.0,24.3,9208356,37656.0,244.54,2352069.0
2020-03-03,24.45,25.05,24.1,24.85,19287777,48078.0,401.18,9835474.0
2020-03-04,24.9,25.05,23.5,24.95,20348001,66676.0,305.18,9026530.0
2020-03-05,25.5,25.5,24.2,24.35,15594961,34842.0,447.59,5621916.0
2020-03-06,23.65,24.05,23.05,23.85,9881566,39131.0,252.53,3385611.0
2020-03-09,23.3,23.5,22.55,23.25,17082732,56551.0,302.08,8561715.0
2020-03-11,23.15,23.4,22.55,22.95,12124381,48376.0,250.63,4955222.0
2020-03-12,22.05,22.25,20.8,21.9,23974948,115230.0,208.06,11803683.0
2020-03-13,20.0,23.5,20.0,23.3,21960802,69667.0,315.23,9896820.0
2020-03-16,22.85,23.3,21.65,21.95,13672102,37704.0,362.62,6543630.0
2020-03-17,22.0,23.8,21.95,23.25,12578599,43302.0,290.49,4529727.0
2020-03-18,23.3,26.7,22.4,24.95,32823312,73477.0,446.72,15918466.0
2020-03-19,23.0,24.15,20.95,21.5,20175836,70696.0,285.39,7304750.0
2020-03-20,21.65,24.0,21.5,23.75,18486903,66747.0,276.97,5842323.0
2020-03-23,21.7,22.55,19.05,19.8,8174357,29098.0,280.93,3732434.0
2020-03-24,20.65,21.15,18.65,19.5,9141035,49130.0,186.06,3436880.0
2020-03-25,19.25,21.1,18.85,20.9,6075742,40366.0,150.52,2165971.0
2020-03-26,21.1,22.8,20.35,22.45,12340578,52126.0,236.75,5060964.0
2020-03-27,24.65,25.6,22.9,24.4,15742956,67381.0,233.64,4368124.0
2020-03-30,24.2,25.3,23.55,24.2,15510709,85295.0,181.85,5341764.0
2020-03-31,25.0,25.25,24.2,24.8,7161517,45750.0,156.54,2631496.0
2020-04-01,24.6,25.4,22.45,23.0,9661775,42426.0,227.73,3022730.0
2020-04-03,23.9,23.95,22.85,23.3,9319677,37203.0,250.51,2893631.0
2020-04-07,24.25,24.35,22.85,23.0,12628565,41536.0,304.04,5907875.0
2020-04-08,23.0,23.75,21.7,22.15,16699885,69587.0,239.99,5469927.0
2020-04-09,22.45,23.8,22.35,23.4,9722574,46350.0,209.76,3974925.0
2020-04-13,24.35,24.5,23.35,23.5,9995138,45989.0,217.34,3179775.0
2020-04-15,24.0,24.4,22.95,23.2,11486310,50693.0,226.59,4032174.0
2020-04-16,23.5,24.05,23.4,23.65,23532178,41636.0,565.19,15812322.0
2020-04-17,24.15,24.35,23.55,23.75,19718808,31662.0,622.79,14401430.0
2020-04-20,24.1,25.75,23.8,25.1,34849649,118153.0,294.95,11237914.0
2020-04-21,25.0,25.7,24.1,25.3,20673343,81809.0,252.7,4610729.0
2020-04-22,25.3,25.9,24.95,25.55,10573856,45809.0,230.82,1994095.0
2020-04-23,25.55,26.35,25.25,25.35,13050062,53788.0,242.62,3129865.0
2020-04-24,25.05,25.9,24.45,24.85,24292851,74560.0,325.82,9193819.0
2020-04-27,25.05,25.3,24.4,24.55,7248704,32058.0,226.11,1745715.0
2020-04-28,24.75,24.85,24.25,24.4,4712408,18651.0,252.66,993208.0
2020-04-29,24.65,24.7,24.05,24.4,9776560,44031.0,222.04,4083607.0
2020-04-30,24.7,24.8,23.8,24.05,17110089,56343.0,303.68,7129346.0
2020-05-04,23.5,23.55,22.35,22.5,12020561,62049.0,193.73,5548459.0
2020-05-05,22.85,22.85,21.7,21.8,8349709,42484.0,196.54,3243938.0
2020-05-06,21.75,21.95,20.9,21.2,10629596,42237.0,251.67,3846612.0
2020-05-07,21.15,21.45,20.85,20.9,8701882,42743.0,203.59,3453837.0
2020-05-08,21.15,21.25,19.85,19.9,13217644,56540.0,233.78,6776750.0
2020-05-11,20.15,20.65,19.8,20.05,14510665,66649.0,217.72,5539474.0
2020-05-12,19.9,20.4,19.25,20.2,13388818,61394.0,218.08,5043978.0
2020-05-13,21.45,22.2,20.75,21.9,28023955,88491.0,316.69,7345955.0
2020-05-14,21.5,21.85,21.1,21.2,11319400,51031.0,221.81,3576787.0
2020-05-15,21.0,22.95,20.75,22.6,33561469,126247.0,265.84,6673641.0
2020-05-18,23.65,23.95,21.35,21.5,42903060,154535.0,277.63,11989986.0
2020-05-19,21.85,22.2,20.55,20.75,21096347,66942.0,315.14,6235259.0
2020-05-20,20.85,21.4,20.55,21.05,16736646,49862.0,335.66,4379753.0
2020-05-21,21.45,21.8,20.8,21.0,20381167,56399.0,361.37,5052372.0
2020-05-22,20.85,21.2,20.5,21.0,11478106,46722.0,245.67,4315815.0
2020-05-26,21.2,21.75,21.1,21.65,10805516,49036.0,220.36,3499547.0
2020-05-27,21.7,22.35,21.4,22.2,16020567,78752.0,203.43,5921133.0
2020-05-28,22.3,23.45,22.05,23.2,23438967,128790.0,181.99,8089154.0
2020-05-29,23.0,23.5,22.65,23.05,13383246,53031.0,252.37,5924782.0
2020-06-01,23.35,23.65,23.05,23.15,15805759,81900.0,192.99,5861604.0
2020-06-02,23.2,23.45,22.9,23.2,7287307,25063.0,290.76,2215245.0
2020-06-03,23.45,24.75,23.15,24.55,24320250,75714.0,321.21,9696387.0
2020-06-04,24.55,24.95,23.9,24.25,10220515,33302.0,306.9,2270929.0
2020-06-05,24.45,24.8,24.3,24.65,9540158,34825.0,273.95,2526911.0
2020-06-08,25.05,25.8,24.7,24.9,15265434,50758.0,300.75,4053996.0
2020-06-09,25.1,25.4,24.2,24.35,11785790,63331.0,186.1,3717840.0
2020-06-10,24.55,24.85,23.9,24.5,9420639,29117.0,323.54,2071284.0
2020-06-11,24.6,24.9,23.45,23.55,10629673,40265.0,263.99,3165132.0
2020-06-12,22.45,24.1,22.45,23.95,14101934,46617.0,302.51,2396522.0
2020-06-15,24.0,24.2,23.15,23.65,9265975,27299.0,339.43,2738951.0
2020-06-16,24.3,24.3,23.05,23.55,10645724,31018.0,343.21,2679787.0
2020-06-17,23.7,24.25,23.55,23.9,11881339,42376.0,280.38,3494702.0
2020-06-18,24.0,25.75,23.9,25.6,33392838,101733.0,328.24,8908411.0
2020-06-19,25.8,27.15,25.5,26.7,28636591,88726.0,322.75,9494605.0
2020-06-22,27.3,27.65,26.75,27.1,22689477,83254.0,272.53,7160805.0
2020-06-23,27.3,27.9,26.85,27.75,22148717,73153.0,302.77,8796069.0
2020-06-24,28.05,28.55,27.35,27.5,23281775,101535.0,229.3,10903263.0
2020-06-25,27.3,28.3,27.0,27.9,20262420,78071.0,259.54,7510721.0
2020-06-26,28.3,28.8,27.95,28.45,15375634,73939.0,207.95,4300712.0
2020-06-29,28.3,29.55,28.1,29.2,23325346,95365.0,244.59,5728351.0
2020-06-30,31.05,31.4,29.35,29.55,62226892,219438.0,283.57,16653398.0
2020-07-01,29.55,29.75,29.2,29.55,11794991,42483.0,277.64,3414351.0
2020-07-02,30.0,30.15,29.5,29.7,9120739,35312.0,258.29,2628326.0
2020-07-03,30.35,32.65,30.15,32.4,68446245,231437.0,295.74,14907613.0
2020-07-06,32.75,34.5,32.35,34.05,44028726,145729.0,302.13,7383994.0
2020-07-07,33.9,34.45,33.25,34.0,31027568,121470.0,255.43,10701107.0
2020-07-08,33.65,35.15,33.5,34.5,22716898,96024.0,236.58,6290027.0
2020-07-09,34.2,34.3,33.15,33.3,18110460,74596.0,242.78,5794254.0
2020-07-10,33.3,33.85,32.8,33.25,12134978,54071.0,224.43,2308350.0
2020-07-13,33.55,33.8,32.55,32.85,10791094,72650.0,148.54,4071082.0
2020-07-14,33.1,33.4,31.85,32.35,19174007,82509.0,232.39,4652155.0
2020-07-15,33.15,33.2,31.8,32.05,12655265,49153.0,257.47,2976465.0
2020-07-16,32.15,32.25,31.4,31.5,12314305,41527.0,296.54,5966883.0
2020-07-17,31.45,32.8,31.35,32.65,10158409,40152.0,253.0,2160248.0
2020-07-20,32.65,33.3,32.1,32.25,11349644,40223.0,282.17,2738797.0
2020-07-21,32.55,33.6,32.2,33.1,14174689,56349.0,251.55,3700290.0
2020-07-22,33.3,33.3,32.15,32.65,8900781,38610.0,230.53,1762869.0
2020-07-23,32.65,34.5,32.5,34.15,21328642,91888.0,232.12,5614164.0
2020-07-24,34.3,34.9,33.75,34.05,22754008,82708.0,275.11,4797021.0
2020-07-27,34.25,34.25,32.75,33.15,11652014,47334.0,246.17,2740566.0
2020-07-28,32.4,33.05,31.8,32.2,21583250,85055.0,253.76,5713472.0
2020-07-29,32.2,33.4,32.15,32.45,17412488,59376.0,293.26,3274362.0
2020-07-30,32.6,32.8,31.65,31.9,12238736,65525.0,186.78,4168910.0
2020-07-31,31.95,32.25,31.25,31.95,14677625,62192.0,236.01,3231151.0
2020-08-03,32.0,33.05,31.7,32.25,10383667,46707.0,222.32,2007450.0
2020-08-04,32.65,33.65,32.3,33.45,17277444,61172.0,282.44,5122698.0
2020-08-05,33.65,34.1,32.95,33.45,11389716,52343.0,217.6,2683080.0
2020-08-06,33.45,33.8,32.85,33.0,6668804,25663.0,259.86,1245970.0
2020-08-07,33.1,33.6,32.8,33.05,7770524,31505.0,246.64,2897523.0
2020-08-10,35.15,37.95,34.8,36.1,65821856,243102.0,270.76,15048685.0
2020-08-11,36.45,36.8,35.1,35.3,21437613,75228.0,284.97,5718730.0
2020-08-12,35.3,37.05,35.1,36.9,28913577,117091.0,246.93,9218569.0
2020-08-13,37.0,38.45,36.55,38.15,29955940,115046.0,260.38,10289579.0
2020-08-14,38.35,39.5,36.5,37.7,34260345,132556.0,258.46,7322661.0
2020-08-17,38.3,38.3,36.65,36.95,15243626,77729.0,196.11,4416224.0
2020-08-18,37.0,37.75,36.55,37.25,14955711,54444.0,274.7,3718086.0
2020-08-19,37.55,38.35,37.25,37.45,16700425,64362.0,259.48,4508902.0
2020-08-20,37.0,37.65,36.55,37.3,11334756,42431.0,267.13,3498947.0
2020-08-21,37.5,37.85,36.95,37.35,9850477,32275.0,305.2,2677893.0
2020-08-24,37.0,38.35,36.85,38.2,17889083,58810.0,304.18,5780828.0
2020-08-25,38.4,38.65,37.1,37.45,14662242,54584.0,268.62,3098109.0
2020-08-26,37.55,37.75,36.85,37.25,12182133,47261.0,257.76,3753428.0
2020-08-27,37.3,37.55,36.6,36.75,9139538,34465.0,265.18,3812831.0
2020-08-28,38.0,38.25,36.95,37.35,16202183,61625.0,262.92,3921768.0
2020-08-31,37.5,37.7,35.0,35.35,14243572,52215.0,272.79,4069210.0
2020-09-01,35.65,36.25,34.8,36.0,11429025,36112.0,316.49,2918724.0
2020-09-02,36.0,36.55,35.4,36.35,5797529,21409.0,270.8,1329701.0
2020-09-03,36.5,36.8,35.95,36.15,8885854,47607.0,186.65,2508056.0
2020-09-04,35.15,36.15,35.1,35.45,9984965,70037.0,142.57,3431600.0
2020-09-07,35.65,36.05,34.9,35.2,6386135,34382.0,185.74,1943093.0
2020-09-08,35.35,35.55,33.85,34.2,10100297,41625.0,242.65,3605919.0
2020-09-09,33.75,34.5,33.25,33.7,11522844,39736.0,289.99,4733757.0
2020-09-10,33.9,34.25,33.0,33.85,7902714,38777.0,203.8,1767497.0
2020-09-11,34.0,34.25,33.75,34.1,4696372,20520.0,228.87,770439.0
2020-09-14,35.35,36.55,34.8,35.7,17850819,67097.0,266.04,4316685.0
2020-09-15,35.35,35.65,34.65,34.95,8980519,38646.0,232.38,2923073.0
2020-09-16,35.0,35.15,34.1,34.5,4878580,23455.0,208.0,1270817.0
2020-09-17,34.15,34.95,34.15,34.5,7240461,24761.0,292.41,3065733.0
2020-09-18,34.65,34.85,34.05,34.65,9328207,29337.0,317.97,4370669.0
2020-09-21,34.55,34.6,31.7,32.1,13609243,63074.0,215.77,5346997.0
2020-09-22,32.1,32.2,30.35,30.75,16187335,97186.0,166.56,5121417.0
2020-09-23,31.0,31.85,30.8,31.3,16249622,50936.0,319.02,6678619.0
2020-09-24,30.75,31.0,29.9,30.15,10280628,34064.0,301.8,4610810.0
2020-09-25,30.65,31.45,30.45,31.1,6477816,31284.0,207.06,1152288.0
2020-09-28,31.35,32.75,31.3,32.5,7289771,44475.0,163.91,1903429.0
2020-09-29,32.9,33.1,31.6,32.0,9112314,33339.0,273.32,929367.0
2020-09-30,32.0,32.15,31.3,31.9,4729904,16940.0,279.22,698091.0
2020-10-01,32.1,32.55,31.65,32.05,4212627,22625.0,186.19,1182924.0
2020-10-05,32.15,32.25,31.55,32.05,3928295,23314.0,168.5,880676.0
2020-10-06,32.2,32.35,31.55,31.9,6392261,25273.0,252.93,772989.0
2020-10-07,31.95,32.15,31.3,31.4,4377220,24399.0,179.4,1437097.0
2020-10-08,31.65,31.75,30.85,31.2,4520352,20073.0,225.2,772949.0
2020-10-09,31.05,31.35,30.6,30.95,4224234,19809.0,213.25,919959.0
2020-10-12,31.0,31.65,30.85,31.2,7136715,29794.0,239.54,1216504.0
2020-10-13,31.2,31.3,30.35,30.5,6655655,25598.0,260.01,2760262.0
2020-10-14,30.65,31.25,30.4,30.5,7440616,29279.0,254.13,2050359.0
2020-10-15,30.6,30.8,29.3,29.45,5286379,25591.0,206.57,1457241.0
2020-10-16,29.25,30.45,29.25,30.35,7266931,28306.0,256.73,2556243.0
2020-10-19,30.45,30.65,29.5,30.0,7504613,30586.0,245.36,2961473.0
2020-10-20,29.7,30.35,29.7,30.0,4895410,23028.0,212.59,1708376.0
2020-10-21,30.0,30.95,29.7,30.8,9650774,46051.0,209.57,3146819.0
2020-10-22,30.8,31.7,30.55,31.05,9594464,53033.0,180.91,2816500.0
2020-10-23,31.3,31.4,30.7,30.85,5887712,36330.0,162.06,2248031.0
2020-10-26,30.85,30.9,29.7,30.0,6177300,30596.0,201.9,1778058.0
2020-10-27,29.95,30.15,29.55,29.9,4110039,24465.0,168.0,1001251.0
2020-10-28,29.9,30.0,29.25,29.4,4443777,18730.0,237.25,1534695.0
2020-10-29,29.2,29.65,28.8,28.9,5605585,26896.0,208.42,2406464.0
2020-10-30,28.95,29.95,28.8,29.0,9212128,40291.0,228.64,2959175.0
2020-11-02,29.3,29.85,29.1,29.55,4748693,20296.0,233.97,1376858.0
2020-11-03,29.6,30.15,29.6,29.8,3501994,14695.0,238.31,1112180.0
2020-11-04,30.1,30.1,29.3,29.65,3391500,15733.0,215.57,991590.0
2020-11-05,29.8,31.15,29.7,30.95,7247088,25553.0,283.61,2466356.0
2020-11-06,30.7,31.15,30.5,30.8,6721247,25504.0,263.54,1764061.0
2020-11-09,31.5,31.65,30.6,31.0,8288466,35412.0,234.06,2239728.0
2020-11-10,31.0,32.1,30.7,31.8,10546823,51839.0,203.45,3095878.0
2020-11-11,32.0,32.45,31.5,31.9,8088909,30572.0,264.59,2160894.0
2020-11-12,32.05,32.15,31.35,31.4,10857825,42104.0,257.88,5265237.0
2020-11-13,31.3,32.4,30.9,32.25,7740513,30786.0,251.43,2184882.0
2020-11-14,32.4,32.4,32.15,32.2,947727,7768.0,122.0,535435.0
2020-11-17,32.5,32.6,31.9,32.05,4536016,18406.0,246.44,1579627.0
2020-11-18,32.05,32.75,31.9,32.2,10536268,32993.0,319.35,3773634.0
2020-11-19,32.15,36.1,31.9,34.35,42410528,114223.0,371.3,14734556.0
2020-11-20,35.05,36.65,34.85,36.1,37325445,127854.0,291.94,7395982.0
2020-11-23,36.2,36.35,34.85,35.35,10906565,46031.0,236.94,3438090.0
2020-11-24,35.35,36.3,35.35,35.9,10966751,48864.0,224.43,3768564.0
2020-11-25,36.0,36.8,35.3,35.6,12433645,53234.0,233.57,2750804.0
2020-11-26,35.8,36.45,35.6,36.3,9582353,30468.0,314.51,2669154.0
2020-11-27,36.5,37.95,36.35,37.05,14246823,58976.0,241.57,3565048.0
2020-12-01,37.05,37.6,36.75,37.25,10783871,37560.0,287.11,3875589.0
2020-12-02,37.35,38.35,37.2,37.85,16137127,55481.0,290.86,4264725.0
2020-12-03,38.05,38.95,37.95,38.35,16184624,67117.0,241.14,5443527.0
2020-12-04,38.65,39.35,38.15,38.6,15335926,95435.0,160.69,6425772.0
2020-12-07,38.6,38.9,38.1,38.3,8862337,42932.0,206.43,4537533.0
2020-12-08,38.5,38.7,37.05,37.7,12214245,57548.0,212.24,5159146.0
2020-12-09,38.6,40.85,38.25,39.0,49168249,183671.0,267.7,11260693.0
2020-12-10,38.95,38.95,37.5,38.15,12916205,56391.0,229.05,3421477.0
2020-12-11,38.15,38.8,37.8,38.2,13693303,46869.0,292.16,4146497.0
2020-12-14,38.55,39.75,38.4,39.5,25002925,86031.0,290.63,7150208.0
2020-12-15,39.15,39.75,39.05,39.4,10755584,39109.0,275.02,2896985.0
2020-12-16,39.65,40.25,39.1,39.35,12908375,47053.0,274.34,3545104.0
2020-12-17,39.35,40.3,38.6,40.1,18747412,75903.0,246.99,4870098.0
2020-12-18,40.5,40.9,39.5,40.4,32586774,91215.0,357.25,9350994.0
2020-12-21,40.25,41.05,36.4,37.3,28993024,123235.0,235.27,7536141.0
2020-12-22,37.3,38.05,35.45,37.4,24627551,100780.0,244.37,6621187.0
2020-12-23,37.75,38.65,37.5,38.5,13015991,59400.0,219.12,2799172.0
2020-12-24,38.7,39.4,38.1,38.3,9418724,42019.0,224.15,2085409.0
2020-12-28,38.75,38.85,37.95,38.2,9447294,54503.0,173.34,2890320.0
2020-12-29,38.4,38.75,38.0,38.25,6927360,41319.0,167.66,2512093.0
2020-12-30,38.35,38.45,37.8,38.15,6332210,25013.0,253.16,1991492.0
2020-12-31,38.55,40.25,38.45,40.0,37390127,123108.0,303.72,8308679.0
2021-01-01,40.35,42.65,40.2,42.15,67232056,230275.0,291.96,9318588.0
2021-01-04,43.0,43.95,42.3,43.75,35204855,128351.0,274.29,8564020.0
2021-01-05,43.35,44.4,43.0,43.85,21453841,78475.0,273.38,3915617.0
2021-01-06,44.0,45.15,43.2,44.4,24699603,85666.0,288.32,6267575.0
2021-01-07,44.8,45.0,43.75,43.9,15337009,62219.0,246.5,4009998.0
2021-01-08,44.35,44.6,43.85,44.05,6635449,32168.0,206.27,1901729.0
2021-01-11,44.25,45.2,43.2,44.85,14142114,104880.0,134.84,4948046.0
2021-01-12,45.0,45.3,44.45,44.8,10869411,62440.0,174.08,2996026.0
2021-01-13,44.85,45.9,44.15,44.7,12818493,53584.0,239.22,2736675.0
2021-01-14,44.9,47.0,44.85,46.4,31434222,126300.0,248.89,5070464.0
2021-01-15,46.25,46.5,44.15,44.5,14939243,71177.0,209.89,3731154.0
2021-01-18,44.6,45.1,42.75,44.5,17878176,78894.0,226.61,3212785.0
2021-01-19,44.85,46.05,44.7,45.7,21463842,89122.0,240.84,7768354.0
2021-01-20,45.8,46.3,44.95,45.15,13257081,105813.0,125.29,3863113.0
2021-01-21,45.5,45.95,44.1,44.65,10360818,52836.0,196.09,2729750.0
2021-01-22,44.5,45.15,43.65,44.1,10274387,49861.0,206.06,2394166.0
2021-01-25,44.6,44.9,42.95,43.55,7567402,39629.0,190.96,1960155.0
2021-01-27,43.65,44.8,43.6,44.25,18632641,80999.0,230.04,8066885.0
2021-01-28,43.65,44.9,43.3,43.75,16639553,67643.0,245.99,5832657.0
2021-01-29,43.6,45.4,42.35,43.35,25872491,107788.0,240.03,9055230.0
2021-02-01,43.35,44.95,41.85,44.55,15800000,84410.0,187.18,2990131.0
2021-02-02,44.9,45.6,43.8,44.5,10738562,58531.0,183.47,2219081.0
2021-02-03,44.75,47.05,44.7,46.35,21146786,98287.0,215.15,6426359.0
2021-02-04,46.6,47.25,45.7,47.0,18344056,73051.0,251.11,5000456.0
2021-02-05,47.35,47.75,46.25,46.75,9954380,47846.0,208.05,2309322.0
2021-02-08,47.05,47.65,46.5,46.9,10642397,62200.0,171.1,3315316.0
2021-02-09,47.15,47.35,45.8,46.0,16102258,67624.0,238.11,8260430.0
2021-02-10,46.3,47.45,46.1,46.6,11220712,60146.0,186.56,3637894.0
2021-02-11,46.45,46.85,44.85,45.15,11797598,49560.0,238.05,4231729.0
2021-02-12,45.3,45.65,44.7,45.4,8268755,38389.0,215.39,2673768.0
2021-02-15,45.8,46.0,44.95,45.35,7807418,37714.0,207.02,2803293.0
2021-02-16,45.35,46.15,44.2,44.4,16238431,71313.0,227.71,4232076.0
2021-02-17,44.05,46.6,44.05,46.35,15410572,70819.0,217.61,3821358.0
2021-02-18,46.45,47.95,45.95,47.2,14549793,76632.0,189.87,4393291.0
2021-02-19,46.8,47.55,44.35,45.15,17212311,87715.0,196.23,5707331.0
2021-02-22,45.15,45.5,43.1,43.45,9555001,57256.0,166.88,3034720.0
2021-02-23,43.75,45.2,43.4,44.75,10706432,48717.0,219.77,3741062.0
2021-02-24,45.2,46.3,45.05,45.45,7552240,41062.0,183.92,2460666.0
2021-02-25,45.7,47.65,45.7,47.25,19775340,84911.0,232.89,4424644.0
2021-02-26,46.45,47.45,45.35,45.7,12877803,64055.0,201.04,3894074.0
2021-03-01,46.25,49.0,46.0,48.65,20686485,106098.0,194.98,5789967.0
2021-03-02,49.3,51.2,48.85,50.5,35563722,179830.0,197.76,6747410.0
2021-03-03,50.95,51.35,50.25,50.95,13219786,72383.0,182.64,3222947.0
2021-03-04,50.5,51.65,50.0,50.95,10111300,51325.0,197.01,2604637.0
2021-03-05,50.25,51.0,48.25,49.0,9713987,56478.0,172.0,2368935.0
2021-03-08,49.35,50.25,48.05,48.35,11561786,51333.0,225.23,5082583.0
2021-03-09,48.7,49.15,46.4,46.65,12371248,59598.0,207.58,6277183.0
2021-03-10,47.15,47.55,46.35,46.6,8082556,41812.0,193.31,3579685.0
2021-03-12,47.4,47.85,46.4,46.7,13199775,65395.0,201.85,3397396.0
2021-03-15,47.1,47.1,44.45,45.7,10062650,51265.0,196.29,1989427.0
2021-03-16,45.85,46.2,45.15,45.95,9757790,41623.0,234.43,2166386.0
2021-03-17,45.85,46.15,44.3,44.6,11951944,50163.0,238.26,5332436.0
2021-03-18,44.8,45.15,42.7,43.25,15117744,64697.0,233.67,6400172.0
2021-03-19,42.8,43.35,41.65,42.65,18797976,91335.0,205.81,9457426.0
2021-03-22,42.9,44.0,42.45,42.65,12981794,67113.0,193.43,3763004.0
2021-03-23,42.65,43.25,42.05,42.2,12751237,44469.0,286.74,3346753.0
2021-03-24,42.15,42.25,40.55,40.8,10676341,49125.0,217.33,3756848.0
2021-03-25,40.9,41.1,38.6,39.75,20239483,84473.0,239.6,5826915.0
2021-03-26,40.0,41.4,40.0,40.8,12030981,55630.0,216.27,3645867.0
2021-03-30,41.35,42.3,40.95,41.95,14232720,42979.0,331.16,6698268.0
2021-03-31,41.95,42.35,41.5,41.7,8044840,35823.0,224.57,3184326.0
2021-04-01,42.0,42.35,41.45,42.05,10006344,65896.0,151.85,3697341.0
2021-04-05,42.3,44.0,41.65,43.8,20425592,84866.0,240.68,4743376.0
2021-04-06,44.1,45.0,42.95,43.65,20391004,94938.0,214.78,6258119.0
2021-04-07,44.0,44.8,43.65,43.75,12782166,63631.0,200.88,5620155.0
2021-04-08,44.1,44.55,43.15,43.35,8440783,48007.0,175.82,3859938.0
2021-04-09,43.65,43.85,43.0,43.3,5197029,30048.0,172.96,1284861.0
2021-04-12,42.65,42.85,40.15,40.65,11833034,56774.0,208.42,3405266.0
2021-04-13,40.7,42.05,40.55,41.85,6476863,36012.0,179.85,1234782.0
2021-04-15,41.65,43.25,41.45,42.85,14226636,59766.0,238.04,5287962.0
2021-04-16,42.75,43.15,41.85,42.65,7150486,71322.0,100.26,2114681.0
2021-04-19,41.35,42.15,40.7,41.15,10011528,71234.0,140.54,3886330.0
2021-04-20,41.6,42.55,41.2,41.45,8878113,75582.0,117.46,3300850.0
2021-04-22,41.05,42.25,40.85,42.0,7709405,42797.0,180.14,2619978.0
2021-04-23,41.95,43.0,41.8,42.3,9204421,52391.0,175.69,3793300.0
2021-04-26,42.65,43.25,42.55,43.1,5568309,26836.0,207.49,1745774.0
2021-04-27,43.0,43.35,42.8,43.05,6365755,31249.0,203.71,3009325.0
2021-04-28,43.45,43.5,42.75,42.95,6464777,35714.0,181.02,2897198.0
2021-04-29,43.35,43.75,43.05,43.3,5553358,28084.0,197.74,1451511.0
2021-04-30,42.7,45.5,42.6,43.9,17729247,77352.0,229.2,5540665.0
2021-05-03,43.65,44.3,42.95,43.4,6508150,34183.0,190.39,2108525.0
2021-05-04,43.8,45.75,43.5,44.25,17644169,73941.0,238.62,3257402.0
2021-05-05,44.55,46.15,44.15,45.95,17272091,78802.0,219.18,4170563.0
2021-05-06,46.55,47.7,45.8,47.45,20521835,89955.0,228.13,7323635.0
2021-05-07,47.6,47.8,45.75,45.95,10841671,54697.0,198.21,3281622.0
2021-05-10,46.35,48.65,46.2,48.25,22373168,115511.0,193.69,8371259.0
2021-05-11,47.6,49.9,47.15,49.5,23494231,116409.0,201.82,7026088.0
2021-05-12,50.8,51.85,48.6,48.95,45341627,195432.0,232.01,18385538.0
2021-05-14,49.25,49.55,47.5,47.8,15885997,64429.0,246.57,5044545.0
2021-05-17,48.15,49.7,47.95,49.4,17162090,76845.0,223.33,6965348.0
2021-05-18,50.15,51.65,49.75,51.55,32516231,168620.0,192.84,12033988.0
2021-05-19,51.45,52.65,51.0,51.7,27984638,124424.0,224.91,9274198.0
2021-05-20,52.0,52.9,51.0,52.25,22499977,97391.0,231.03,10225413.0
2021-05-21,52.85,53.0,52.1,52.55,19387924,93114.0,208.22,9467092.0
2021-05-24,52.8,53.35,52.05,52.3,24874623,102234.0,243.31,13611321.0
2021-05-25,52.6,52.6,49.6,49.75,17864946,85952.0,207.85,6234549.0
2021-05-26,50.0,51.4,49.65,49.9,15023561,71837.0,209.13,3376273.0
2021-05-27,50.25,50.3,47.4,49.5,120083069,139806.0,858.93,93567376.0
2021-05-28,49.5,49.85,48.15,48.3,14875105,78029.0,190.64,6402692.0
2021-05-31,48.5,48.75,47.9,48.45,9687062,42201.0,229.55,3574989.0
2021-06-01,51.0,51.0,48.65,49.0,24960961,117908.0,211.7,6775399.0
2021-06-02,48.75,50.35,48.65,50.1,8247583,42232.0,195.29,2933960.0
2021-06-03,50.4,50.65,49.75,50.4,8930766,47047.0,189.83,3074387.0
2021-06-04,50.55,51.05,50.3,50.95,7858061,38425.0,204.5,2546036.0
2021-06-07,51.0,51.4,50.8,51.1,5629880,33728.0,166.92,2248616.0
2021-06-08,51.2,51.25,49.4,51.0,10639442,52216.0,203.76,3372449.0
2021-06-09,51.15,51.85,49.85,50.25,10338977,68981.0,149.88,4336794.0
2021-06-10,50.3,51.0,50.05,50.7,5793688,46492.0,124.62,2339894.0
2021-06-11,50.65,51.65,50.05,51.35,8611966,56450.0,152.56,3163899.0
2021-06-14,51.0,51.1,49.2,50.6,8844427,57877.0,152.81,2378690.0
2021-06-15,50.65,50.95,50.0,50.25,7650343,44983.0,170.07,4141372.0
2021-06-16,50.0,50.5,49.4,49.9,6569685,41618.0,157.86,1945772.0
2021-06-17,49.4,49.9,48.2,48.7,7473180,53929.0,138.57,3345832.0
2021-06-18,48.85,49.0,46.85,48.75,11363848,55319.0,205.42,5513583.0
2021-06-21,47.35,50.0,47.35,49.75,7733156,57535.0,134.41,3282147.0
2021-06-22,50.0,50.65,49.65,50.45,9420443,71187.0,132.33,3461259.0
2021-06-23,51.7,56.65,50.85,56.15,121297926,469590.0,258.31,19579511.0
2021-06-24,56.3,57.85,55.6,57.05,56563505,261102.0,216.63,9841273.0
2021-06-25,57.05,58.65,56.95,58.35,23799864,128750.0,184.85,4744948.0
2021-06-28,58.7,59.05,57.65,57.9,12960351,76555.0,169.29,3349176.0
2021-06-29,57.8,58.6,57.5,58.2,16535082,78018.0,211.94,8741142.0
2021-06-30,58.6,59.65,58.25,59.35,14363890,82775.0,173.53,4623044.0
2021-07-01,59.25,61.95,59.05,61.55,29278526,146830.0,199.4,6407615.0
2021-07-02,61.8,61.8,60.1,60.2,13450364,59803.0,224.91,3142424.0
2021-07-05,60.45,60.65,59.55,59.75,7661856,56202.0,136.33,2281604.0
2021-07-06,59.5,60.75,59.45,60.35,13862952,49155.0,282.03,2983487.0
2021-07-07,60.05,61.15,59.65,60.95,5944980,39737.0,149.61,2256392.0
2021-07-08,61.25,62.45,59.7,60.2,14962479,70808.0,211.31,5653145.0
2021-07-09,60.2,60.9,60.05,60.3,6170818,43351.0,142.35,2286848.0
2021-07-12,60.35,61.65,60.35,61.3,6007072,40384.0,148.75,2223821.0
2021-07-13,61.35,61.6,60.05,60.55,5176887,32436.0,159.6,1937019.0
2021-07-14,60.35,61.55,60.25,61.4,6141083,30746.0,199.74,3052719.0
2021-07-15,61.4,61.45,59.8,60.0,4889977,32894.0,148.66,2040381.0
2021-07-16,60.15,60.4,59.55,59.9,7073212,44934.0,157.41,3480330.0
2021-07-19,59.85,62.6,59.2,62.0,15135709,84372.0,179.39,4761440.0
2021-07-20,62.2,62.25,60.1,60.4,7300366,40056.0,182.25,2084426.0
2021-07-22,60.7,61.6,60.65,61.5,4759456,38662.0,123.1,1732229.0
2021-07-23,61.4,61.75,60.55,60.9,4256737,32165.0,132.34,1547499.0
2021-07-26,60.9,61.65,60.05,61.55,4584420,28964.0,158.28,1952160.0
2021-07-27,61.55,61.75,60.6,61.0,4812249,26823.0,179.41,1512778.0
2021-07-28,61.0,63.85,60.85,63.3,16091543,107492.0,149.7,3225648.0
2021-07-29,63.65,63.9,62.65,62.95,9141733,66984.0,136.48,3590070.0
2021-07-30,62.8,62.8,60.85,61.55,9585592,62029.0,154.53,4698064.0
2021-08-02,61.65,62.35,61.15,61.25,7028068,53865.0,130.48,3510241.0
2021-08-03,61.25,61.65,60.5,60.75,5885660,48411.0,121.58,3396483.0
2021-08-04,60.85,61.6,58.25,58.5,12784409,100697.0,126.96,7070208.0
2021-08-05,58.65,59.7,58.05,58.85,11021856,79989.0,137.79,4935791.0
2021-08-06,58.95,59.95,58.35,58.45,7937865,57149.0,138.9,3128161.0
2021-08-09,55.0,57.65,54.1,57.05,36940495,212447.0,173.88,9909440.0
2021-08-10,57.05,58.05,55.9,56.4,10896916,62336.0,174.81,4464587.0
2021-08-11,56.4,57.55,55.1,57.4,9078516,60654.0,149.68,3968875.0
2021-08-12,57.3,58.1,56.65,57.95,5988887,31948.0,187.46,2135795.0
2021-08-13,58.05,58.55,57.5,58.15,9273747,56704.0,163.55,3785862.0
2021-08-16,58.05,58.5,57.5,58.1,4186971,24248.0,172.67,1705560.0
2021-08-17,58.05,58.85,57.45,58.7,6013013,30107.0,199.72,2702252.0
2021-08-18,58.7,60.6,57.75,58.05,11403534,71990.0,158.4,3594806.0
2021-08-20,57.3,58.3,56.75,57.0,5180721,40054.0,129.34,1627456.0
2021-08-23,57.45,58.95,56.4,58.4,8896100,57329.0,155.18,2527089.0
2021-08-24,58.35,59.5,58.15,59.2,4975304,39330.0,126.5,1286647.0
2021-08-25,59.1,60.2,59.1,60.0,5523853,32602.0,169.43,1886172.0
2021-08-26,60.1,60.75,59.8,60.45,7100495,46522.0,152.63,3098415.0
2021-08-27,60.5,62.0,60.45,61.75,9389315,60030.0,156.41,3302512.0
2021-08-30,61.65,62.25,61.25,61.35,4539741,25106.0,180.82,1802359.0
2021-08-31,61.3,62.45,61.2,62.2,7201234,36377.0,197.96,3946948.0
2021-09-01,62.4,64.1,62.2,63.3,8980084,53637.0,167.42,3926489.0
2021-09-02,63.6,64.15,63.25,63.4,8554863,52966.0,161.52,4330293.0
2021-09-03,64.0,66.5,63.5,66.2,17390220,94718.0,183.6,4713245.0
2021-09-06,67.1,67.65,64.9,65.15,12121797,74731.0,162.21,3140070.0
2021-09-07,65.15,66.0,64.45,64.75,5294190,37286.0,141.99,1314928.0
2021-09-08,65.35,66.45,64.75,65.7,6428521,35570.0,180.73,2060427.0
2021-09-09,65.6,66.4,65.15,65.7,3860406,36409.0,106.03,1062957.0
2021-09-13,65.85,66.2,65.2,65.5,3506328,28133.0,124.63,1298273.0
2021-09-14,65.15,68.0,64.9,67.45,9670105,86238.0,112.13,3223126.0
2021-09-15,67.95,69.6,67.55,69.25,11746173,90384.0,129.96,5157358.0
2021-09-16,69.3,69.65,68.25,68.5,4126167,29900.0,138.0,1696902.0
2021-09-17,68.6,69.1,66.9,68.45,5346383,42724.0,125.14,1859347.0
2021-09-20,67.5,68.65,67.0,67.2,4081197,33621.0,121.39,1596269.0
2021-09-21,67.2,69.1,67.2,68.15,6925971,44829.0,154.5,1663281.0
2021-09-22,68.15,68.95,67.95,68.65,3224214,25195.0,127.97,963471.0
2021-09-23,69.0,70.25,68.85,69.15,6459882,41374.0,156.13,3097851.0
2021-09-24,69.35,70.15,67.85,68.5,5760785,38823.0,148.39,1975914.0
2021-09-27,68.7,69.9,67.6,68.0,3438620,33897.0,101.44,1132785.0
2021-09-28,68.35,70.8,68.05,70.1,9978002,74712.0,133.55,3129398.0
2021-09-29,70.3,70.8,67.9,68.4,9126075,80544.0,113.31,3402808.0
2021-09-30,68.65,69.2,67.25,67.65,11412417,87660.0,130.19,4823668.0
2021-10-01,66.65,68.1,66.4,67.25,7356644,44346.0,165.89,2465966.0
2021-10-04,67.35,68.7,67.25,68.6,5542529,43054.0,128.73,2020778.0
2021-10-05,68.95,69.2,68.2,68.6,6244510,73356.0,85.13,2594575.0
2021-10-06,68.65,69.5,66.0,66.45,5206217,42963.0,121.18,2111570.0
2021-10-07,67.0,67.95,66.85,67.7,2529141,19209.0,131.66,771450.0
2021-10-08,67.65,67.9,66.45,66.7,3293914,27834.0,118.34,1665224.0
2021-10-11,66.7,70.35,66.7,69.55,7249740,47002.0,154.24,2760622.0
2021-10-12,69.55,70.55,68.2,70.1,6110347,52536.0,116.31,3049153.0
2021-10-13,70.35,71.3,69.05,69.55,5621151,54154.0,103.8,1914559.0
2021-10-14,69.75,70.9,69.7,70.2,5134959,43137.0,119.04,2213744.0
2021-10-18,68.4,73.85,68.35,72.4,13361541,106817.0,125.09,4304939.0
2021-10-19,73.05,73.05,68.6,68.95,5141354,69890.0,73.56,2056415.0
2021-10-20,68.95,70.05,67.6,68.25,5360981,67914.0,78.94,1730261.0
2021-10-21,68.6,69.0,67.7,68.15,5235829,52744.0,99.27,2070211.0
2021-10-22,68.35,68.95,66.65,67.15,3429625,28860.0,118.84,1238890.0
2021-10-25,67.5,67.5,64.6,67.1,4402590,42836.0,102.78,1138311.0
2021-10-26,67.1,69.1,67.05,68.75,3168382,24660.0,128.48,1013815.0
2021-10-27,68.8,69.9,68.7,69.0,3164333,23651.0,133.79,1179929.0
2021-10-28,69.0,69.3,66.65,66.75,3809902,38558.0,98.81,1885720.0
2021-10-29,65.95,72.95,61.15,68.95,31765008,215212.0,147.6,7851877.0
2021-11-01,69.25,69.6,65.45,66.85,7984670,65823.0,121.31,1986479.0
2021-11-02,67.35,67.85,65.75,66.85,6537703,51854.0,126.08,2115315.0
2021-11-03,67.3,68.75,66.5,66.8,8435905,51938.0,162.42,3446392.0
2021-11-04,67.4,67.45,67.1,67.3,478253,51938.0,9.21,3446392.0
2021-11-08,67.2,71.1,67.2,70.8,11964610,96020.0,124.61,3476157.0
2021-11-09,70.8,74.75,70.8,73.6,17252200,117176.0,147.23,4157008.0
2021-11-10,73.65,73.8,73.0,73.25,5316528,30985.0,171.58,2210231.0
2021-11-11,73.25,75.0,73.15,74.45,7810609,51839.0,150.67,2712506.0
2021-11-12,75.15,76.0,74.05,74.55,7710674,62667.0,123.04,1975148.0
2021-11-15,74.9,75.35,73.6,74.2,2867513,29063.0,98.67,763318.0
2021-11-16,74.15,74.65,72.25,72.6,2676906,29366.0,91.16,1118517.0
2021-11-17,72.55,72.6,71.0,71.8,6028202,42834.0,140.73,3684264.0
2021-11-18,71.85,72.5,69.45,69.6,9588714,42641.0,224.87,5525039.0
2021-11-22,69.95,70.15,66.9,67.65,5747742,46768.0,122.9,1641893.0
2021-11-23,67.85,70.55,67.55,70.35,5696442,58453.0,97.45,1729328.0
2021-11-24,70.7,71.0,69.0,69.45,3826105,38985.0,98.14,1595999.0
2021-11-25,69.45,70.85,68.55,70.55,3291823,24260.0,135.69,982072.0
2021-11-26,69.5,70.1,65.55,66.05,7627123,67379.0,113.2,2959564.0
2021-11-29,65.4,67.1,62.95,65.75,4950197,51935.0,95.32,1605045.0
2021-11-30,65.75,68.45,65.75,67.9,10758021,56078.0,191.84,5888129.0
2021-12-01,68.0,68.75,67.15,68.6,4712028,43735.0,107.74,1774370.0
2021-12-02,68.05,68.95,67.4,68.65,4409459,35445.0,124.4,1899283.0
2021-12-03,68.6,69.95,68.55,68.9,4160477,26535.0,156.79,1540511.0
2021-12-06,68.9,70.4,68.9,69.3,4917241,44094.0,111.52,1794398.0
2021-12-07,69.8,71.55,69.4,70.15,7758408,64840.0,119.65,2728050.0
2021-12-08,70.35,71.0,69.45,69.65,3154142,31331.0,100.67,1223163.0
2021-12-09,68.7,69.8,68.05,69.25,4098041,30560.0,134.1,1030386.0
2021-12-10,69.2,70.3,68.35,68.5,6092118,28863.0,211.07,3233506.0
2021-12-13,68.95,70.45,68.75,69.65,9008280,68650.0,131.22,5616960.0
2021-12-14,69.8,70.95,69.55,69.95,6479571,93584.0,69.24,2827228.0
2021-12-15,69.85,70.1,68.8,69.35,4677227,41946.0,111.51,2644234.0
2021-12-16,69.65,70.25,68.5,69.05,7736652,39572.0,195.51,4230510.0
2021-12-17,69.25,69.4,66.75,67.1,4183111,33557.0,124.66,1256725.0
2021-12-20,66.95,66.95,63.9,65.1,5611781,39609.0,141.68,2907309.0
2021-12-21,65.15,67.15,65.15,66.5,3628062,29663.0,122.31,1349991.0
2021-12-22,66.85,68.05,66.85,67.8,2981329,34985.0,85.22,961188.0
2021-12-23,68.15,69.9,68.15,69.65,2901279,27040.0,107.3,1136029.0
2021-12-24,69.4,69.55,67.45,68.0,3061075,35111.0,87.18,887826.0
2021-12-27,68.0,69.15,67.15,69.0,2892320,26687.0,108.38,451139.0
2021-12-28,69.6,69.7,68.5,69.0,3457367,18736.0,184.53,1318212.0
2021-12-29,68.95,70.95,68.95,69.9,8321687,75215.0,110.64,1834182.0
2021-12-30,69.95,70.8,68.35,70.0,14065285,85224.0,165.04,6776269.0
2021-12-31,70.0,71.0,69.55,70.0,4227729,27806.0,152.04,1611355.0
2022-01-03,69.9,70.75,69.85,70.4,2991447,27211.0,109.94,1184811.0
2022-01-04,70.85,73.0,70.4,72.05,10445579,86574.0,120.65,4385131.0
2022-01-05,71.9,72.3,70.85,71.1,3985837,37340.0,106.74,1993056.0
2022-01-06,70.35,71.05,70.2,70.65,2940305,24498.0,120.02,1616959.0
2022-01-07,70.65,71.3,69.15,69.35,4324988,31800.0,136.01,2281531.0
2022-01-10,69.65,70.5,69.35,70.3,3136299,35545.0,88.23,1714872.0
2022-01-11,70.35,70.7,69.5,70.15,3340706,47977.0,69.63,1549573.0
2022-01-12,70.35,70.65,69.6,70.2,2598248,42150.0,61.64,1519128.0
2022-01-13,70.65,70.75,69.1,69.85,4048229,58596.0,69.09,1670890.0
2022-01-14,69.7,74.05,69.45,73.35,9154550,69273.0,132.15,2873983.0
2022-01-17,74.0,74.25,71.95,72.15,9614296,81370.0,118.16,4374559.0
2022-01-18,72.75,72.85,69.2,69.45,5979925,94614.0,63.2,2164412.0
2022-01-19,69.7,70.15,68.35,69.4,10126239,99258.0,102.02,5100142.0
2022-01-20,69.65,70.95,69.15,70.8,6759397,53099.0,127.3,2902039.0
2022-01-21,70.45,70.55,68.35,69.0,5907966,44470.0,132.85,2300749.0
2022-01-24,69.0,69.6,65.0,65.75,6675179,60166.0,110.95,2411890.0
2022-01-25,65.45,68.5,64.75,68.05,9906114,71307.0,138.92,4288025.0
2022-01-27,67.3,68.75,66.05,68.3,7933437,65657.0,120.83,3670242.0
2022-01-28,68.9,70.35,68.45,69.05,8222111,75706.0,108.61,3357827.0
2022-01-31,71.55,73.25,69.2,69.9,17925420,113020.0,158.6,7502347.0
2022-02-01,70.55,70.8,67.8,69.15,9798498,92145.0,106.34,2898072.0
2022-02-02,69.85,70.75,69.5,70.25,10068675,74749.0,134.7,3995987.0
2022-02-03,70.35,70.5,69.2,69.3,3851742,41019.0,93.9,1701803.0
2022-02-04,69.8,69.85,68.1,68.25,5977692,58586.0,102.03,3341097.0
2022-02-07,68.3,68.6,66.55,67.35,6108343,63205.0,96.64,2718576.0
2022-02-08,67.4,67.95,65.45,66.5,8759626,73603.0,119.01,5469887.0
2022-02-09,66.45,67.75,66.05,67.55,5101734,48726.0,104.7,2838311.0
2022-02-10,67.65,68.25,66.85,67.6,4034747,56124.0,71.89,2082502.0
2022-02-11,66.95,67.9,66.6,66.8,3835311,42324.0,90.62,1981132.0
2022-02-14,65.65,66.45,64.3,65.3,10653870,68950.0,154.52,6435650.0
2022-02-15,65.4,66.45,64.2,66.3,3582085,30215.0,118.55,985370.0
2022-02-16,66.6,67.1,65.5,66.35,4473543,38918.0,114.95,1923579.0
2022-02-17,66.4,68.2,66.15,67.0,6388823,56535.0,113.01,2813792.0
2022-02-18,66.65,67.2,66.35,66.65,3538962,27015.0,131.0,1615883.0
2022-02-21,66.0,67.3,65.6,66.05,3490295,26758.0,130.44,1330481.0
2022-02-22,65.0,66.7,64.45,65.8,6803233,40037.0,169.92,3283003.0
2022-02-23,65.8,66.85,65.8,66.35,3381783,26050.0,129.82,1658977.0
2022-02-24,65.25,65.6,62.35,62.6,8305113,77729.0,106.85,4284733.0
2022-02-25,64.3,67.05,63.95,66.7,7487280,57639.0,129.9,2914826.0
2022-02-28,65.7,70.5,65.4,70.15,11862563,90450.0,131.15,5519739.0
2022-03-02,69.2,73.2,69.2,72.0,17202697,116967.0,147.07,7751197.0
2022-03-03,72.65,73.3,70.9,71.7,9541899,60025.0,158.97,4775360.0
2022-03-04,71.35,74.9,70.85,71.65,15376126,141251.0,108.86,6317304.0
2022-03-07,70.95,72.8,68.85,71.4,12748011,80326.0,158.7,6121151.0
2022-03-08,72.15,72.6,69.4,71.0,6820614,62896.0,108.44,2836437.0
2022-03-09,71.45,75.1,71.05,74.15,10081755,92721.0,108.73,3607271.0
2022-03-10,75.1,75.5,71.9,72.25,12442898,121156.0,102.7,6004237.0
2022-03-11,72.75,72.95,71.35,71.6,9782797,64328.0,152.08,4266102.0
2022-03-14,72.0,72.05,69.75,69.95,9497188,58187.0,163.22,5571471.0
2022-03-15,69.35,70.05,67.75,68.5,7776163,114241.0,68.07,4091640.0
2022-03-16,69.65,69.95,68.85,69.65,7885382,105132.0,75.0,4129324.0
2022-03-17,70.05,70.6,69.0,69.8,12089842,107510.0,112.45,8156226.0
2022-03-21,70.0,71.45,68.95,69.65,12804611,72816.0,175.85,7393665.0
2022-03-22,69.75,70.2,68.35,69.95,6544026,57512.0,113.79,2538843.0
2022-03-23,71.3,71.3,68.95,69.15,11093258,70076.0,158.3,5199691.0
2022-03-24,68.65,69.7,68.1,69.15,5203100,54874.0,94.82,1816586.0
2022-03-25,69.35,69.4,68.3,68.65,7471123,91305.0,81.83,3839142.0
2022-03-28,68.65,68.95,67.85,68.35,4487159,41320.0,108.6,2234243.0
2022-03-29,68.65,69.55,68.5,69.15,4034689,37937.0,106.35,2079950.0
2022-03-30,70.65,70.65,69.2,69.5,7393966,58326.0,126.77,2496044.0
2022-03-31,70.05,70.8,68.9,70.25,7246011,42191.0,171.74,3750966.0
2022-04-01,70.3,72.35,70.1,71.7,15281960,72322.0,211.3,9270360.0
2022-04-04,72.5,73.45,71.95,73.15,9808860,67262.0,145.83,4539397.0
2022-04-05,73.8,74.55,72.5,72.85,9766399,56664.0,172.36,4213495.0
2022-04-06,72.65,73.65,72.4,73.35,9255218,51047.0,181.31,5498144.0
2022-04-07,74.0,79.3,73.85,78.1,54299168,283356.0,191.63,17186181.0
2022-04-08,79.55,80.75,78.3,79.85,28930777,154350.0,187.44,9179382.0
2022-04-11,80.6,82.75,80.35,81.3,17699414,118595.0,149.24,6715217.0
2022-04-12,81.3,82.15,79.15,80.8,11388982,73916.0,154.08,4405989.0
2022-04-13,81.35,83.4,81.35,82.35,11728588,94283.0,124.4,3810379.0
2022-04-18,82.0,85.45,81.4,85.0,19355571,118138.0,163.84,8529442.0
2022-04-19,85.0,86.5,82.7,83.45,13064282,109361.0,119.46,5016933.0
2022-04-20,84.25,85.2,83.55,84.45,10467609,90718.0,115.39,4949767.0
2022-04-21,84.8,86.25,83.95,84.3,10700831,80899.0,132.27,6077766.0
2022-04-22,84.15,85.55,83.6,83.9,4675141,38500.0,121.43,1724533.0
2022-04-25,83.35,83.35,80.9,81.95,5329564,46016.0,115.82,1598043.0
2022-04-26,82.35,84.45,82.35,83.5,5485187,36785.0,149.11,2421777.0
2022-04-27,82.5,83.0,80.95,82.15,4606165,39264.0,117.31,2179832.0
2022-04-28,83.35,83.35,81.15,82.2,3085507,26380.0,116.96,1376242.0
2022-04-29,82.6,83.3,78.9,79.5,7310831,41695.0,175.34,3849744.0
2022-05-02,78.35,79.8,77.9,79.4,4647385,47964.0,96.89,1978980.0
2022-05-04,79.65,79.95,76.25,77.05,5347111,52959.0,100.97,2425764.0
2022-05-05,78.3,79.45,77.35,78.3,6285804,40086.0,156.81,2236401.0
2022-05-06,77.4,78.1,75.75,76.05,5598486,42807.0,130.78,2871434.0
2022-05-09,75.0,75.7,73.85,75.15,7824265,41095.0,190.39,3613851.0
2022-05-10,75.0,76.45,74.05,74.3,4411653,43044.0,102.49,2237018.0
2022-05-11,74.95,75.05,71.9,73.0,5847132,49981.0,116.99,2948959.0
2022-05-12,73.35,74.4,72.05,72.75,7818268,52851.0,147.93,3104731.0
2022-05-13,73.45,75.25,72.35,72.9,4039429,42204.0,95.71,1226135.0
2022-05-16,72.95,75.85,72.1,75.6,5086179,40692.0,124.99,1784151.0
2022-05-17,76.25,77.95,75.4,77.6,5685300,35991.0,157.96,2422160.0
2022-05-18,78.15,79.1,77.35,77.7,6292994,54986.0,114.45,2992582.0
2022-05-19,76.5,76.95,74.75,75.85,3725635,41181.0,90.47,1467243.0
2022-05-20,77.0,79.45,76.5,78.3,5909711,41033.0,144.02,2277292.0
2022-05-23,78.75,80.05,76.75,77.15,5137897,39625.0,129.66,1512717.0
2022-05-24,73.35,77.8,73.05,77.2,12271944,85021.0,144.34,3294953.0
2022-05-25,77.35,78.5,75.15,75.45,4125369,38414.0,107.39,1583643.0
2022-05-26,75.75,76.5,74.2,75.35,3771168,39226.0,96.14,1484552.0
2022-05-27,76.65,77.55,75.75,76.95,3729241,30154.0,123.67,1077756.0
2022-05-30,77.95,78.45,76.35,76.9,2775388,23768.0,116.77,647467.0
2022-05-31,77.15,78.65,76.55,78.25,4558024,30019.0,151.84,2263073.0
2022-06-01,78.45,82.55,78.25,82.05,11453340,84183.0,136.05,2683463.0
2022-06-02,82.75,83.2,81.4,81.9,8683285,68110.0,127.49,2412855.0
2022-06-03,82.35,82.65,80.6,80.75,3685576,47454.0,77.67,1556685.0
2022-06-06,80.3,81.8,79.45,81.15,4352418,50833.0,85.62,2150385.0
2022-06-07,82.0,82.85,80.7,81.95,9413810,66389.0,141.8,3166537.0
2022-06-08,82.3,83.5,81.35,81.75,8207799,52785.0,155.49,3324852.0
2022-06-09,81.75,82.5,81.05,81.85,2216938,18330.0,120.95,615095.0
2022-06-10,81.0,82.5,80.5,82.25,3295964,24775.0,133.04,968845.0
2022-06-13,81.0,81.0,78.3,78.5,4352176,37783.0,115.19,1697426.0
2022-06-14,78.0,80.8,78.0,80.45,3900748,31077.0,125.52,1201959.0
2022-06-15,81.05,81.2,79.6,80.05,3199689,24770.0,129.18,1112977.0
2022-06-16,80.4,81.3,77.05,77.45,4302010,39256.0,109.59,1439388.0
2022-06-17,76.65,79.55,76.25,78.25,6777927,42898.0,158.0,2734945.0
2022-06-20,78.35,78.75,74.55,75.7,4304900,63520.0,67.77,1576527.0
2022-06-21,76.6,77.45,76.1,76.75,4270479,44366.0,96.26,1904805.0
2022-06-22,76.4,76.65,75.0,75.3,3685391,68623.0,53.7,1639649.0
2022-06-23,75.6,76.1,75.0,75.65,3001614,28616.0,104.89,1199936.0
2022-06-24,76.3,77.95,76.1,77.85,3222986,29919.0,107.72,1262186.0
2022-06-27,78.35,80.45,78.25,80.0,4992651,58946.0,84.7,2098716.0
2022-06-28,79.8,80.15,78.25,78.8,3165855,29338.0,107.91,1388360.0
2022-06-29,78.3,79.25,78.05,78.7,6727541,44699.0,150.51,3589319.0
2022-06-30,78.5,79.75,77.25,78.05,6524633,66555.0,98.03,3349089.0
2022-07-01,77.65,78.5,75.75,76.6,5108014,51024.0,100.11,2359596.0
2022-07-04,76.25,77.55,75.65,76.55,4512809,28684.0,157.33,2308513.0
2022-07-05,77.25,78.3,76.05,76.4,4974173,29427.0,169.03,2424062.0
2022-07-06,76.6,77.25,74.7,77.0,7034488,47537.0,147.98,3603344.0
2022-07-07,77.15,79.3,77.05,78.9,6450489,53349.0,120.91,3440312.0
2022-07-08,79.35,80.8,77.8,78.65,7059806,51072.0,138.23,3184724.0
2022-07-11,78.6,79.45,77.95,78.25,3363522,43001.0,78.22,1505902.0
2022-07-12,77.85,78.95,76.75,77.4,4317958,46798.0,92.27,2415969.0
2022-07-13,77.3,78.45,77.0,77.8,4288773,35130.0,122.08,2334954.0
2022-07-14,78.0,79.3,77.9,79.15,5626408,39805.0,141.35,2877470.0
2022-07-15,79.15,82.25,79.15,81.85,8100035,57974.0,139.72,3231158.0
2022-07-18,83.25,86.95,83.05,84.8,38018492,206507.0,184.1,13457194.0
2022-07-19,84.55,86.2,84.0,85.05,10117551,70966.0,142.57,4684471.0
2022-07-20,86.05,86.15,84.35,84.95,5385771,46350.0,116.2,2312169.0
2022-07-21,85.0,89.95,84.8,89.55,18736416,138348.0,135.43,5257838.0
2022-07-22,89.95,90.05,88.45,88.95,9641847,74608.0,129.23,4567785.0
2022-07-25,89.9,91.45,89.35,90.0,9160521,81124.0,112.92,2647061.0
2022-07-26,90.25,90.35,87.65,88.95,5462597,44110.0,123.84,1796949.0
2022-07-27,89.4,91.3,89.25,91.05,8811471,92559.0,95.2,3650377.0
2022-07-28,91.35,92.3,90.4,90.8,8929213,83238.0,107.27,4221654.0
2022-07-29,91.35,92.1,90.65,91.75,4886729,45260.0,107.97,2039838.0
2022-08-01,92.05,95.95,90.95,94.75,8060371,70961.0,113.59,2740871.0
2022-08-02,95.3,95.7,93.05,94.0,10859204,71606.0,151.65,5577740.0
2022-08-03,94.35,94.7,91.35,92.3,5233418,55421.0,94.43,2531684.0
2022-08-04,92.75,95.85,92.0,94.7,13279996,100277.0,132.43,5466556.0
2022-08-05,94.95,95.0,89.1,92.05,26787928,153848.0,174.12,12218178.0
2022-08-08,91.8,94.55,91.6,93.95,7258101,,,
2022-08-10,93.95,96.1,93.6,95.8,9655780,93369.0,103.42,3570937.0
2022-08-11,96.15,97.4,95.2,95.8,7684628,60574.0,126.86,3140410.0
2022-08-12,96.0,97.4,95.75,97.05,4591616,36198.0,126.85,1988965.0
2022-08-16,97.5,98.45,96.7,97.9,6108845,54591.0,111.9,2657133.0
2022-08-17,98.4,98.55,96.85,97.1,4324347,43373.0,99.7,2260308.0
2022-08-18,97.0,98.15,95.6,96.25,5378175,40102.0,134.11,2276205.0
2022-08-19,96.5,97.4,94.45,95.05,5866226,55110.0,106.45,2700213.0
2022-08-22,95.0,96.75,94.25,96.35,6270364,55117.0,113.76,2750817.0
2022-08-23,95.75,99.85,95.65,99.5,10178586,71464.0,142.43,3517111.0
2022-08-24,100.0,100.3,97.15,98.0,6932169,62161.0,111.52,2952991.0
2022-08-25,98.5,99.75,98.35,98.9,7526746,81057.0,92.86,4337696.0
2022-08-26,99.15,102.65,99.15,101.8,10448356,91530.0,114.15,3722703.0
2022-08-29,100.6,103.75,100.2,102.95,9278065,70081.0,132.39,2311224.0
2022-08-30,103.75,103.95,101.05,102.15,8486116,52717.0,160.97,3987262.0
2022-09-01,102.3,106.95,102.0,106.6,11256312,108220.0,104.01,4425088.0
2022-09-02,107.0,109.9,106.85,108.2,12339551,100897.0,122.3,4649859.0
2022-09-05,109.3,109.65,108.1,109.3,8024517,54568.0,147.06,4338758.0
2022-09-06,109.8,111.25,108.25,108.55,9454698,70349.0,134.4,4987203.0
2022-09-07,108.8,109.9,108.6,109.75,4672068,47189.0,99.01,1721698.0
2022-09-08,110.35,110.45,109.05,109.4,4608281,49574.0,92.96,2187833.0
2022-09-09,109.65,110.95,109.25,109.4,5577879,46195.0,120.75,3040950.0
2022-09-12,109.95,113.25,108.7,112.85,13024882,115576.0,112.7,7307767.0
2022-09-13,113.5,113.85,111.7,111.95,6283976,70362.0,89.31,2905734.0
2022-09-14,111.65,113.15,111.0,111.95,16279486,118011.0,137.95,10229257.0
2022-09-15,114.65,114.65,108.6,111.1,25552945,129941.0,196.65,11678964.0
2022-09-16,111.35,113.5,109.45,111.0,27675466,134947.0,205.08,13949429.0
2022-09-19,112.35,113.75,110.0,110.5,18503444,77156.0,239.82,8280776.0
2022-09-20,111.5,112.1,110.0,110.2,13735873,68308.0,201.09,7637645.0
2022-09-21,110.4,110.55,107.65,108.45,16931740,78537.0,215.59,10267466.0
2022-09-22,108.6,112.0,107.6,110.0,20701188,98493.0,210.18,8860191.0
2022-09-23,110.55,111.0,106.1,106.65,15215768,67718.0,224.69,7402977.0
2022-09-26,105.0,105.0,99.5,100.7,41567351,226754.0,183.31,24363398.0
2022-09-27,101.25,101.85,98.45,99.75,28782718,112947.0,254.83,18163446.0
2022-09-28,99.0,100.95,98.6,99.15,24892912,98548.0,252.6,16603478.0
2022-09-29,99.9,100.7,98.35,99.0,74476855,103682.0,718.32,50962179.0
2022-09-30,99.35,101.35,96.25,100.95,28502920,76690.0,371.66,16664345.0
2022-10-03,101.45,103.0,98.1,98.45,21407465,85954.0,249.06,8362946.0
2022-10-04,100.25,102.45,99.85,102.05,14768228,58548.0,252.24,7860149.0
2022-10-06,102.95,105.0,102.4,104.65,20520361,115266.0,178.03,12167187.0
2022-10-07,105.2,106.5,104.0,106.25,20045623,73459.0,272.88,13094670.0
2022-10-10,105.1,105.6,103.95,104.45,11511957,51230.0,224.71,7342851.0
2022-10-11,105.0,105.4,102.55,103.05,11739022,64755.0,181.28,6475195.0
2022-10-12,102.65,103.45,101.0,103.25,6659580,37438.0,177.88,3316994.0
2022-10-13,103.25,104.4,101.05,101.4,7795689,41487.0,187.91,3988747.0
2022-10-14,103.0,103.6,100.45,100.8,7476515,34333.0,217.76,4084368.0
2022-10-17,100.5,102.75,99.95,101.8,9943468,53520.0,185.79,5574579.0
2022-10-18,102.35,106.9,102.05,105.95,21766333,91276.0,238.47,10672106.0
2022-10-19,106.65,109.2,105.3,105.9,22878764,81545.0,280.57,8793720.0
2022-10-20,106.8,109.15,106.55,108.0,25579790,88553.0,288.86,10476165.0
2022-10-21,108.55,108.95,102.7,103.55,19880033,61983.0,320.73,11152625.0
2022-10-24,104.6,105.35,104.35,104.8,3728536,38536.0,96.75,2005437.0
2022-10-25,105.0,105.5,103.55,105.05,13217298,54997.0,240.33,6960615.0
2022-10-27,105.65,108.9,105.2,107.85,29990758,91972.0,326.09,14182363.0
2022-10-28,108.0,108.55,103.9,105.35,20059496,72408.0,277.03,11097949.0
2022-10-31,105.9,107.2,105.15,106.85,12793983,62214.0,205.64,6449319.0
2022-11-01,107.3,110.4,106.75,108.5,26521676,140486.0,188.79,13726948.0
2022-11-02,108.5,110.25,106.8,107.1,19881462,85525.0,232.46,10571692.0
2022-11-03,106.8,112.2,106.5,109.95,34173239,122136.0,279.8,16295696.0
2022-11-04,110.6,111.4,108.6,108.95,22356935,66104.0,338.21,14612512.0
2022-11-07,109.4,110.3,108.8,109.65,15333789,65029.0,235.8,8951359.0
2022-11-09,110.2,111.2,107.65,108.05,17033165,71465.0,238.34,9869026.0
2022-11-10,108.05,108.5,104.7,106.7,12937603,64013.0,202.11,5449717.0
2022-11-11,108.0,108.45,106.7,107.3,11075218,49225.0,224.99,5526956.0
2022-11-14,107.3,107.65,105.45,106.6,10547759,45548.0,231.57,5488658.0
2022-11-15,106.7,107.4,105.45,107.05,11675691,45548.0,256.34,5488658.0
2022-11-16,108.95,109.8,107.35,108.3,27372424,114707.0,238.63,10156491.0
2022-11-17,108.2,111.35,108.1,110.6,26985734,108772.0,248.09,11342798.0
2022-11-18,110.85,111.4,106.4,107.35,23962357,113075.0,211.92,10749963.0
2022-11-21,107.1,107.2,104.5,105.8,16407321,74008.0,221.7,8800910.0
2022-11-22,105.2,107.8,105.05,107.45,11999335,49867.0,240.63,5191615.0
2022-11-23,108.0,109.1,106.35,106.9,21024176,79746.0,263.64,10010206.0
2022-11-24,107.0,107.4,106.05,107.0,12820212,43384.0,295.51,5152678.0
2022-11-25,107.3,108.0,106.65,107.15,8834584,35917.0,245.97,4510675.0
2022-11-28,107.1,108.75,106.95,107.4,11289089,40728.0,277.18,6797354.0
2022-11-29,107.9,107.9,105.25,106.15,8717535,46953.0,185.67,4904468.0
2022-11-30,106.5,106.55,104.15,105.1,27869373,84854.0,328.44,19423475.0
2022-12-01,105.65,106.35,103.85,104.15,19098551,92662.0,206.11,11693644.0
2022-12-02,104.55,106.45,104.3,106.15,13020973,61383.0,212.13,6180045.0
2022-12-05,106.35,107.6,105.0,107.45,17476086,64936.0,269.13,9258876.0
2022-12-06,107.25,108.4,105.5,105.7,13880227,71068.0,195.31,7414839.0
2022-12-07,106.25,107.15,105.45,105.7,11943855,45236.0,264.03,6333738.0
2022-12-08,105.0,105.5,104.25,105.3,15789329,68444.0,230.69,9672797.0
2022-12-09,106.0,106.9,104.5,105.8,12630851,54025.0,233.8,6628883.0
2022-12-12,106.0,106.55,104.0,104.55,19335542,75774.0,255.17,12032307.0
2022-12-13,105.1,105.4,104.4,105.15,7421330,40483.0,183.32,3613125.0
2022-12-14,105.15,105.65,104.85,105.45,6168426,41355.0,149.16,3200819.0
2022-12-15,105.25,105.65,102.75,103.25,10186774,54270.0,187.71,5519181.0
2022-12-16,102.25,102.4,97.85,99.45,38364152,187258.0,204.87,20813433.0
2022-12-19,99.45,100.85,97.75,100.45,22872344,81506.0,280.62,12544713.0
2022-12-20,100.75,101.6,99.0,101.3,10478941,50920.0,205.79,4068178.0
2022-12-21,101.85,102.2,98.45,99.2,11606766,61086.0,190.01,5376028.0
2022-12-22,99.5,99.9,96.8,98.25,14577136,69208.0,210.63,4653780.0
2022-12-23,98.95,99.15,96.0,96.55,23099245,107854.0,214.17,9602258.0
2022-12-26,96.6,99.85,94.65,99.25,12096095,71858.0,168.33,5096913.0
2022-12-27,99.8,100.95,98.4,100.25,10240049,56419.0,181.5,3694092.0
2022-12-28,99.6,100.9,99.25,99.75,9470020,48419.0,195.58,3971894.0
2022-12-29,98.5,99.8,98.3,98.9,11367064,49211.0,230.99,5553703.0
2022-12-30,99.4,101.35,99.25,99.9,9236774,43588.0,211.91,3637167.0
2023-01-02,100.4,101.2,99.9,100.25,6973552,38461.0,181.31,2476600.0
2023-01-03,100.3,100.9,99.8,100.35,8833881,39429.0,224.05,4050449.0
2023-01-04,100.7,100.9,98.45,98.75,8927128,43753.0,204.03,3820149.0
2023-01-05,99.0,100.15,98.3,99.95,10448282,56220.0,185.85,5153769.0
2023-01-06,99.8,100.5,98.7,98.95,7215940,35664.0,202.33,3762332.0
2023-01-09,99.9,101.7,99.5,100.0,11920266,56169.0,212.22,4953633.0
2023-01-10,100.0,100.1,98.3,99.15,10397112,64502.0,161.19,5506000.0
2023-01-11,100.35,100.75,99.55,100.2,11130194,47871.0,232.5,3992776.0
2023-01-12,100.45,100.5,98.9,99.4,9299447,57824.0,160.82,4779666.0
2023-01-13,99.5,100.1,97.4,99.95,11684608,63421.0,184.24,4683179.0
2023-01-16,100.45,103.0,100.2,102.1,16485682,72174.0,228.42,6382758.0
2023-01-17,102.35,103.0,101.5,102.9,11762030,43962.0,267.55,6195316.0
2023-01-18,103.1,104.0,102.1,102.7,13005273,48804.0,266.48,5874885.0
2023-01-19,102.0,103.0,101.85,102.85,4842895,28050.0,172.65,2275786.0
2023-01-20,102.9,103.4,101.6,101.8,7912700,38843.0,203.71,4279026.0
2023-01-23,102.35,102.5,101.1,101.55,9725869,28054.0,346.68,5588914.0
2023-01-24,101.55,101.85,100.15,100.65,10169994,35866.0,283.56,6595964.0
2023-01-25,100.2,100.9,98.8,99.15,9232812,45171.0,204.4,3940451.0
2023-01-27,99.6,99.95,92.45,94.3,24624255,118435.0,207.91,13162873.0
2023-01-30,92.95,92.95,87.0,88.95,62828817,234299.0,268.16,32962009.0
2023-01-31,90.3,96.25,89.05,94.95,59004021,159598.0,369.7,31487760.0
2023-02-01,97.0,97.25,89.05,90.95,44092961,127713.0,345.25,23281660.0
2023-02-02,89.55,93.5,88.3,93.1,24502896,102296.0,239.53,9510651.0
2023-02-03,93.4,94.4,91.7,93.85,15906920,75658.0,210.25,5269303.0
2023-02-06,93.5,95.0,93.2,94.5,7015869,42437.0,165.32,2987428.0
2023-02-07,94.5,95.1,93.75,94.45,10315670,54510.0,189.24,5619063.0
2023-02-08,94.95,96.3,94.35,96.1,11577350,58917.0,196.5,5823323.0
2023-02-09,96.35,96.7,95.55,95.8,6577385,31500.0,208.81,2536594.0
2023-02-10,95.55,96.65,95.35,96.25,10685751,39799.0,268.49,6165193.0
2023-02-13,96.25,97.2,94.45,94.65,13582939,46860.0,289.86,8629233.0
2023-02-14,94.8,95.15,93.1,94.6,9624926,35673.0,269.81,5283437.0
2023-02-15,94.05,94.8,93.4,94.65,11575131,39819.0,290.69,6623894.0
2023-02-16,95.9,98.4,94.25,97.75,32927840,101410.0,324.7,13519264.0
2023-02-17,97.55,98.65,96.2,96.45,20383244,69184.0,294.62,7558949.0
2023-02-20,96.7,96.75,94.2,94.9,17505922,57328.0,305.36,9127695.0
2023-02-21,95.95,96.2,94.6,95.55,11933886,45586.0,261.79,4124396.0
2023-02-22,95.7,96.15,94.8,95.0,14589841,49864.0,292.59,6676331.0
2023-02-23,95.1,95.7,93.65,95.4,16196352,50641.0,319.83,7705288.0
2023-02-24,95.65,95.9,95.0,95.35,8061923,30024.0,268.52,4494796.0
2023-02-27,95.35,95.7,93.15,95.4,13928820,53832.0,258.75,6107111.0
2023-02-28,95.15,96.15,94.4,94.6,10965145,42827.0,256.03,5926641.0
2023-03-01,95.2,97.1,94.8,97.05,14285091,44148.0,323.57,8262841.0
2023-03-02,97.2,97.55,96.2,96.7,10048980,40789.0,246.36,5792045.0
2023-03-03,97.25,97.7,95.6,95.85,7938348,36353.0,218.37,4405000.0
2023-03-06,96.35,97.25,95.9,96.45,8289319,36648.0,226.19,3990624.0
2023-03-08,96.25,96.4,94.5,96.1,14292676,47885.0,298.48,8695805.0
2023-03-09,96.15,96.9,95.25,95.45,7884249,31908.0,247.09,3928813.0
2023-03-10,94.3,95.5,93.55,94.9,9620249,34749.0,276.85,4662430.0
2023-03-13,94.05,94.9,91.9,92.35,11482697,57486.0,199.75,6037099.0
2023-03-14,92.85,92.95,91.2,92.75,14285446,51673.0,276.46,7514097.0
2023-03-15,93.5,94.25,92.2,92.6,8318506,33575.0,247.76,4457260.0
2023-03-16,92.7,92.7,89.65,91.9,12278142,54520.0,225.2,6197705.0
2023-03-17,93.1,94.7,92.9,93.4,13158718,59271.0,222.01,5732477.0
2023-03-20,93.0,93.35,91.75,92.65,6579446,36131.0,182.1,3122777.0
2023-03-21,93.0,93.45,92.35,93.1,5886671,24136.0,243.9,3035075.0
2023-03-22,93.5,93.95,92.5,92.65,6096408,38846.0,156.94,3260963.0
2023-03-23,92.3,92.75,90.85,92.1,9969670,45878.0,217.31,4875437.0
2023-03-24,93.95,94.5,91.2,91.55,16650432,68025.0,244.77,6102854.0
2023-03-27,93.1,93.75,91.35,91.75,15959308,60628.0,263.23,5008997.0
2023-03-28,91.75,92.5,90.0,90.3,14999850,60874.0,246.41,8322910.0
2023-03-29,90.2,92.05,89.9,91.55,36103221,63243.0,570.87,22826102.0
2023-03-31,94.25,98.45,94.25,97.55,64455094,155580.0,414.29,31431758.0
2023-04-03,98.95,99.0,95.8,96.6,24154016,81625.0,295.91,11920465.0
2023-04-05,95.05,98.45,95.05,98.25,24875169,87174.0,285.35,12974909.0
2023-04-06,97.6,99.0,97.55,98.75,11440418,47782.0,239.43,4818849.0
2023-04-10,98.9,100.55,98.75,99.9,10870304,53905.0,201.66,4937179.0
2023-04-11,100.4,100.95,98.8,100.0,8458648,41087.0,205.87,3878963.0
2023-04-12,100.15,101.1,99.5,100.8,8938731,38687.0,231.05,5159461.0
2023-04-13,100.8,101.8,100.5,100.9,9153834,39390.0,232.39,4373239.0
2023-04-17,101.0,101.5,100.0,101.4,8323162,42457.0,196.04,5082331.0
2023-04-18,101.4,103.85,101.2,102.95,19758227,62532.0,315.97,11624559.0
2023-04-19,103.0,103.1,101.25,101.4,11271768,62891.0,179.23,6130130.0
2023-04-20,101.5,103.3,101.35,102.85,13241812,49532.0,267.34,6654280.0
2023-04-21,102.7,103.5,102.2,102.8,5625649,30647.0,183.56,2967228.0
2023-04-24,102.8,103.2,101.5,101.8,5994078,36666.0,163.48,3114494.0
2023-04-25,101.8,102.0,100.75,101.15,5696053,26526.0,214.73,2847297.0
2023-04-26,100.8,101.9,100.4,101.65,4576455,32248.0,141.91,2184200.0
2023-04-27,101.2,102.1,101.15,101.45,5362153,25061.0,213.96,2901387.0
2023-04-28,101.95,103.45,101.25,103.3,11812226,53163.0,222.19,7092876.0
2023-05-02,104.0,105.1,103.5,104.3,13598952,57650.0,235.89,6398079.0
2023-05-03,104.15,106.55,103.65,106.35,16034319,68091.0,235.48,7355992.0
2023-05-04,106.95,108.25,106.5,107.25,15414305,67452.0,228.52,8057133.0
2023-05-05,107.05,107.95,105.8,106.3,9315810,41271.0,225.72,4836865.0
2023-05-08,106.3,107.5,106.0,107.3,6721354,41948.0,160.23,3476397.0
2023-05-09,107.2,108.15,106.6,107.55,10063354,37650.0,267.29,6096461.0
2023-05-10,107.9,108.6,107.25,108.05,10360986,43096.0,240.42,6117515.0
2023-05-11,108.25,109.0,107.5,108.6,9435021,36351.0,259.55,5049622.0
2023-05-12,108.65,108.65,106.6,107.3,6855025,45348.0,151.16,3377475.0
2023-05-15,107.1,108.6,106.9,107.65,7833289,32141.0,243.72,3841803.0
2023-05-16,107.7,109.1,107.4,108.45,9051577,37917.0,238.72,4936230.0
2023-05-17,108.8,109.75,107.95,108.25,9456088,35851.0,263.76,4534559.0
2023-05-18,108.5,109.25,107.25,107.8,7220608,24632.0,293.14,3517781.0
2023-05-19,107.8,107.85,105.7,107.0,9255095,34872.0,265.4,5078914.0
2023-05-22,108.55,111.3,107.6,110.45,27946526,91257.0,306.24,11822545.0
2023-05-23,110.95,111.05,107.75,107.9,15214733,59604.0,255.26,8293583.0
2023-05-24,107.9,109.3,107.3,108.8,10722681,40797.0,262.83,5531734.0
2023-05-25,108.0,110.75,108.0,109.6,11158044,44128.0,252.86,4568984.0
2023-05-26,109.55,111.0,109.1,110.7,7958341,38341.0,207.57,4349099.0
2023-05-29,111.0,111.8,110.2,111.45,10330215,54752.0,188.67,6155267.0
2023-05-30,111.45,112.6,111.0,111.25,7803617,39508.0,197.52,3480734.0
2023-05-31,110.55,112.45,110.2,112.15,15741522,50106.0,314.16,9877013.0
2023-06-01,112.2,113.45,112.0,112.9,9185292,67563.0,135.95,5542128.0
2023-06-02,113.4,113.5,112.0,113.3,9939324,61382.0,161.93,5357679.0
2023-06-05,113.35,118.65,113.35,115.65,35214281,131975.0,266.83,15647669.0
2023-06-06,116.25,118.5,115.9,118.05,18999553,64000.0,296.87,9670326.0
2023-06-07,118.75,119.0,117.5,118.05,11262532,62771.0,179.42,5556824.0
2023-06-08,118.5,118.7,116.4,117.55,11188999,44415.0,251.92,6514586.0
2023-06-09,118.0,121.45,116.7,120.35,19873573,89830.0,221.24,7732527.0
2023-06-12,120.95,123.9,118.75,119.1,24331332,132041.0,184.27,10589872.0
2023-06-13,119.9,122.45,118.9,122.1,16552079,57139.0,289.68,9359838.0
2023-06-14,122.35,123.15,121.1,121.4,8660080,51388.0,168.52,4907575.0
2023-06-15,121.4,122.75,120.05,121.95,13948239,51440.0,271.16,9006946.0
2023-06-16,122.3,127.25,121.65,125.2,32649860,99377.0,328.55,17146249.0
2023-06-19,126.35,126.35,124.45,124.85,10053869,82001.0,122.61,5326204.0
2023-06-20,125.0,126.75,123.9,125.15,15471361,91723.0,168.67,9241812.0
2023-06-21,126.15,126.3,121.75,122.8,14141162,60092.0,235.33,5685017.0
2023-06-22,123.55,127.35,122.8,123.45,25032998,116277.0,215.29,10647114.0
2023-06-23,123.75,123.9,119.5,120.05,12413343,81427.0,152.45,5591818.0
2023-06-26,121.0,122.55,120.0,121.4,17369553,71769.0,242.02,8712928.0
2023-06-27,122.1,122.6,117.9,118.4,19093714,72955.0,261.72,11221688.0
2023-06-28,119.15,122.4,118.1,120.75,61890385,115874.0,534.12,35162902.0
2023-06-30,121.4,126.7,120.75,125.75,27973500,274673.0,101.84,11313979.0
2023-07-03,126.0,126.0,122.7,123.75,15492508,82266.0,188.32,7956050.0
2023-07-04,124.0,124.2,121.55,122.05,7595425,58755.0,129.27,4150147.0
2023-07-05,122.55,123.75,121.05,121.75,15615891,50145.0,311.41,11083440.0
2023-07-06,122.3,125.1,121.9,124.8,16906327,127618.0,132.48,10303014.0
2023-07-07,124.35,125.9,123.65,124.05,22837962,74208.0,307.76,13076465.0
2023-07-10,124.2,124.65,122.5,123.0,9068813,49999.0,181.38,4689182.0
2023-07-11,123.45,128.65,123.4,127.4,46215137,122273.0,377.97,20223935.0
2023-07-12,128.3,128.5,126.55,127.65,18031857,72480.0,248.78,9725081.0
2023-07-13,127.75,128.8,125.0,125.5,12374030,71093.0,174.05,5674963.0
2023-07-14,126.0,127.5,124.1,127.15,9577719,39788.0,240.72,4171312.0
2023-07-17,127.8,128.25,126.4,127.15,9411535,42337.0,222.3,4635732.0
2023-07-18,127.7,128.3,125.25,127.1,8994063,36959.0,243.35,4642217.0
2023-07-19,127.75,127.75,126.7,126.9,8975718,50602.0,177.38,5446415.0
2023-07-20,127.0,127.25,125.55,126.0,10187180,45240.0,225.18,6314432.0
2023-07-21,126.35,126.65,124.75,124.95,9926528,45474.0,218.29,6276477.0
2023-07-24,125.35,127.75,125.0,126.0,13121674,57838.0,226.87,7397024.0
2023-07-25,126.55,127.2,125.35,127.05,7151050,58229.0,122.81,3842960.0
2023-07-26,127.05,127.35,125.65,126.0,12681896,101328.0,125.16,7586787.0
2023-07-27,126.2,128.8,126.0,127.25,11597763,53476.0,216.88,5228842.0
2023-07-28,129.25,131.7,128.0,130.15,37245053,130315.0,285.81,13330048.0
2023-07-31,130.3,131.0,128.85,130.7,16197160,65849.0,245.97,9456745.0
2023-08-01,131.0,133.25,130.05,130.45,17079508,94054.0,181.59,8218483.0
2023-08-02,130.45,130.7,123.7,125.35,20816954,107782.0,193.14,12440961.0
2023-08-03,125.55,126.5,123.5,124.65,12415922,67089.0,185.07,6659192.0
2023-08-04,126.3,128.05,125.5,127.6,10589274,49693.0,213.09,5188445.0
2023-08-07,128.45,129.2,126.6,128.55,8339894,54913.0,151.87,4199787.0
2023-08-08,128.7,130.0,127.6,129.15,12505272,55051.0,227.16,6817916.0
2023-08-09,129.8,132.4,129.0,131.7,13111006,71736.0,182.77,6621088.0
2023-08-10,131.6,133.15,129.1,129.4,11116731,68451.0,162.4,5791221.0
2023-08-11,130.2,133.25,129.55,132.05,10967883,59317.0,184.9,4627144.0
2023-08-14,131.95,131.95,129.45,130.5,8529502,56016.0,152.27,3895962.0
2023-08-16,130.75,131.9,129.45,131.3,7062446,46459.0,152.01,3434570.0
2023-08-17,131.45,131.6,128.25,128.7,7162118,49111.0,145.84,4330584.0
2023-08-18,128.25,129.6,126.75,127.15,8997702,45034.0,199.8,5156050.0
2023-08-21,127.2,129.7,127.15,129.25,5063202,41914.0,120.8,2623429.0
2023-08-22,129.7,133.7,129.35,133.3,20596242,82196.0,250.57,9590726.0
2023-08-23,133.95,135.4,132.8,133.4,19426832,79232.0,245.19,8460514.0
2023-08-24,135.05,135.5,133.6,134.4,17543374,97554.0,179.83,10739823.0
2023-08-25,137.25,137.95,133.05,133.4,33919926,106119.0,319.64,17415671.0
2023-08-28,136.1,136.4,134.6,134.9,13346571,65575.0,203.53,5499311.0
2023-08-29,135.3,135.85,134.1,134.55,11118400,62467.0,177.99,5590060.0
2023-08-30,135.5,135.5,134.25,134.55,12555619,36635.0,342.72,9339951.0
2023-08-31,134.55,135.05,132.2,133.2,14954352,61041.0,244.99,8741475.0
2023-09-01,134.05,138.4,133.9,137.85,23415545,104193.0,224.73,10894047.0
2023-09-04,139.5,142.35,139.2,140.55,28262276,108585.0,260.28,12193443.0
2023-09-05,141.3,141.9,139.2,139.7,11695197,67399.0,173.52,7044329.0
2023-09-06,140.5,140.75,137.75,138.3,10151022,59711.0,170.0,5694812.0
2023-09-07,138.45,141.0,137.6,139.85,18438943,84547.0,218.09,9536543.0
2023-09-08,140.55,144.3,140.2,143.3,16579557,79123.0,209.54,6691833.0
2023-09-11,144.35,147.15,143.05,144.7,19902175,97263.0,204.62,10571901.0
2023-09-12,144.6,144.95,133.6,134.15,48752780,191309.0,254.84,26140156.0
2023-09-13,135.0,136.95,133.3,135.85,19282289,93405.0,206.44,9647578.0
2023-09-14,138.0,138.7,135.5,136.8,13197189,69112.0,190.95,7340734.0
2023-09-15,137.5,138.2,135.1,135.7,9651337,50598.0,190.75,5801313.0
2023-09-18,145.0,145.0,139.0,139.9,51859825,192544.0,269.34,19750783.0
2023-09-20,140.0,140.1,136.25,136.9,19080613,96727.0,197.26,11559868.0
2023-09-21,137.0,138.0,134.6,135.25,9531884,56940.0,167.4,4784254.0
2023-09-22,134.15,136.9,134.05,136.05,12604969,96557.0,130.54,6870563.0
2023-09-25,136.3,136.85,133.6,136.6,14984591,78785.0,190.2,8287882.0
2023-09-26,136.6,138.3,135.9,137.65,12315581,78625.0,156.64,6771612.0
2023-09-27,137.4,137.55,135.7,136.6,8713378,67054.0,129.95,4947775.0
2023-09-28,136.9,138.0,134.6,135.05,22012674,79602.0,276.53,15276794.0
2023-09-29,136.0,138.65,135.75,138.3,8504659,50536.0,168.29,4832083.0
2023-10-03,137.9,140.6,137.2,139.2,19010910,159769.0,118.99,12445483.0
2023-10-04,138.0,139.15,136.55,138.85,14912053,65730.0,226.87,8706641.0
2023-10-05,139.5,141.35,138.1,138.95,15996620,65630.0,243.74,9293248.0
2023-10-06,139.0,140.5,138.65,139.0,4987359,37184.0,134.13,2869913.0
2023-10-09,136.2,137.6,135.05,135.75,10489249,58967.0,177.88,6273251.0
2023-10-10,137.4,141.0,136.5,139.95,15593722,74610.0,209.0,5695944.0
2023-10-11,139.95,140.5,137.5,137.75,10778916,61844.0,174.29,6869130.0
2023-10-12,137.95,138.7,137.2,138.2,7567439,48307.0,156.65,4437376.0
2023-10-13,136.3,138.2,136.3,137.45,8303230,63144.0,131.5,5037380.0
2023-10-16,137.0,137.9,136.55,137.4,7785480,49844.0,156.2,5179765.0
2023-10-17,137.5,138.9,137.5,138.55,6076896,40858.0,148.73,3303109.0
2023-10-18,138.75,138.95,136.4,137.05,6806231,39910.0,170.54,4248634.0
2023-10-19,136.0,137.2,135.05,137.0,7775836,60578.0,128.36,4103898.0
2023-10-20,136.7,136.9,133.5,134.2,8982112,62041.0,144.78,5373121.0
2023-10-23,134.3,135.9,131.4,132.7,19333777,74906.0,258.11,11986454.0
2023-10-25,132.5,134.65,129.25,131.2,10225867,67392.0,151.74,5020555.0
2023-10-26,130.0,130.2,127.0,128.85,18167694,82224.0,220.95,10712203.0
2023-10-27,129.25,132.85,129.25,132.2,8761931,49882.0,175.65,4702302.0
2023-10-30,133.5,133.95,130.8,131.95,9052085,41779.0,216.67,4284720.0
2023-10-31,132.5,133.65,130.75,133.25,8098744,45371.0,178.5,4965817.0
2023-11-01,133.75,134.55,132.05,132.4,10431945,66496.0,156.88,6459239.0
2023-11-02,133.7,135.0,133.3,134.75,4885035,35700.0,136.84,2402960.0
2023-11-03,135.15,137.0,134.75,135.95,9154983,31663.0,289.14,6054023.0
2023-11-06,136.95,138.0,136.0,137.65,7070089,37622.0,187.92,4067818.0
2023-11-07,137.55,138.95,136.7,138.05,8587321,46726.0,183.78,5140911.0
2023-11-08,137.75,141.15,137.7,140.4,9755483,61398.0,158.89,4829151.0
2023-11-09,139.95,139.95,137.6,137.95,5481774,44152.0,124.16,3334353.0
2023-11-10,137.5,139.1,137.05,138.8,5781314,35812.0,161.44,3629214.0
2023-11-12,139.95,140.3,139.3,139.6,1362464,19870.0,68.57,850526.0
2023-11-13,139.15,144.2,139.05,143.4,20245049,82600.0,245.1,10823345.0
2023-11-15,144.5,145.4,142.5,143.05,11440473,78149.0,146.39,7032306.0
2023-11-16,143.25,144.35,142.2,142.6,11453235,57606.0,198.82,7244968.0
2023-11-17,142.85,146.5,141.8,146.1,13496261,63388.0,212.92,7193780.0
2023-11-20,146.4,146.75,143.15,143.85,7741502,46421.0,166.77,2989624.0
2023-11-21,144.15,144.55,142.25,142.85,9972235,67047.0,148.73,6486503.0
2023-11-22,143.25,143.45,140.15,141.85,7445272,62127.0,119.84,4617904.0
2023-11-23,141.85,142.55,139.1,139.35,13138745,80406.0,163.41,7996578.0
2023-11-24,139.95,142.15,137.35,140.35,19614754,75047.0,261.37,10331637.0
2023-11-28,141.65,141.8,140.4,141.3,8595693,68813.0,124.91,4556790.0
2023-11-29,142.05,142.65,140.5,141.0,14680789,99899.0,146.96,9613019.0
2023-11-30,141.0,146.35,140.75,145.9,27591484,106929.0,258.04,16161985.0
2023-12-01,147.95,150.3,146.75,147.45,34466616,128531.0,268.16,15420308.0
2023-12-04,152.0,157.5,151.6,153.55,51416976,186200.0,276.14,24787375.0
2023-12-05,153.7,155.1,149.95,152.0,29109123,117678.0,247.36,16349773.0
2023-12-06,152.6,157.15,151.85,156.15,26688698,116051.0,229.97,12512432.0
2023-12-07,161.8,161.8,158.25,160.35,51346222,175068.0,293.29,24538826.0
2023-12-08,161.35,162.35,157.3,158.75,22869782,121662.0,187.98,13295305.0
2023-12-11,159.8,163.25,159.15,161.25,22941648,107016.0,214.38,13031931.0
2023-12-12,162.45,162.8,160.0,160.8,16306341,111589.0,146.13,8777035.0
2023-12-13,160.2,163.9,159.4,162.85,16804086,82048.0,204.81,9458828.0
2023-12-14,163.1,164.35,162.6,164.0,13887946,72030.0,192.81,7618631.0
2023-12-15,166.0,170.2,165.25,169.05,39766631,154755.0,256.97,17636066.0
2023-12-18,171.75,174.35,169.45,172.7,35901409,152206.0,235.87,17034602.0
2023-12-19,172.9,174.4,171.1,173.05,14732129,97367.0,151.31,7514005.0
2023-12-20,173.75,176.3,166.15,167.25,24511237,178215.0,137.54,11965008.0
2023-12-21,165.0,171.85,164.05,170.65,22646625,124094.0,182.5,10509386.0
2023-12-22,171.95,175.25,169.4,174.8,19640046,97612.0,201.21,6981420.0
2023-12-26,178.0,184.5,178.0,181.95,52736391,297531.0,177.25,16477140.0
2023-12-27,184.0,184.9,179.1,180.2,26206240,131493.0,199.3,11215830.0
2023-12-28,181.5,184.25,180.8,182.7,20453485,119866.0,170.64,9319534.0
2023-12-29,182.95,185.2,181.1,184.2,19305150,104107.0,185.44,9971647.0
2024-01-01,184.8,187.0,184.45,184.95,18008785,120893.0,148.96,10285339.0
2024-01-02,186.0,186.2,179.75,182.15,22790965,114946.0,198.28,12230753.0
2024-01-03,182.35,184.7,180.6,182.35,18738690,76751.0,244.15,10218885.0
2024-01-04,182.5,187.65,182.5,186.9,25403124,90977.0,279.23,13744822.0
2024-01-05,187.7,188.65,184.05,185.95,22023938,98674.0,223.2,10988578.0
2024-01-08,186.75,187.5,183.2,183.6,11472441,74094.0,154.84,6108540.0
2024-01-09,184.9,186.7,184.2,184.65,11550790,63489.0,181.93,6676808.0
2024-01-10,184.4,186.0,182.05,185.6,8701594,65221.0,133.42,4627138.0
2024-01-11,187.0,187.65,183.8,184.35,10942508,66848.0,163.69,6481142.0
2024-01-12,185.35,185.5,183.1,183.5,8853157,77326.0,114.49,5570640.0
2024-01-15,184.9,189.9,184.1,188.65,24570393,136428.0,180.1,11666725.0
2024-01-16,188.9,190.25,185.1,186.8,16471601,99112.0,166.19,9150071.0
2024-01-17,186.3,188.5,183.8,185.65,16350370,106554.0,153.45,8027094.0
2024-01-18,185.65,189.0,180.0,188.2,24831623,153298.0,161.98,11151450.0
2024-01-19,190.0,193.7,190.0,191.85,22303305,147037.0,151.68,10151051.0
2024-01-20,193.0,195.0,190.7,193.4,12654436,68956.0,183.51,5891133.0
2024-01-23,195.25,195.5,184.4,187.1,26628471,157317.0,169.27,15749643.0
2024-01-24,186.8,190.2,184.0,189.25,14742783,118101.0,124.83,6615775.0
2024-01-25,190.75,192.0,188.3,189.7,12592882,128052.0,98.34,6170109.0
2024-01-29,190.0,193.7,187.55,190.9,28919512,137760.0,209.93,11076011.0
2024-01-30,192.0,192.35,187.0,187.9,20894159,151713.0,137.72,12461204.0
2024-01-31,188.2,189.1,184.85,185.9,23757415,169976.0,139.77,15134609.0
2024-02-01,187.7,188.4,181.55,183.4,27835431,176726.0,157.51,15464250.0
2024-02-02,185.0,187.75,183.85,184.6,27710061,180434.0,153.57,18819093.0
2024-02-05,187.0,187.0,178.8,181.55,23880364,175569.0,136.02,14742482.0
2024-02-06,182.4,183.55,180.7,183.1,12134363,100644.0,120.57,6887003.0
2024-02-07,184.15,184.15,179.65,181.7,14192151,120875.0,117.41,8760797.0
2024-02-08,182.2,187.1,181.75,184.8,29094709,138849.0,209.54,15162650.0
2024-02-09,185.5,185.7,176.5,180.65,21081134,145309.0,145.08,9434280.0
2024-02-12,181.25,183.1,173.65,174.65,19640568,126308.0,155.5,10868366.0
2024-02-13,174.75,176.9,171.75,176.6,13961795,106409.0,131.21,6615911.0
2024-02-14,177.25,182.15,175.3,181.6,23449380,141263.0,166.0,8446079.0
2024-02-15,183.0,186.3,182.6,185.95,17335763,117872.0,147.07,9950022.0
2024-02-16,189.0,190.4,186.85,188.3,29843059,145647.0,204.9,13407915.0
2024-02-19,189.95,192.5,188.3,188.75,25343215,138579.0,182.88,11935448.0
2024-02-20,189.1,191.45,186.25,190.65,17809897,108601.0,163.99,8779621.0
2024-02-21,191.3,192.55,187.0,188.7,17870782,125008.0,142.96,8903698.0
2024-02-22,189.75,196.0,188.7,194.75,31992371,164432.0,194.56,17899333.0
2024-02-23,196.3,207.0,195.95,205.3,76179371,342700.0,222.29,25407586.0
2024-02-26,205.65,206.9,202.8,204.25,27013630,213908.0,126.29,12225016.0
2024-02-27,203.55,209.0,203.1,205.35,28877205,263721.0,109.5,13989531.0
2024-02-28,206.2,209.0,201.45,205.65,38996363,204032.0,191.13,16279853.0
2024-02-29,205.45,205.9,199.75,205.1,24059731,93387.0,257.63,11537830.0
2024-03-01,205.95,208.05,204.8,205.6,12949604,71530.0,181.04,4780252.0
2024-03-02,206.0,207.7,205.9,206.75,1497553,12530.0,119.52,894201.0
2024-03-04,207.95,212.95,206.35,209.6,34272251,206411.0,166.04,15019473.0
2024-03-05,211.0,213.75,209.85,210.75,24964592,128150.0,194.81,9819818.0
2024-03-06,211.8,213.45,205.6,210.45,26236957,184487.0,142.22,11438582.0
2024-03-07,211.45,216.8,211.15,215.2,41484038,209418.0,198.09,14148729.0
2024-03-11,216.45,216.45,211.9,212.55,22800967,124592.0,183.01,12155916.0
2024-03-12,211.0,211.35,201.5,204.25,34719550,201890.0,171.97,18088534.0
2024-03-13,204.1,205.6,188.2,190.3,41620003,219476.0,189.63,21053138.0
2024-03-14,189.0,197.15,186.25,195.25,34622781,262230.0,132.03,17106028.0
2024-03-15,196.75,196.75,179.1,188.85,88781999,455166.0,195.05,46899334.0
2024-03-18,190.0,192.0,187.05,189.9,22999225,152386.0,150.93,11214514.0
2024-03-19,190.0,192.45,184.55,185.4,27819341,141935.0,196.0,12294605.0
2024-03-20,186.9,187.95,182.5,187.45,16235947,104913.0,154.76,5525495.0
2024-03-21,190.0,197.5,190.0,196.85,43152810,219957.0,196.19,19806159.0
2024-03-22,196.5,198.95,192.75,197.5,31321524,138929.0,225.45,14842827.0
2024-03-26,197.0,200.5,195.95,199.4,25723863,112388.0,228.88,12526286.0
2024-03-27,200.0,203.95,198.0,199.45,37817130,123953.0,305.09,21065975.0
2024-03-28,200.5,202.45,199.0,201.5,17425093,86067.0,202.46,9318683.0
2024-04-01,205.0,212.75,203.75,211.1,45840349,182106.0,251.72,20189398.0
2024-04-02,213.75,222.65,212.6,221.0,93873385,304792.0,307.99,31491754.0
2024-04-03,221.7,225.45,218.85,221.5,47658754,227146.0,209.82,15884116.0
2024-04-04,223.5,223.9,218.25,220.3,18279026,117205.0,155.96,7460821.0
2024-04-05,220.35,226.0,218.75,224.5,25365958,117018.0,216.77,10276418.0
2024-04-08,225.55,225.7,222.1,223.55,16422350,91909.0,178.68,8324647.0
2024-04-09,224.8,228.9,221.2,228.15,29048035,144456.0,201.09,10059821.0
2024-04-10,229.0,232.85,226.5,228.75,37218693,206481.0,180.25,16457900.0
2024-04-12,231.3,235.4,230.55,233.5,57174716,263880.0,216.67,19299865.0
2024-04-15,230.0,238.0,226.0,234.45,51676313,264315.0,195.51,19833724.0
2024-04-16,232.5,236.95,230.0,233.45,32508661,164313.0,197.85,13993979.0
2024-04-18,235.6,237.4,229.2,231.15,18623078,123097.0,151.29,7310567.0
2024-04-19,228.55,234.5,225.7,233.3,27227241,154009.0,176.79,8514254.0
2024-04-22,236.0,236.15,232.3,233.3,17549094,102149.0,171.8,8328861.0
2024-04-23,234.25,236.1,231.75,234.35,19202860,131797.0,145.7,9640544.0
2024-04-24,235.25,239.15,234.1,236.5,33392337,157276.0,212.32,16345176.0
2024-04-25,236.4,240.05,235.45,237.6,16197834,110511.0,146.57,5783247.0
2024-04-26,238.5,241.65,237.9,238.95,20473627,119833.0,170.85,10307750.0
2024-04-29,240.15,240.2,234.85,235.4,19876408,129560.0,153.41,10802438.0
2024-04-30,236.3,237.3,233.2,233.75,14514418,98715.0,147.03,7130038.0
2024-05-02,234.7,237.4,230.75,234.75,19171145,118803.0,161.37,7866461.0
2024-05-03,237.1,238.0,231.15,234.1,15782582,133087.0,118.59,6735665.0
2024-05-06,235.1,235.85,230.0,231.85,32422021,136001.0,238.4,19220127.0
2024-05-07,232.5,235.8,225.45,227.4,26418769,180350.0,146.49,10773136.0
2024-05-08,227.2,232.65,224.6,231.6,18952985,126847.0,149.42,7181278.0
2024-05-09,234.5,238.2,225.3,226.2,35229412,167638.0,210.15,14114012.0
2024-05-10,227.9,228.5,223.15,227.1,18478580,121631.0,151.92,7518963.0
2024-05-13,228.4,228.7,221.0,224.75,32874369,131330.0,250.32,19890656.0
2024-05-14,225.75,231.9,225.75,230.95,23191411,96928.0,239.26,12693741.0
2024-05-15,231.8,234.5,229.55,232.85,33045920,172082.0,192.04,18494474.0
2024-05-16,234.75,240.0,227.5,237.9,55556781,314663.0,176.56,27160979.0
2024-05-17,241.0,249.65,237.85,248.2,82231249,351693.0,233.82,30577318.0
2024-05-18,251.5,260.6,250.05,258.8,23619459,140088.0,168.6,11061799.0
2024-05-21,283.0,283.0,271.05,274.15,127035921,619435.0,205.08,49252270.0
2024-05-22,277.0,284.5,264.3,283.6,85801218,458541.0,187.12,26414512.0
2024-05-23,286.3,293.3,283.2,288.5,70631009,369818.0,190.99,23618037.0
2024-05-24,288.0,299.9,286.0,297.2,63609206,408128.0,155.86,19317827.0
2024-05-27,301.75,303.2,289.65,294.45,49890427,357964.0,139.37,20396921.0
2024-05-28,295.7,295.75,285.05,289.1,33893805,262279.0,129.23,13503645.0
2024-05-29,285.4,293.95,285.0,292.15,31645904,236613.0,133.75,12410832.0
2024-05-30,293.0,296.3,289.65,290.65,42769599,269688.0,158.59,21105363.0
2024-05-31,294.2,297.2,286.3,295.95,51397345,355784.0,144.46,23017828.0
2024-06-03,323.0,323.0,309.3,318.65,67256146,484212.0,138.9,26345386.0
2024-06-04,312.0,312.0,230.05,255.55,268052657,2263034.0,118.45,114584485.0
2024-06-05,264.5,264.5,230.0,260.35,193487058,1097252.0,176.34,78665200.0
2024-06-06,267.0,281.5,267.0,273.65,95502477,557035.0,171.45,30831885.0
2024-06-07,274.0,284.55,268.7,283.2,60109827,344381.0,174.54,22199003.0
2024-06-10,288.9,292.0,281.1,283.4,42363741,464144.0,91.27,16434978.0
2024-06-11,287.0,290.5,285.35,286.2,32269277,218539.0,147.66,14424912.0
2024-06-12,287.9,293.0,286.05,290.5,33990756,233446.0,145.6,15323372.0
2024-06-13,293.9,303.0,287.05,300.9,49511492,309294.0,160.08,18887730.0
2024-06-14,305.0,310.5,301.5,309.6,67366844,386477.0,174.31,22985617.0
2024-06-18,313.0,321.0,312.25,318.25,64859245,413084.0,157.01,24815241.0
2024-06-19,319.9,319.9,304.1,309.3,58698689,489779.0,119.85,21569097.0
2024-06-20,309.8,313.35,302.25,311.9,39505506,242233.0,163.09,11864061.0
2024-06-21,312.7,314.0,304.1,304.95,37620968,316286.0,118.95,18197527.0
2024-06-24,304.8,311.9,297.45,309.75,39139609,277524.0,141.03,13658910.0
2024-06-25,310.9,314.95,309.2,309.7,29124110,195683.0,148.83,11037262.0
2024-06-26,310.0,311.5,305.85,306.85,24238007,215676.0,112.38,11065431.0
2024-06-27,306.1,308.15,301.2,304.5,39996580,236478.0,169.13,25289710.0
2024-06-28,306.0,309.8,302.75,305.9,24256902,176389.0,137.52,11217588.0
2024-07-01,310.95,312.5,305.85,307.65,39495237,249710.0,158.16,18903839.0
2024-07-02,309.0,309.0,303.0,306.1,23974162,149202.0,160.68,12476196.0
2024-07-03,307.0,315.45,305.75,314.5,44919849,238422.0,188.4,23516446.0
2024-07-04,317.4,318.5,313.05,317.35,35591681,200616.0,177.41,15985117.0
2024-07-05,317.65,326.8,314.5,324.05,63125211,351601.0,179.54,24254615.0
2024-07-08,328.45,335.8,325.6,334.6,70983243,388249.0,182.83,35569539.0
2024-07-09,338.0,339.35,328.7,334.8,52225572,308664.0,169.2,26198686.0
2024-07-10,340.0,340.5,324.15,333.85,46779965,392471.0,119.19,17283435.0
2024-07-11,335.5,338.2,333.0,335.5,31919433,245927.0,129.79,15698936.0
2024-07-12,336.9,337.5,328.1,333.1,24517961,217819.0,112.56,10553563.0
2024-07-15,336.0,336.05,331.0,331.4,22021926,175145.0,125.74,10354430.0
2024-07-16,333.25,334.4,324.5,326.15,26585927,227205.0,117.01,14944972.0
2024-07-18,326.5,326.7,312.3,313.55,48043715,427400.0,112.41,23813641.0
2024-07-19,309.9,316.9,305.0,306.3,43313606,370871.0,116.79,18025245.0
2024-07-22,306.0,314.7,297.3,312.3,39386992,397073.0,99.19,15412355.0
2024-07-23,317.0,317.0,281.1,301.45,76513131,588743.0,129.96,24002588.0
2024-07-24,302.5,306.5,299.3,300.1,24099148,334733.0,72.0,9719718.0
2024-07-25,297.95,303.4,293.4,301.45,27820556,223174.0,124.66,12262497.0
2024-07-26,303.8,310.5,302.0,309.9,24512844,170966.0,143.38,11050146.0
2024-07-29,312.8,325.6,310.85,321.35,51391698,363672.0,141.31,17268290.0
2024-07-30,325.2,326.55,317.6,318.1,41111245,288057.0,142.72,17630531.0
2024-07-31,319.9,320.6,315.45,316.05,25709971,200287.0,128.37,15305133.0
2024-08-01,317.7,317.7,308.05,311.15,28141436,250799.0,112.21,13795425.0
2024-08-02,305.3,308.7,301.7,302.95,26155604,285981.0,91.46,12883948.0
2024-08-05,289.85,297.45,285.0,290.25,50390560,534296.0,94.31,18453492.0
2024-08-06,292.0,302.6,286.35,287.25,39171936,341869.0,114.58,14419503.0
2024-08-07,295.5,301.0,289.8,300.2,22199473,173796.0,127.73,8202811.0
2024-08-08,301.0,302.7,297.15,298.25,21963656,151421.0,145.05,9204763.0
2024-08-09,302.5,305.0,300.65,302.2,15551076,114363.0,135.98,6148766.0
2024-08-12,299.0,303.65,298.25,301.4,15361379,178931.0,85.85,6721005.0
2024-08-13,302.0,302.65,295.4,296.15,14746085,190100.0,77.57,7039702.0
2024-08-14,296.15,297.05,290.65,293.7,16641055,130227.0,127.78,7083469.0
2024-08-16,296.5,303.9,296.0,303.3,21353408,131914.0,161.87,9404401.0
2024-08-19,304.8,305.55,301.1,302.15,12232725,107693.0,113.59,5459170.0
2024-08-20,302.15,304.5,297.8,303.15,14183642,109619.0,129.39,5926818.0
2024-08-21,303.0,306.75,302.55,305.4,11862616,98031.0,121.01,5415274.0
2024-08-22,306.4,306.9,303.5,304.5,13074829,92353.0,141.57,6260539.0
2024-08-23,305.5,309.2,304.1,306.0,21891698,141433.0,154.78,8983430.0
2024-08-26,308.7,308.9,305.8,306.7,15280637,117141.0,130.45,6919185.0
2024-08-27,306.6,307.45,299.6,300.9,16873099,141651.0,119.12,9680886.0
2024-08-28,301.05,304.5,299.5,299.95,14005947,103363.0,135.5,7767329.0
2024-08-29,299.35,301.05,292.1,296.2,19185385,302454.0,63.43,9185844.0
2024-08-30,296.8,302.15,294.35,299.3,28684991,210946.0,135.98,13200906.0
2024-09-02,301.95,301.95,295.05,296.9,11713172,158631.0,73.84,5891291.0
2024-09-03,300.0,301.35,296.75,297.15,13971488,113157.0,123.47,5576370.0
2024-09-04,297.15,301.9,295.3,298.95,17937646,169249.0,105.98,6369346.0
2024-09-05,299.0,299.5,290.0,290.6,26342723,294621.0,89.41,14438629.0
2024-09-06,290.35,290.35,282.05,283.6,30062372,382227.0,78.65,14856151.0
2024-09-09,282.0,284.5,275.75,281.55,29170063,305330.0,95.54,15710586.0
2024-09-10,282.5,288.35,282.3,285.75,19982334,242536.0,82.39,10198883.0
2024-09-11,286.45,290.45,284.35,288.05,21650737,224251.0,96.55,10014890.0
2024-09-12,290.9,292.5,289.0,291.7,16102095,116045.0,138.76,8185115.0
2024-09-13,293.0,294.0,289.6,289.95,12330463,110888.0,111.2,6646858.0
2024-09-16,290.9,292.2,288.4,290.4,9184637,77428.0,118.62,4444706.0
2024-09-17,290.5,290.85,283.9,284.3,15946216,169137.0,94.28,9239116.0
2024-09-18,284.9,286.0,280.4,282.85,10450571,113449.0,92.12,5053778.0
2024-09-19,284.0,284.85,267.1,272.7,44560220,371919.0,119.81,24208270.0
2024-09-20,274.0,279.4,272.85,277.35,38501362,235297.0,163.63,21375742.0
2024-09-23,280.0,286.7,278.65,286.3,19445968,165132.0,117.76,9186256.0
2024-09-24,286.3,293.4,284.55,291.8,25346532,304302.0,83.29,14185158.0
2024-09-25,294.0,295.0,287.65,289.85,19263084,224188.0,85.92,9929177.0
2024-09-26,290.6,291.9,289.05,290.5,18343882,156566.0,117.16,10765955.0
2024-09-27,292.35,294.85,289.2,293.45,208588855,335221.0,622.24,163333467.0
2024-09-30,293.45,294.6,283.6,285.1,32695169,277838.0,117.68,17032688.0
2024-10-01,285.1,286.6,282.55,283.95,13883476,141159.0,98.35,6996147.0
2024-10-03,275.05,286.3,275.05,278.7,27321529,239354.0,114.15,13194712.0
2024-10-04,278.7,281.9,273.55,277.2,17451235,156166.0,111.75,8420535.0
2024-10-07,277.4,278.9,265.0,267.35,21704629,240837.0,90.12,11405564.0
2024-10-08,267.0,281.5,265.55,280.25,29190708,233418.0,125.06,13176099.0
2024-10-09,282.0,286.6,278.5,282.4,18984175,175927.0,107.91,8059852.0
2024-10-10,283.95,289.6,283.4,286.9,19155691,165859.0,115.49,7079800.0
2024-10-11,287.2,288.65,284.15,285.9,9677338,97555.0,99.2,3653835.0
2024-10-14,286.1,289.2,284.65,285.7,11386559,112797.0,100.95,6036196.0
2024-10-15,287.15,289.45,285.75,288.85,14701531,129821.0,113.24,7905180.0
2024-10-16,288.15,291.05,284.75,285.7,11835439,118259.0,100.08,5315406.0
2024-10-17,286.05,287.9,281.7,284.55,11695551,119417.0,97.94,5236164.0
2024-10-18,282.9,287.8,277.8,287.15,10095514,94110.0,107.27,3650983.0
2024-10-21,286.3,287.45,281.1,282.3,8393942,86534.0,97.0,4145497.0
2024-10-22,282.0,282.15,270.65,271.65,15240897,150480.0,101.28,7309862.0
2024-10-23,271.0,274.7,266.3,268.65,13503954,136043.0,99.26,4835275.0
2024-10-24,269.0,273.15,268.35,271.35,10700271,91455.0,117.0,5128573.0
2024-10-25,271.0,276.0,257.45,272.35,40406841,282604.0,142.98,12431628.0
2024-10-28,276.7,277.95,267.4,270.05,24479817,204540.0,119.68,7687909.0
2024-10-29,271.2,284.5,270.85,283.65,34271117,262371.0,130.62,11944123.0
2024-10-30,283.45,294.75,282.05,288.55,40787587,255542.0,159.61,15518145.0
2024-10-31,287.95,288.45,283.75,284.9,18720310,171631.0,109.07,8172304.0
2024-11-01,286.65,290.25,286.0,288.65,5265231,78337.0,67.21,2512152.0
2024-11-04,289.0,289.0,280.3,284.15,15157659,146158.0,103.71,5975929.0
2024-11-05,282.5,287.2,277.15,286.35,18761867,162147.0,115.71,5571023.0
2024-11-06,287.5,304.3,287.2,301.85,52804364,382163.0,138.17,24740582.0
2024-11-07,301.0,302.0,296.1,300.35,24357430,244075.0,99.79,10756866.0
2024-11-08,300.35,304.5,295.75,297.75,22935845,198509.0,115.54,8079685.0
2024-11-11,297.5,303.8,294.4,299.75,20155408,277310.0,72.68,8049319.0
2024-11-12,300.0,300.85,287.3,290.15,14292965,142938.0,99.99,6081818.0
2024-11-13,288.0,288.85,279.45,281.55,20001842,199498.0,100.26,7339078.0
2024-11-14,282.0,284.45,275.5,280.95,20541591,175458.0,117.07,6416751.0
2024-11-18,283.0,286.7,277.25,278.05,13000137,134036.0,96.99,4545149.0
2024-11-19,280.0,285.2,277.0,279.0,13160982,109991.0,119.66,4641992.0
2024-11-21,278.45,278.45,270.25,275.45,14858108,158061.0,94.0,4806118.0
2024-11-22,276.0,283.5,275.5,280.85,13268900,98372.0,134.88,4827736.0
2024-11-25,290.0,299.0,287.95,292.35,49366681,412595.0,119.65,27064245.0
2024-11-26,294.0,301.0,293.15,297.9,27347402,189211.0,144.53,10230825.0
2024-11-27,298.85,307.95,297.45,307.35,39464505,272286.0,144.94,17572968.0
2024-11-28,308.0,309.5,304.35,305.75,27772319,320545.0,86.64,12682468.0
2024-11-29,305.7,310.6,305.0,308.0,23241947,202363.0,114.85,11192715.0
2024-12-02,307.8,309.4,303.3,306.9,15549685,222943.0,69.75,5950133.0
2024-12-03,309.0,312.75,307.8,312.1,21405136,185559.0,115.35,11387357.0
2024-12-04,316.0,320.85,311.2,312.85,41441172,241451.0,171.63,20595430.0
2024-12-05,314.0,315.4,310.6,314.5,17911694,157060.0,114.04,8189993.0
2024-12-06,314.5,315.85,313.1,313.75,8359798,106140.0,78.76,4126881.0
2024-12-09,313.6,317.1,313.25,314.6,11830104,121599.0,97.29,6238959.0
2024-12-10,317.55,318.3,314.0,314.85,15811501,127130.0,124.37,7019124.0
2024-12-11,314.9,316.5,313.0,314.1,9281006,139038.0,66.75,5214319.0
2024-12-12,313.55,316.0,312.1,312.95,10978075,147129.0,74.62,4853867.0
2024-12-13,313.0,316.35,308.15,315.65,15557064,145458.0,106.95,7603782.0
2024-12-16,315.8,317.35,314.0,316.2,10543307,92085.0,114.5,5798177.0
2024-12-17,315.55,318.65,310.0,310.6,18053073,121731.0,148.3,10344029.0
2024-12-18,310.2,310.6,301.65,303.8,16598070,147444.0,112.57,8096747.0
2024-12-19,295.0,300.45,295.0,298.5,13349532,123301.0,108.27,6494194.0
2024-12-20,298.0,302.1,289.35,290.85,14964677,121867.0,122.8,6960455.0
2024-12-23,294.0,295.3,288.0,294.35,10201072,99783.0,102.23,3525649.0
2024-12-24,296.25,297.35,291.5,292.45,10685518,86298.0,123.82,4537822.0
2024-12-26,293.0,296.0,292.5,295.2,9172485,110384.0,83.1,4221458.0
2024-12-27,295.85,296.15,291.35,292.05,9495184,78558.0,120.87,4487825.0
2024-12-30,292.05,292.5,282.85,284.9,25876258,152615.0,169.55,18627752.0
2024-12-31,284.5,294.0,284.25,293.15,15725947,146510.0,107.34,7285056.0
2025-01-01,293.15,294.6,290.25,293.9,6954271,68363.0,101.73,2705640.0
2025-01-02,294.45,297.8,291.35,296.8,13361957,108260.0,123.42,7307995.0
2025-01-03,296.5,297.25,291.5,291.95,8167968,78939.0,103.47,4123195.0
2025-01-06,292.55,292.55,280.55,282.15,12638091,129239.0,97.79,6660823.0
2025-01-07,282.15,288.2,281.05,287.0,13247733,119709.0,110.67,7239077.0
2025-01-08,287.0,287.0,280.1,282.1,10996122,131873.0,83.38,5270253.0
2025-01-09,281.25,284.1,279.6,281.25,12715512,145298.0,87.51,6023852.0
2025-01-10,280.0,281.0,270.0,271.0,15317565,229023.0,66.88,7173861.0
2025-01-13,265.0,268.9,258.3,259.6,19429753,171312.0,113.42,10113608.0
2025-01-14,263.0,271.0,261.2,269.9,18938129,169064.0,112.02,7432040.0
2025-01-15,272.0,272.2,266.3,267.85,11376064,110855.0,102.62,4124580.0
2025-01-16,273.4,278.05,271.4,276.15,17234302,142418.0,121.01,8901030.0
2025-01-17,275.45,283.9,274.05,282.15,12741720,116100.0,109.75,4432853.0
2025-01-20,283.2,287.8,280.7,285.8,10483849,110964.0,94.48,3363497.0
2025-01-21,285.8,286.9,278.25,279.0,13020489,118518.0,109.86,5351782.0
2025-01-22,279.0,279.3,266.3,270.35,21272549,187494.0,113.46,8481098.0
2025-01-23,268.8,276.95,267.1,273.95,11978782,124253.0,96.41,4117069.0
2025-01-24,273.95,276.7,268.8,270.15,10164897,84378.0,120.47,3742733.0
2025-01-27,267.0,267.0,261.8,262.95,13710859,135027.0,101.54,6376131.0
2025-01-28,263.5,265.7,252.7,258.25,29049716,204673.0,141.93,11951445.0
2025-01-29,259.0,268.0,259.0,267.2,14361301,112248.0,127.94,5356605.0
2025-01-30,268.85,280.5,267.9,278.75,46735932,244650.0,191.03,12367539.0
2025-01-31,283.9,294.2,281.6,292.65,50252116,361876.0,138.87,14249963.0
2025-02-01,295.95,299.6,269.3,281.8,61832253,439222.0,140.78,14334182.0
2025-02-03,277.85,277.85,263.3,274.15,41786023,376401.0,111.01,15162080.0
2025-02-04,276.0,286.0,275.9,284.5,29035155,202132.0,143.64,11877231.0
2025-02-05,285.65,291.8,285.0,288.95,18818511,190973.0,98.54,9074100.0
2025-02-06,288.95,289.95,279.0,279.75,16834939,163338.0,103.07,6825484.0
2025-02-07,280.75,282.3,273.1,277.05,26682639,202399.0,131.83,13996528.0
2025-02-10,278.9,282.2,272.0,273.45,21789085,183366.0,118.83,8123938.0
2025-02-11,273.8,274.0,262.75,265.05,23839025,214280.0,111.25,11702756.0
2025-02-12,264.95,265.75,254.0,259.15,27997028,236424.0,118.42,10136107.0
2025-02-13,259.15,265.5,258.6,261.55,18016813,145058.0,124.2,6099007.0
2025-02-14,262.2,264.5,248.2,250.35,25683310,231849.0,110.78,10054705.0
2025-02-17,248.95,250.0,242.6,248.5,24947159,177073.0,140.89,9823031.0
2025-02-18,249.0,249.75,240.55,244.6,21180375,184568.0,114.76,9020327.0
2025-02-19,240.7,254.0,240.25,253.4,21516255,159897.0,134.56,7189872.0
2025-02-20,252.0,260.95,250.25,260.25,18922988,129451.0,146.18,7960663.0
2025-02-21,259.5,262.5,254.4,256.1,16594628,131323.0,126.36,5439980.0
2025-02-24,251.0,258.45,250.5,256.35,15409569,129465.0,119.02,5254268.0
2025-02-25,256.35,258.55,255.35,256.65,14770656,104286.0,141.64,8379843.0
2025-02-27,257.1,258.4,251.9,252.45,11087404,108069.0,102.6,5547899.0
2025-02-28,250.0,250.95,243.5,246.25,17754591,148251.0,119.76,8286276.0
2025-03-03,247.5,258.9,244.36,257.39,24644079,187276.0,131.59,8316053.0
2025-03-04,253.89,266.5,252.5,264.71,24998454,198471.0,125.96,8886643.0
2025-03-05,265.0,275.8,263.33,274.92,28499877,220341.0,129.34,14080287.0
2025-03-06,276.21,281.0,271.83,272.95,22586087,198864.0,113.58,8265800.0
2025-03-07,275.8,279.73,274.0,276.99,25542382,183737.0,139.02,9239642.0
2025-03-10,278.6,283.47,271.55,272.33,20986855,162153.0,129.43,8084178.0
2025-03-11,271.95,278.5,269.05,277.18,20980143,150205.0,139.68,5341509.0
2025-03-12,278.78,280.4,274.12,276.83,15308721,137876.0,111.03,6309769.0
2025-03-13,283.0,285.8,279.42,280.07,38015489,242972.0,156.46,11658617.0
2025-03-17,281.0,283.38,276.72,279.93,13883682,131397.0,105.66,6004071.0
2025-03-18,282.0,286.0,280.31,285.31,15290505,112138.0,136.35,7993024.0
2025-03-19,286.0,292.99,284.76,290.0,21098065,188934.0,111.67,10042764.0
2025-03-20,294.81,297.78,291.1,297.05,27889890,167953.0,166.06,16053111.0
2025-03-21,301.0,301.0,292.75,295.74,41751586,220702.0,189.18,25260399.0
2025-03-24,296.9,304.9,296.35,302.1,29935092,165187.0,181.22,18535752.0
2025-03-25,304.0,304.5,298.65,300.03,19364944,169170.0,114.47,9869786.0
2025-03-26,301.07,305.5,298.49,299.54,23869923,162602.0,146.8,11573970.0
2025-03-27,297.0,302.0,296.63,300.65,14453677,120151.0,120.3,8081174.0
2025-03-28,304.0,306.58,299.07,301.32,20850848,139398.0,149.58,8168144.0
2025-04-01,302.0,305.8,290.0,292.0,33171384,266366.0,124.53,17975135.0
2025-04-02,289.9,290.75,274.45,282.4,52653587,388113.0,135.67,20929315.0
2025-04-03,283.0,288.25,282.6,287.5,20968721,179031.0,117.12,8130692.0
2025-04-04,287.1,288.0,278.3,280.0,19699594,160549.0,122.7,11181160.0
2025-04-07,257.0,274.5,256.2,272.1,24954083,208401.0,119.74,11762288.0
2025-04-08,282.45,288.0,276.6,281.45,26787606,214793.0,124.71,7887985.0
2025-04-09,281.0,282.8,276.6,280.15,11389916,102082.0,111.58,4702726.0
2025-04-11,283.0,287.0,282.65,285.0,13883110,121027.0,114.71,7255773.0
2025-04-15,289.9,294.15,287.55,293.7,19512440,173583.0,112.41,11571649.0
2025-04-16,293.5,295.35,291.3,293.6,12479078,115326.0,108.21,6544749.0
2025-04-17,293.0,296.6,291.15,295.15,13609937,120621.0,112.83,6168047.0
2025-04-21,297.5,301.6,295.15,299.95,14064356,121862.0,115.41,6707067.0
2025-04-22,301.0,304.75,299.75,303.35,11962358,103710.0,115.34,6170214.0
2025-04-23,305.6,310.3,301.8,305.85,21918666,169771.0,129.11,10570437.0
2025-04-24,305.0,308.6,303.45,305.7,17241517,108129.0,159.45,8071004.0
2025-04-25,306.8,307.8,293.7,297.6,20307004,145183.0,139.87,8825901.0
2025-04-28,296.0,307.85,295.85,305.05,29913417,185562.0,161.2,16853797.0
2025-04-29,306.55,319.45,305.8,317.1,57883471,375574.0,154.12,27604719.0
2025-04-30,319.0,320.45,312.6,314.1,24863436,208936.0,119.0,11824899.0
2025-05-02,310.8,317.75,310.6,311.35,18979609,147507.0,128.67,9102286.0
2025-05-05,313.95,316.9,313.2,315.3,10955763,85400,128.29,5355281
2025-05-06,315.65,319.3,309.2,310.5,17029890,123408,138.0,6800245
2025-05-07,305.0,315.2,305.0,309.95,19274367,126765,152.05,8722445
2025-05-08,310.5,313.7,304.8,307.15,17110997,116453,146.93,7938018
2025-05-09,305.0,321.8,305.0,315.85,44244945,443942,99.66,15547838
2025-05-12,325.0,325.0,316.2,322.8,39927141,502870,79.4,19722471
2025-05-13,323.7,337.75,322.8,335.75,57985762,628573,92.25,24432959
2025-05-14,339.0,346.0,334.5,344.35,43684324,312261,139.9,13938587
2025-05-15,346.5,351.0,340.8,350.4,35959338,259856,138.38,13062564
2025-05-16,351.6,371.15,349.6,363.9,68855818,673858,102.18,23809707
2025-05-19,372.9,373.5,362.55,363.75,52003735,399788,130.08,20765990
2025-05-20,369.4,371.0,358.5,363.8,67088831,392538,170.91,20270720
2025-05-21,366.9,383.9,364.0,383.0,88688170,710668,124.8,30090428
2025-05-22,383.0,386.75,379.0,383.4,43486783,345063,126.03,15417214
2025-05-23,389.15,389.9,381.1,383.8,37666187,320280,117.6,13674918
2025-05-26,384.9,385.8,378.5,384.55,26722908,222619,120.04,11430506
2025-05-27,384.5,388.8,383.45,385.4,16859142,141877,118.83,5843716
2025-05-28,385.45,393.5,384.1,390.45,27549144,181884,151.47,12688340
2025-05-29,391.55,392.1,385.55,386.8,18562683,150963,122.96,9905497
2025-05-30,386.8,390.0,383.65,384.6,23144580,123088,188.03,14701101
2025-06-02,385.0,389.25,383.75,387.5,11943152,113485,105.24,6614782
2025-06-03,387.5,391.8,385.5,386.0,18630318,129954,143.36,10321034
2025-06-04,387.0,391.3,384.1,390.6,20648850,148244,139.29,9207530
2025-06-05,393.7,394.7,389.5,393.5,20746844,144121,143.95,8531386
2025-06-06,394.85,396.85,389.2,390.7,17366507,123148,141.02,8108618
2025-06-09,394.0,395.3,391.8,392.45,13744521,124733,110.19,7516970
2025-06-10,396.5,401.85,394.7,397.4,26456073,185870,142.34,10174801
2025-06-11,398.25,398.25,390.6,392.9,18042738,139374,129.46,9563228
2025-06-12,392.8,395.75,385.6,387.4,15555771,139672,111.37,6535530
2025-06-13,379.65,397.75,379.5,394.2,35564550,234385,151.74,13243473
2025-06-16,396.15,404.5,394.2,403.85,32061745,237809,134.82,12216653
2025-06-17,405.8,407.5,400.5,401.75,24371681,182268,133.71,10370759
2025-06-18,401.65,405.0,398.5,400.5,18879759,148087,127.49,10178467
2025-06-19,401.0,403.8,393.45,398.55,18220823,175815,103.64,6243979
2025-06-20,399.0,410.0,397.75,408.25,122552435,258048,474.92,96767818
2025-06-23,411.0,422.4,409.05,420.9,43017721,343393,125.27,13032991
2025-06-24,426.4,426.5,415.0,418.5,33807025,281931,119.91,13660105
2025-06-25,420.3,420.4,405.0,406.05,29028317,271254,107.02,13819305
2025-06-26,408.95,413.9,406.85,410.1,25730795,231793,111.01,11009070
2025-06-27,410.5,416.8,409.5,414.5,41398277,176418,234.66,28909249
2025-06-30,416.65,423.0,414.25,421.5,20350621,200199,101.65,9798877
2025-07-01,424.8,436.0,424.1,432.25,35405785,277929,127.39,9498465
2025-07-02,431.05,432.75,422.6,426.95,22843521,173189,131.9,13563793
2025-07-03,427.7,430.7,424.05,426.25,13499244,136515,98.88,5229700
2025-07-04,430.0,432.4,425.75,427.55,16618426,146579,113.38,6349343
2025-07-07,427.45,427.45,416.15,417.1,22221724,220190,100.92,11996398
2025-07-08,418.0,423.35,416.25,422.0,15970711,165889,96.27,7813789
2025-07-09,423.95,424.0,416.5,417.65,14956297,167745,89.16,10126027
2025-07-10,418.45,419.5,410.5,413.5,17914452,186003,96.31,10892874
2025-07-11,411.0,413.2,405.1,409.3,15186245,188411,80.6,7625276
2025-07-14,405.5,410.35,405.15,407.3,17844425,115458,154.55,11146919
2025-07-15,408.5,412.9,407.8,408.95,11971127,168926,70.87,5771098
2025-07-16,409.4,410.3,405.5,406.15,9173824,103540,88.6,4899670
2025-07-17,406.15,408.7,403.05,404.2,7922270,108150,73.25,4385034
2025-07-18,404.25,406.95,394.15,394.75,21172393,240000,88.22,14121280
2025-07-21,394.6,400.95,391.1,399.95,12980473,180486,71.92,6278797
2025-07-22,403.0,404.7,399.75,403.1,12447434,131654,94.55,5936743
2025-07-23,403.5,404.9,396.6,400.2,10413255,114821,90.69,5098380
2025-07-24,400.7,401.9,396.0,398.25,6767566,104913,64.51,3305732
2025-07-25,399.0,400.7,393.5,395.2,9202508,121123,75.98,3969330
2025-07-28,395.2,396.35,383.3,389.25,19856033,230057,86.31,8322871
2025-07-29,390.0,390.75,378.0,388.25,25307639,271353,93.26,10161786
2025-07-30,390.95,392.4,385.0,386.5,11335944,118424,95.72,5411658
2025-07-31,379.0,388.25,378.8,383.1,9702316,144347,67.22,4212699
2025-08-01,383.1,383.5,376.2,377.2,8702605,126934,68.56,3905333
2025-08-04,379.0,390.25,376.45,389.55,13454379,144805,92.91,5837570
2025-08-05,390.0,390.25,383.35,386.65,13482710,132167,102.01,7258597
2025-08-06,392.0,393.5,387.1,389.7,16852693,187628,89.82,6522269
2025-08-07,386.0,390.3,383.5,387.75,11520396,118056,97.58,5476398
2025-08-08,385.3,387.4,383.6,384.6,7139111,93787,76.12,3903886
2025-08-11,384.0,388.4,381.55,383.9,8910936,123840,71.96,3407951
2025-08-12,384.0,385.35,379.55,380.35,9329093,114871,81.21,3645857
2025-08-13,382.2,389.9,382.1,388.85,10930440,94008,116.27,4770985
2025-08-14,387.85,388.0,382.55,384.9,8046552,78833,102.07,3933689
2025-08-18,388.0,389.75,381.1,382.5,11778056,130700,90.12,6349529
2025-08-19,382.5,383.7,377.5,380.05,11111204,130715,85.0,5002681
2025-08-20,383.9,384.3,371.1,371.85,20289349,207434,97.81,10111169
2025-08-21,373.0,377.4,371.5,374.2,12680853,175521,72.25,6216123
2025-08-22,373.8,379.95,373.6,374.85,15246732,126864,120.18,6940818
2025-08-25,377.85,380.05,371.5,372.05,8577673,105534,81.28,4542254
2025-08-26,372.0,372.05,364.25,365.85,15718869,170452,92.22,9852634
2025-08-28,364.05,367.75,361.2,363.85,12218065,119662,102.1,7156379
2025-08-29,362.3,371.0,361.6,369.4,12739664,110187,115.62,7007210
2025-09-01,369.95,375.25,367.55,373.9,8821349,129793,67.96,4195415
2025-09-02,377.3,378.95,373.75,376.6,12169182,222370,54.72,4558087
2025-09-03,377.75,381.2,377.1,378.7,9919255,103493,95.84,5110391
2025-09-04,381.5,381.5,372.0,372.5,9288078,109905,84.51,5100485
2025-09-05,374.0,375.5,368.5,370.8,7325669,73291,99.95,3928596
2025-09-08,371.65,374.5,370.85,371.9,6897641,90960,75.83,4287199
2025-09-09,371.9,374.0,369.9,371.95,10598912,91749,115.52,5253056
2025-09-10,373.7,389.0,373.05,388.05,23174318,242957,95.38,12146890
2025-09-11,389.6,392.5,384.05,385.15,19042696,146503,129.98,9558275
2025-09-12,386.0,399.85,385.3,399.3,26356961,264036,99.82,11800512
2025-09-15,400.0,403.1,395.7,398.45,18486916,170942,108.15,8902018
2025-09-16,398.45,403.3,396.2,402.9,12467341,113164,110.17,7558676
2025-09-17,405.5,416.65,405.0,412.2,31367478,256581,122.25,13398683
