Date,Open,High,Low,Close,Volume,TOTAL_TRADES,QTY_PER_TRADE,DLV_QTY
2012-02-21,11042.6,11207.05,11042.6,11170.4,21205502,,,
2012-02-22,11160.4,11226.75,10714.05,10747.15,28065378,,,
2012-02-23,10693.75,10852.65,10621.8,10713.35,31530836,,,
2012-02-24,10691.75,10759.05,10435.55,10506.8,23993670,,,
2012-02-27,10527.65,10527.65,10073.9,10103.95,22817004,,,
2012-02-28,10179.95,10561.7,10178.85,10484.0,28033722,,,
2012-02-29,10561.75,10667.3,10340.75,10414.2,29448672,,,
2012-03-01,10385.15,10385.15,10160.25,10288.9,18747802,,,
2012-03-02,10337.7,10584.25,10192.8,10434.3,23770792,,,
2012-03-05,10406.85,10406.85,10152.1,10178.85,17289248,,,
2012-03-06,10149.8,10438,10020.45,10058.15,26227151,,,
2012-03-07,10030.25,10169.45,9939.95,10132.85,19809542,,,
2012-03-09,10286.8,10526.55,10286.8,10505.65,19796536,,,
2012-03-12,10765.95,10786.45,10543.25,10625.65,23804609,,,
2012-03-13,10707.9,10765.7,10671.45,10686.2,15278470,,,
2012-03-14,10820.4,10912.05,10768.65,10889.7,22896721,,,
2012-03-15,10894.45,10894.45,10556.4,10595.0,19707900,,,
2012-03-16,10607.75,10832.3,10348.05,10391.35,23931870,,,
2012-03-19,10440.85,10440.85,10135.25,10188.85,16950264,,,
2012-03-20,10183,10369.2,10137.8,10281.6,16683621,,,
2012-03-21,10238.65,10562.05,10217.45,10524.45,17758281,,,
2012-03-22,10525,10583.75,10135.85,10173.55,18653652,,,
2012-03-23,10249.75,10404.25,10125.75,10294.55,16594155,,,
2012-03-26,10260.2,10263.1,10013.05,10043.5,16220393,,,
2012-03-27,10171.9,10247.05,9967.55,10148.85,26405765,,,
2012-03-28,10122.05,10122.05,9901.2,9960.4,21178400,,,
2012-03-29,9859.25,9988.55,9845.4,9927.65,37262740,,,
2012-03-30,9984.8,10248.05,9981.9,10212.75,20687932,,,
2012-04-02,10186.8,10321.75,10180.95,10305.35,11953512,,,
2012-04-03,10381,10502.7,10376,10432.6,15118353,,,
2012-04-04,10345.15,10371.85,10267.95,10340.1,10494794,,,
2012-04-09,10256.65,10256.65,10113.75,10131.6,9059392,,,
2012-04-10,10169.2,10209.9,10077.05,10196.05,13411560,,,
2012-04-11,10117.25,10309.75,10060.7,10214.25,18091133,,,
2012-04-12,10250.7,10432.8,10250.7,10400.7,18998132,,,
2012-04-13,10478.25,10587.95,10235.7,10306.25,18093614,,,
2012-04-16,10274.15,10447.95,10274.15,10432.7,17248597,,,
2012-04-17,10502.65,10621.9,10248.55,10519.55,28789207,,,
2012-04-18,10585.55,10645.85,10479.5,10512.45,14516136,,,
2012-04-19,10536.95,10594.9,10438.65,10567.9,16428035,,,
2012-04-20,10538.3,10577.45,10387.05,10456.5,15316600,,,
2012-04-23,10432.6,10521.45,10206.9,10243.15,16982751,,,
2012-04-24,10275.55,10287.9,10151.8,10215.15,14901869,,,
2012-04-25,10215.85,10277.85,10043.65,10159.85,18511578,,,
2012-04-26,10171.85,10193.9,10083.5,10128.0,25244593,,,
2012-04-27,10146.1,10249.15,10029.45,10148.7,30892413,,,
2012-04-30,10210.1,10360.55,10210.1,10276.8,18097054,,,
2012-05-02,10282.7,10382.35,10278.45,10306.6,14061741,,,
2012-05-03,10231.7,10255.85,10100.25,10126.55,19322990,,,
2012-05-04,10063.5,10068.65,9757.75,9802.35,25485935,,,
2012-05-07,9664.85,9910.7,9480.5,9876.35,26921944,,,
2012-05-08,9909.4,9924.15,9526.65,9588.75,19242393,,,
2012-05-09,9517,9572.35,9340.45,9404.8,26608956,,,
2012-05-10,9411.75,9580.4,9362.1,9410.9,25688161,,,
2012-05-11,9353.45,9532.65,9296.65,9398.1,18132039,,,
2012-05-14,9412.6,9498.8,9190.3,9257.65,18464746,,,
2012-05-15,9186.45,9361.45,9166.1,9319.7,19413813,,,
2012-05-16,9184.45,9208.15,9047.05,9164.25,24476780,,,
2012-05-17,9199.5,9328.5,9113.65,9154.2,19257537,,,
2012-05-18,9013.1,9364.7,8995.25,9310.25,27484513,,,
2012-05-21,9299.9,9478.95,9299.9,9412.0,18434691,,,
2012-05-22,9510.45,9522.3,9253.05,9268.8,20800522,,,
2012-05-23,9237.35,9295.65,9157.2,9209.9,16691558,,,
2012-05-24,9277.25,9463.7,9198.75,9437.6,17715047,,,
2012-05-25,9422.45,9497,9371.55,9456.3,17859927,,,
2012-05-28,9483.1,9716.5,9483.1,9698.3,15850786,,,
2012-05-29,9734.85,9783.45,9687.65,9708.1,16032577,,,
2012-05-30,9642.2,9642.2,9514.25,9534.05,14072840,,,
2012-05-31,9414.35,9479.35,9360.05,9441.0,35010613,,,
2012-06-01,9434.45,9493.25,9252.6,9267.6,18392465,,,
2012-06-04,9174.55,9406.25,9110.45,9362.3,16540800,,,
2012-06-05,9433.25,9545.5,9400.35,9460.15,17377468,,,
2012-06-06,9519,9770.65,9519,9742.8,25844119,,,
2012-06-07,9830.5,9974.7,9787.95,9950.9,22840353,,,
2012-06-08,9969.55,10031.2,9809.95,9998.85,19700713,,,
2012-06-11,10070.15,10157.75,9934.05,9969.2,17006901,,,
2012-06-12,9899.45,10156.4,9893.35,10139.2,18716982,,,
2012-06-13,10150,10224.55,10075.2,10128.15,18300321,,,
2012-06-14,10073.5,10096.75,9813.65,9836.95,16594461,,,
2012-06-15,9881.4,10098.9,9881.4,10064.8,17343223,,,
2012-06-18,10178.85,10197.8,9695.6,9749.9,24629281,,,
2012-06-19,9730,9808,9619.15,9786.45,19759603,,,
2012-06-20,9812.85,9875.65,9764.45,9831.8,15051818,,,
2012-06-21,9795.95,10046.9,9769.3,10033.65,17716444,,,
2012-06-22,9907.35,10073.45,9873.85,10038.35,15789476,,,
2012-06-25,10068.9,10193.45,9892.8,9925.75,15992092,,,
2012-06-26,9914.8,10024.65,9901.85,9970.1,12816544,,,
2012-06-27,10025.45,10109.65,9988.5,10017.8,15644360,,,
2012-06-28,10023.9,10052.2,9950.1,10003.85,49485065,,,
2012-06-29,10105.45,10360,10105.45,10340.65,21539969,,,
2012-07-02,10366.5,10450.3,10303.65,10412.2,17585816,,,
2012-07-03,10460,10544.3,10444.3,10481.3,18408890,,,
2012-07-04,10522.4,10548.9,10482.85,10529.45,17847738,,,
2012-07-05,10520.05,10651.2,10468.75,10641.9,17941819,,,
2012-07-06,10637.95,10687.9,10547.35,10655.35,18896898,,,
2012-07-09,10594.95,10635.9,10524.75,10588.05,16270623,,,
2012-07-10,10617.05,10767.25,10615.3,10751.55,20526561,,,
2012-07-11,10701.6,10782.55,10692.95,10713.3,18954956,,,
2012-07-12,10640.15,10676,10557.35,10616.3,13933746,,,
2012-07-13,10654.9,10715.15,10568.75,10594.45,12345028,,,
2012-07-16,10614.1,10692.8,10552.7,10568.2,13922193,,,
2012-07-17,10648.7,10673.5,10518.95,10558.05,14067717,,,
2012-07-18,10569.05,10629.15,10498.6,10607.1,15783765,,,
2012-07-19,10684.4,10708.6,10606.6,10622.05,17796956,,,
2012-07-20,10622.85,10622.85,10463.4,10481.6,13231509,,,
2012-07-23,10401.7,10402.25,10254,10274.6,12619241,,,
2012-07-24,10282.65,10349.45,10237.25,10299.0,13191279,,,
2012-07-25,10286.55,10315.4,10224.75,10267.85,15459876,,,
2012-07-26,10306.5,10314.05,10056.15,10083.8,28163949,,,
2012-07-27,10256.25,10401.65,10102.75,10140.55,36508487,,,
2012-07-30,10222.55,10427.05,10222.55,10412.15,26314091,,,
2012-07-31,10462.8,10467.95,10239.7,10384.1,26427541,,,
2012-08-01,10347.8,10445.2,10324.6,10419.9,16176280,,,
2012-08-02,10408.95,10417.5,10310.85,10379.6,12871488,,,
2012-08-03,10312.8,10336.25,10209.15,10315.6,17024239,,,
2012-08-06,10426.75,10501.45,10426.75,10462.4,16993490,,,
2012-08-07,10499.7,10616.9,10463.55,10591.95,19069873,,,
2012-08-08,10621,10640.75,10511.35,10529.25,15050948,,,
2012-08-09,10572.4,10614.2,10425.15,10445.9,17571204,,,
2012-08-10,10427.35,10449.25,10272.05,10358.95,28011924,,,
2012-08-13,10339.2,10415.2,10284.05,10401.3,19607649,,,
2012-08-14,10411.55,10547.1,10387.95,10519.15,17236797,,,
2012-08-16,10537.95,10551.05,10405.7,10426.75,14740860,,,
2012-08-17,10425.85,10505.85,10354.7,10417.9,13918692,,,
2012-08-21,10436.85,10484.55,10353.85,10469.5,14490210,,,
2012-08-22,10413.95,10533.7,10401.75,10472.2,13301832,,,
2012-08-23,10508.75,10560.85,10413.3,10457.7,15610245,,,
2012-08-24,10404.5,10412.25,10318.55,10332.85,15425039,,,
2012-08-27,10338.25,10338.25,10134.4,10150.4,14231734,,,
2012-08-28,10149.95,10151.35,10022.85,10059.4,17970575,,,
2012-08-29,10077.4,10127,9998.1,10011.9,14285228,,,
2012-08-30,9978.2,10130.9,9959.05,10085.2,25221525,,,
2012-08-31,10037,10130.95,9948.7,9990.5,19255853,,,
2012-09-03,10030.85,10082.5,9941.5,9963.0,13618805,,,
2012-09-04,9967.45,10033,9916.85,10020.65,13479715,,,
2012-09-05,9965,9976.4,9814.05,9827.9,22501858,,,
2012-09-06,9846.55,9947.45,9831.35,9893.15,16506436,,,
2012-09-07,10047.15,10134.75,10036.45,10122.0,21270702,,,
2012-09-10,10153.8,10181.85,10041.25,10069.85,11634153,,,
2012-09-11,10020.75,10154.2,10006.5,10135.9,13466599,,,
2012-09-12,10176.45,10223.95,10109.6,10183.45,14266761,,,
2012-09-13,10213.85,10259.4,10171.25,10207.8,13515085,,,
2012-09-14,10408.25,10664.55,10408.25,10642.9,38851347,,,
2012-09-17,10797.1,11045.45,10797.1,10981.65,45643563,,,
2012-09-18,10949.95,11065,10922.7,11043.5,28072238,,,
2012-09-20,10907.7,11031.8,10887,10920.8,27523730,,,
2012-09-21,10973.15,11433.1,10973.15,11358.5,40748000,,,
2012-09-24,11359.3,11533.75,11359.3,11423.5,32933595,,,
2012-09-25,11450.45,11517.65,11321.2,11420.75,28715123,,,
2012-09-26,11385.7,11441.05,11322.25,11427.25,21363662,,,
2012-09-27,11466.25,11490.25,11378.35,11419.45,27637249,,,
2012-09-28,11486.55,11536.85,11437.9,11456.8,20066178,,,
2012-10-01,11462.1,11466.05,11366.4,11420.45,13624625,,,
2012-10-03,11440.2,11471.85,11361.65,11414.95,18410115,,,
2012-10-04,11460.15,11685.55,11460.15,11636.05,20856899,,,
2012-10-05,11745.2,11745.2,10043.6,11511.4,24032822,,,
2012-10-08,11530.65,11530.65,11342.85,11362.2,15284170,,,
2012-10-09,11442.75,11528.35,11373.7,11446.1,12457268,,,
2012-10-10,11380.25,11380.25,11271.15,11291.5,13858844,,,
2012-10-11,11334.9,11476.95,11244.7,11431.3,23060664,,,
2012-10-12,11469.2,11527.15,11372.1,11388.45,16212604,,,
2012-10-15,11397.7,11454.8,11288.4,11441.8,10661530,,,
2012-10-16,11495.5,11508.5,11328.25,11348.0,16854288,,,
2012-10-17,11417.1,11425.45,11302.9,11358.25,12578919,,,
2012-10-18,11406.45,11594.6,11364.2,11586.35,20705113,,,
2012-10-19,11539.05,11605.65,11424.25,11491.2,16019224,,,
2012-10-22,11422.1,11619.25,11419.4,11607.4,15917769,,,
2012-10-23,11605.8,11656.8,11534.55,11578.15,17408717,,,
2012-10-25,11542.3,11643.4,11542.3,11614.5,25243414,,,
2012-10-26,11580.85,11631.25,11468.25,11509.15,22956738,,,
2012-10-29,11506.5,11585.8,11431.95,11472.15,18025799,,,
2012-10-30,11467.2,11600.05,11173.8,11203.0,28170912,,,
2012-10-31,11204.95,11290,11125.2,11268.8,14876136,,,
2012-11-01,11266.5,11349.4,11230.2,11315.05,11943617,,,
2012-11-02,11450.65,11477.55,11394.15,11460.45,26219173,,,
2012-11-05,11449.7,11489.3,11401.3,11475.15,11184845,,,
2012-11-06,11427.95,11568.45,11427.95,11539.05,14244357,,,
2012-11-07,11545.35,11719.1,11519.6,11665.5,21617945,,,
2012-11-08,11561.35,11637.95,11533.3,11613.55,13787952,,,
2012-11-09,11608.8,11663.9,11427.2,11475.6,19604506,,,
2012-11-12,11488.1,11608.8,11462.3,11583.85,15428653,,,
2012-11-13,11585.3,11598.25,11513.4,11533.9,2504897,,,
2012-11-15,11493.1,11530.25,11419.05,11521.4,13583244,,,
2012-11-16,11487.55,11537.15,11306.05,11335.5,13780382,,,
2012-11-19,11342.65,11378.25,11256.4,11306.95,11207437,,,
2012-11-20,11373.95,11409.8,11269.7,11318.3,14734331,,,
2012-11-21,11352.2,11477.35,11303.75,11465.35,15898274,,,
2012-11-22,11497.35,11570.85,11495.05,11508.35,13754016,,,
2012-11-23,11540.6,11549,11392,11475.8,10848603,,,
2012-11-26,11534.2,11534.2,11411.1,11432.45,10227442,,,
2012-11-27,11502.2,11663.5,11502.2,11657.4,21560134,,,
2012-11-29,11706.9,12035.4,11703.25,11992.8,32109553,,,
2012-11-30,12082.55,12175.3,12001.15,12158.9,25464482,,,
2012-12-03,12126.6,12165.65,12053.45,12103.9,16419409,,,
2012-12-04,12092.75,12215.5,12075.9,12197.15,15645716,,,
2012-12-05,12240.85,12314.8,12219.3,12281.6,15888429,,,
2012-12-06,12358.35,12480.6,12142.6,12427.55,17741528,,,
2012-12-07,12462.4,12477.85,12305.65,12363.7,19816879,,,
2012-12-10,12380,12409.75,12341.15,12381.65,17825543,,,
2012-12-11,12418.95,12538.9,12238,12344.6,19636674,,,
2012-12-12,12374.7,12385.55,12271.35,12301.7,16210115,,,
2012-12-13,12337.35,12438.85,12251.05,12269.15,15851392,,,
2012-12-14,12247.25,12447.35,12242.8,12424.7,18401284,,,
2012-12-17,12403.65,12462.25,12402.7,12427.45,16692865,,,
2012-12-18,12455.7,12522.65,12197.2,12477.15,23383919,,,
2012-12-19,12514,12571.6,12455.55,12510.25,19306782,,,
2012-12-20,12514.6,12514.6,12385.1,12486.5,14902530,,,
2012-12-21,12423.6,12432.2,12288.9,12315.05,17029277,,,
2012-12-24,12363.85,12366.25,12265.75,12317.7,11707012,,,
2012-12-26,12350.25,12519,12304.7,12479.45,10972152,,,
2012-12-27,12516.05,12523.5,12436.65,12459.7,18249505,,,
2012-12-28,12494.15,12494.15,12394.15,12458.15,11781775,,,
2012-12-31,12442.85,12512.7,12427.7,12474.25,11478822,,,
2013-01-01,12549.95,12663.5,12547.15,12654.15,14463771,,,
2013-01-02,12748.85,12811.45,12748.85,12786.85,19173502,,,
2013-01-03,12828.3,12837.8,12722.45,12778.15,15299267,,,
2013-01-04,12774.8,12801.7,12684.65,12787.35,14247498,,,
2013-01-07,12837.45,12837.45,12682.8,12708.7,15376488,,,
2013-01-08,12693.6,12743.95,12632.35,12725.5,16161747,,,
2013-01-09,12724.4,12791.7,12687.95,12718.0,20803137,,,
2013-01-10,12775.25,12822.8,12697.75,12802.25,17945198,,,
2013-01-11,12832.45,12834.55,12582.65,12617.85,16288008,,,
2013-01-14,12622.05,12773.35,12609.9,12758.75,18865385,,,
2013-01-15,12766.55,12908.2,12718.4,12855.4,22098913,,,
2013-01-16,12836.2,12836.2,12616.2,12638.5,23353202,,,
2013-01-17,12608.85,12714.6,12583.35,12649.6,18933829,,,
2013-01-18,12688.15,12778.35,12624.4,12680.0,22876791,,,
2013-01-21,12678,12690.4,12608.5,12651.35,13806896,,,
2013-01-22,12640.4,12748.95,12544.4,12574.35,17986055,,,
2013-01-23,12635.25,12695.95,12509.45,12635.2,14130436,,,
2013-01-24,12624.45,12662.85,12534.25,12561.4,17182091,,,
2013-01-25,12575.85,12717.9,12535.75,12693.25,17898549,,,
2013-01-28,12705.8,12822.05,12698.85,12781.35,22657045,,,
2013-01-29,12804.4,12960.65,12685.9,12722.8,43090691,,,
2013-01-30,12754.85,12825.65,12726.65,12767.5,25435210,,,
2013-01-31,12741.3,12852.5,12688.75,12708.6,41354110,,,
2013-02-01,12718.55,12743.2,12580.85,12606.25,20519284,,,
2013-02-04,12656.85,12723.3,12515.35,12548.35,23395065,,,
2013-02-05,12426.45,12501.5,12415.15,12467.75,18651379,,,
2013-02-06,12525.4,12525.4,12396.8,12417.7,16879575,,,
2013-02-07,12372.5,12474.5,12305.45,12349.3,16832786,,,
2013-02-08,12341.45,12389.8,12245.95,12280.15,22965236,,,
2013-02-11,12298.1,12361.1,12273.65,12333.0,20471045,,,
2013-02-12,12331.4,12415.8,12301.65,12405.25,16994498,,,
2013-02-13,12424.95,12485.95,12361.9,12385.1,17581132,,,
2013-02-14,12400.65,12434,12284.5,12311.3,22406606,,,
2013-02-15,12284.45,12373.15,12256.8,12336.55,14358193,,,
2013-02-18,12353,12399.85,12329.35,12347.2,11671784,,,
2013-02-19,12347.55,12426.9,12303.7,12413.65,9960467,,,
2013-02-20,12460.4,12470.7,12351.7,12363.7,10674764,,,
2013-02-21,12295.15,12301.25,12036.45,12055.5,16289435,,,
2013-02-22,12024.4,12139.65,12024.4,12068.95,13752598,,,
2013-02-25,12119.95,12137.85,11961.5,12037.3,13701707,,,
2013-02-26,11995,11995,11808.8,11844.85,13359058,,,
2013-02-27,11882.7,11971.35,11838.35,11930.5,18069301,,,
2013-02-28,12007,12041.45,11401.2,11487.35,39740515,,,
2013-03-01,11533.05,11592.55,11458.7,11540.05,24522445,,,
2013-03-04,11515.4,11602.5,11453.1,11575.6,18066252,,,
2013-03-05,11642.8,11814.05,11623.65,11792.05,19445089,,,
2013-03-06,11871.55,11904.15,11822.35,11876.2,18382872,,,
2013-03-07,11829.2,11989.85,11819.6,11970.25,13249458,,,
2013-03-08,12008.8,12219.45,12008.8,12197.25,17634980,,,
2013-03-11,12221.5,12241.3,12130.25,12165.4,15993891,,,
2013-03-12,12150.7,12183.5,11970.9,12054.5,14228530,,,
2013-03-13,11989.55,11989.55,11754.3,11777.5,13076952,,,
2013-03-14,11772.45,12058.55,11555.45,12020.75,29589366,,,
2013-03-15,11972.75,12034.95,11749.85,11816.55,24765510,,,
2013-03-18,11679.35,11810.4,11625.6,11735.5,18870261,,,
2013-03-19,11796.2,11814.75,11416.75,11508.05,29131782,,,
2013-03-20,11491.8,11491.8,11231.75,11254.85,19888236,,,
2013-03-21,11285.65,11512.1,11209.65,11238.35,27651331,,,
2013-03-22,11275.45,11331.2,11173.35,11204.05,24270944,,,
2013-03-25,11327.4,11372.8,11097.95,11125.65,21007738,,,
2013-03-26,11067.35,11198.45,11048.4,11163.45,17353676,,,
2013-03-28,11188.95,11413.25,11080.05,11361.85,26155709,,,
2013-04-01,11414.95,11460.6,11330.85,11425.55,11678537,,,
2013-04-02,11430.85,11548.05,11361.15,11523.4,14137032,,,
2013-04-03,11512.75,11590.6,11283.4,11344.1,18106112,,,
2013-04-04,11243.2,11254.25,11105.1,11126.25,17806888,,,
2013-04-05,11120.15,11168.25,11021.4,11098.95,19214638,,,
2013-04-08,11075.85,11133.85,11002.1,11012.65,14363229,,,
2013-04-09,11085.8,11210.35,10897.15,10929.15,19808530,,,
2013-04-10,11009.45,11143.6,10888.75,11122.25,21977363,,,
2013-04-11,11220.5,11341.85,11154.05,11306.5,25146062,,,
2013-04-12,11239.15,11442.9,11236.05,11410.1,18205635,,,
2013-04-15,11357.95,11643.3,11334.75,11526.25,21163881,,,
2013-04-16,11517.9,11906.25,11515.3,11871.6,22700010,,,
2013-04-17,11924.7,12112.25,11913.95,11981.05,26760743,,,
2013-04-18,11902.55,12313,11891.95,12288.25,24912765,,,
2013-04-22,12317.4,12637.95,12317.4,12576.2,25782479,,,
2013-04-23,12601.05,12605.7,12333,12543.4,22118453,,,
2013-04-25,12632.25,12755.8,12611.5,12726.85,31048894,,,
2013-04-26,12679.3,12679.9,12470,12533.15,19407513,,,
2013-04-29,12560.35,12661.25,12508.4,12609.15,16867722,,,
2013-04-30,12638,12658.6,12402.15,12561.55,17325846,,,
2013-05-02,12554.7,12783.3,12552.85,12709.95,21532480,,,
2013-05-03,12678.9,12678.9,12364.7,12393.6,25114206,,,
2013-05-06,12358.35,12436,12188.3,12396.4,15277090,,,
2013-05-07,12404.55,12649.45,12404.55,12631.5,16629627,,,
2013-05-08,12662.1,12694.4,12514.7,12643.05,14575548,,,
2013-05-09,12663.75,12718.9,12541.8,12596.3,27927009,,,
2013-05-10,12580.4,12783.05,12580.4,12752.3,19212360,,,
2013-05-11,12730.35,12811.25,12730.35,12780.15,1303016,,,
2013-05-13,12760.45,12865.35,12546.25,12568.85,19718342,,,
2013-05-14,12567.55,12698.35,12516.1,12583.6,13920967,,,
2013-05-15,12646.35,13099.35,12646.35,13077.9,27195970,,,
2013-05-16,13022.25,13281.8,13022.25,13239.45,21488886,,,
2013-05-17,13227.8,13355.1,13116.85,13317.1,18091089,,,
2013-05-20,13332.7,13414.3,13150.3,13181.5,15518644,,,
2013-05-21,13182.2,13268.25,13038,13066.5,15732230,,,
2013-05-22,13105.1,13175.65,12932.2,13008.25,14204492,,,
2013-05-23,12907.9,12944,12594.9,12636.5,23749398,,,
2013-05-24,12756.35,12828.6,12582.5,12769.35,16871079,,,
2013-05-27,12751.5,13014.75,12735.05,12961.55,16714040,,,
2013-05-28,12951.4,13016.45,12872.9,12950.0,14080206,,,
2013-05-29,12931.35,12931.35,12773.4,12853.2,12196863,,,
2013-05-30,12738.15,12829.55,12721.45,12805.9,24654363,,,
2013-05-31,12734.3,12760.45,12453.15,12475.65,20470180,,,
2013-06-03,12453.4,12499.85,12323.6,12402.1,14657950,,,
2013-06-04,12401.7,12520.55,12252.4,12275.1,12693329,,,
2013-06-05,12252.05,12347.3,12196.75,12289.35,14839954,,,
2013-06-06,12225.35,12475.05,12184.05,12398.4,15573395,,,
2013-06-07,12347.55,12488.6,12209.25,12231.5,16644927,,,
2013-06-10,12292.65,12363.8,12017.9,12087.05,13702368,,,
2013-06-11,12007.75,12031.9,11795.45,11820.5,22478487,,,
2013-06-12,11791.1,11899.05,11732.35,11814.85,20252767,,,
2013-06-13,11693.9,11793.3,11656.9,11686.75,15788039,,,
2013-06-14,11827.35,11947.35,11803.8,11922.85,19466747,,,
2013-06-17,11928.3,11992.95,11735.25,11971.05,18764513,,,
2013-06-18,11946.2,11950.95,11795.2,11820.95,15617409,,,
2013-06-19,11798.65,11867.2,11738.7,11852.65,13690983,,,
2013-06-20,11677.35,11677.35,11347.55,11375.4,23903329,,,
2013-06-21,11323.35,11420.25,11210.75,11340.15,27180620,,,
2013-06-24,11272.2,11275.4,11134.2,11178.3,19857990,,,
2013-06-25,11213.1,11325.5,11107.8,11181.05,29636216,,,
2013-06-26,11211,11261.65,11033.75,11066.55,20644791,,,
2013-06-27,11225.5,11277.05,11164.75,11235.75,27443073,,,
2013-06-28,11367.2,11654.7,11367.2,11617.25,25527065,,,
2013-07-01,11597.45,11733.1,11597.45,11714.9,15760165,,,
2013-07-02,11703.95,11752.9,11590.5,11614.25,16195026,,,
2013-07-03,11500.3,11505.75,11322.8,11357.8,20685004,,,
2013-07-04,11389.65,11454.3,11273.6,11381.2,24263969,,,
2013-07-05,11485.85,11530.65,11418,11434.3,15515391,,,
2013-07-08,11328.2,11328.2,11176.65,11283.3,17371280,,,
2013-07-09,11365.2,11458.3,11353.05,11442.45,17127320,,,
2013-07-10,11477.55,11540.9,11317.2,11364.45,16540187,,,
2013-07-11,11541.95,11710.45,11541.95,11655.3,16770622,,,
2013-07-12,11733.05,11743.25,11589.45,11722.8,16006244,,,
2013-07-15,11678.9,11811.9,11621.75,11790.25,16069280,,,
2013-07-16,11459.4,11459.4,11209.75,11226.15,34536971,,,
2013-07-17,11264,11264,10829.75,10971.6,42534445,,,
2013-07-18,11033.5,11236.85,10837.75,11187.7,39850770,,,
2013-07-19,11223.8,11237.9,10934.25,10973.9,28778059,,,
2013-07-22,10948.4,11132.2,10948.4,11086.95,17830064,,,
2013-07-23,11218.8,11285.8,11195,11239.7,20127227,,,
2013-07-24,11018.05,11018.05,10661.3,10720.15,53956494,,,
2013-07-25,10667.05,10772.7,10594.6,10614.0,40830437,,,
2013-07-26,10701.25,10723.3,10352.95,10465.25,52076290,,,
2013-07-29,10451.85,10451.85,10310.65,10331.0,27018135,,,
2013-07-30,10339.1,10449.7,10195.5,10209.55,35138744,,,
2013-07-31,10164.65,10164.65,9863.05,10015.75,60228820,,,
2013-08-01,10130.1,10219.4,9867.6,10142.95,53399835,,,
2013-08-02,10162.15,10219.6,9958.4,9997.8,38760558,,,
2013-08-05,10031.3,10117.65,9818.5,10094.9,32459507,,,
2013-08-06,10013.6,10013.6,9660.3,9703.1,37590197,,,
2013-08-07,9713.45,9848.35,9667.55,9757.25,43422854,,,
2013-08-08,9780.55,9909.75,9724.8,9816.4,32947741,,,
2013-08-12,9849.85,9853.95,9669.1,9711.4,45689270,,,
2013-08-13,9666.55,10007.6,9582.55,9985.65,41036174,,,
2013-08-14,10010.15,10071.25,9912.35,10026.4,37464987,,,
2013-08-16,9887.9,9891.4,9420.15,9450.85,48448848,,,
2013-08-19,9425.5,9425.5,9087,9145.0,45770987,,,
2013-08-20,8939.2,9277.05,8860.15,9218.95,60849087,,,
2013-08-21,9652,9766.1,9129.25,9264.4,88354906,,,
2013-08-22,9194.85,9373.8,9005.25,9268.9,73295799,,,
2013-08-23,9322.8,9493.85,9215.85,9470.1,53547580,,,
2013-08-26,9529.7,9586.65,9294.05,9373.55,39800636,,,
2013-08-27,9208.15,9208.15,8842.5,8870.5,54297562,,,
2013-08-28,8729.25,8869.7,8366.75,8760.85,68036121,,,
2013-08-29,8897,8958.35,8759.85,8904.6,56814329,,,
2013-08-30,8891.9,9135.55,8846.55,9049.2,79306095,,,
2013-09-02,9112.8,9233.6,9086.75,9139.5,37748420,,,
2013-09-03,9220.95,9220.95,8625.4,8664.2,47745072,,,
2013-09-04,8688.65,8916.75,8605.65,8845.75,47968590,,,
2013-09-05,9253.45,9704.6,9253.45,9682.4,95347572,,,
2013-09-06,9746.65,9989.85,9568.5,9961.4,67680522,,,
2013-09-10,10084,10304.9,10084,10188.25,54667735,,,
2013-09-11,10112.65,10409.15,9980.5,10369.1,62590774,,,
2013-09-12,10338.3,10358.25,10070.95,10158.55,54840046,,,
2013-09-13,10067.15,10272.4,10037.3,10180.45,50632197,,,
2013-09-16,10418.5,10536.7,10175.05,10368.4,50013989,,,
2013-09-17,10320.85,10334.3,10223.95,10279.6,34206830,,,
2013-09-18,10327.15,10481.5,10241.95,10447.85,35045627,,,
2013-09-19,10984.5,11219.45,10984.5,11148.65,91510453,,,
2013-09-20,11163.95,11188.1,10409.8,10686.8,89815953,,,
2013-09-23,10466.3,10509.55,10177.9,10211.7,54757693,,,
2013-09-24,10063.05,10289.75,10046.7,10175.9,54962840,,,
2013-09-25,10191.85,10232.45,9919.7,10081.7,48260906,,,
2013-09-26,10091.4,10189.4,10051.2,10098.25,45278089,,,
2013-09-27,10131.65,10131.65,9883.95,9899.75,34271212,,,
2013-09-30,9783.9,9815,9587.75,9617.8,37041035,,,
2013-10-01,9685.15,9912.95,9582.75,9883.3,42985157,,,
2013-10-03,9946.3,10241.45,9888.7,10222.95,41745535,,,
2013-10-04,10171.45,10328.75,10111.75,10197.15,39283227,,,
2013-10-07,10124.15,10124.15,9877.45,10082.1,30274728,,,
2013-10-08,10418.85,10451.15,10090.6,10141.45,41846003,,,
2013-10-10,10309.2,10372.05,10199.55,10288.95,31795087,,,
2013-10-11,10423.6,10649.3,10307.9,10622.15,41438794,,,
2013-10-14,10588.95,10706.8,10550,10665.25,37489265,,,
2013-10-15,10738.2,10738.2,10339.1,10389.25,38032749,,,
2013-10-17,10406.05,10416.2,10274.35,10336.55,42007590,,,
2013-10-18,10387.3,10784,10387.3,10744.9,37464205,,,
2013-10-21,10751.7,10871.75,10700.55,10797.55,32770260,,,
2013-10-22,10743.8,10907.55,10707.85,10809.1,49088449,,,
2013-10-23,10837.05,10912.8,10732.35,10880.65,48996814,,,
2013-10-24,10839.45,11091.6,10839.45,10902.45,41760146,,,
2013-10-25,10880.85,10951.75,10797.6,10896.5,30352369,,,
2013-10-28,10924.45,11002.4,10752.35,10773.2,28172998,,,
2013-10-29,10779.65,11268.2,10669,11241.65,53630179,,,
2013-10-30,11284.85,11366.45,11211.5,11249.35,35825448,,,
2013-10-31,11211.3,11512.5,11170.05,11473.15,79514285,,,
2013-11-01,11472.2,11694.45,11443.6,11628.65,88547481,,,
2013-11-03,11678.7,11691.2,11582.65,11614.05,7221409,,,
2013-11-05,11539.75,11736.2,11462.1,11498.9,58827183,,,
2013-11-06,11510.4,11510.4,11269.95,11292.55,34778846,,,
2013-11-07,11320.85,11398.6,11024.75,11054.9,44216194,,,
2013-11-08,11011.05,11067,10841.6,10913.15,41959750,,,
2013-11-11,10786.25,10940.5,10674.5,10758.45,40181781,,,
2013-11-12,10755.65,10860.35,10543.15,10583.05,41554577,,,
2013-11-13,10469.1,10652.3,10412.05,10523.35,55024062,,,
2013-11-14,10660.65,10891.9,10660.65,10811.2,36309906,,,
2013-11-18,10962.25,11156.6,10962.25,11142.3,35564106,,,
2013-11-19,11159.05,11207.7,11107.35,11187.85,36556479,,,
2013-11-20,11127.35,11156.5,10905.55,10967.15,34278859,,,
2013-11-21,10866.3,10866.3,10657.85,10706.9,37510455,,,
2013-11-22,10796.45,10820,10630.55,10677.35,31664440,,,
2013-11-25,10780.6,11097.95,10780.6,11083.4,35908651,,,
2013-11-26,11040.65,11133.4,10893.3,10909.35,66596131,,,
2013-11-27,10941.6,10961.35,10827.75,10899.3,30064807,,,
2013-11-28,10994.25,11062.15,10843,10906.75,30946854,,,
2013-11-29,10941.6,11186.15,10941.6,11153.95,31900370,,,
2013-12-02,11180.3,11347.45,11180.3,11284.35,25882581,,,
2013-12-03,11250.7,11310.7,11174.5,11211.3,24262085,,,
2013-12-04,11158.7,11216.05,11107.75,11156.75,27829737,,,
2013-12-05,11469.35,11685.55,11469.35,11665.1,55085073,,,
2013-12-06,11648.35,11770.65,11579.5,11720.2,39336932,,,
2013-12-09,12206.95,12225.95,12007.3,12065.9,45077157,,,
2013-12-10,12041,12067.45,11774.95,11843.45,37393760,,,
2013-12-11,11747.45,11877.75,11687.6,11784.35,28285223,,,
2013-12-12,11736.25,11781.7,11622.7,11635.5,26796769,,,
2013-12-13,11483.85,11534.35,11349.85,11366.9,29829668,,,
2013-12-16,11347.2,11440.85,11309.7,11372.95,25578216,,,
2013-12-17,11412.7,11418.1,11178,11208.65,25523667,,,
2013-12-18,11129.65,11572.3,11117.45,11357.9,49401030,,,
2013-12-19,11505.55,11505.55,11040.15,11087.45,32128379,,,
2013-12-20,11117.7,11318.55,11074.55,11292.35,24691469,,,
2013-12-23,11258.65,11453.45,11258.65,11378.5,27366479,,,
2013-12-24,11399.15,11405,11287.3,11330.65,23579514,,,
2013-12-26,11335.8,11426.45,11317.45,11385.75,30304289,,,
2013-12-27,11409.25,11514.45,11409.25,11459.7,21147938,,,
2013-12-30,11532.6,11552.4,11355.05,11376.0,18523308,,,
2013-12-31,11410.25,11427.85,11316.55,11385.25,16678888,,,
2014-01-01,11418.9,11432.55,11361,11385.6,12087962,,,
2014-01-02,11383.8,11578.9,11150.2,11183.2,39939709,,,
2014-01-03,11098.25,11208,11052.6,11181.65,28242636,,,
2014-01-06,11174.35,11174.35,10996.95,11049.05,20454821,,,
2014-01-07,11097.8,11154.1,10892.15,11036.75,30270290,,,
2014-01-08,11071.75,11122.75,10988.8,11053.7,33422331,,,
2014-01-09,11068.9,11090.25,10925.15,10970.45,29447231,,,
2014-01-10,10969.35,11056.9,10788.2,10805.3,35861244,,,
2014-01-13,10814.65,11070.2,10814.65,11021.6,26061661,,,
2014-01-14,10989.15,11065.65,10922.6,10948.9,21566170,,,
2014-01-15,11000.2,11164.1,10986.1,11125.4,35896833,,,
2014-01-16,11187.35,11192.8,11070,11092.55,22843262,,,
2014-01-17,11080.1,11081.95,10893.75,10911.35,30586938,,,
2014-01-20,10909.9,11022.45,10876.25,11007.5,17586613,,,
2014-01-21,11067.05,11190.1,11036.4,11171.5,22364823,,,
2014-01-22,11164.25,11248.35,11094.8,11207.35,21618052,,,
2014-01-23,11183.75,11221.1,11122.35,11199.0,21112012,,,
2014-01-24,11063.2,11132.7,10972.1,10982.4,26145529,,,
2014-01-27,10802.3,10802.3,10520.9,10540.4,37240325,,,
2014-01-28,10541.5,10708,10333.4,10507.6,46674753,,,
2014-01-29,10609.9,10644.2,10406.95,10437.75,27896577,,,
2014-01-30,10287.85,10314.25,10101.2,10153.15,47851105,,,
2014-01-31,10193.55,10266.45,10130.3,10237.75,44121844,,,
2014-02-03,10205.45,10222.65,10089.25,10102.1,30407535,,,
2014-02-04,9983.65,10222.1,9944,10191.2,35509598,,,
2014-02-05,10215.65,10254.05,10112.5,10231.65,27701842,,,
2014-02-06,10257.1,10321.5,10107.8,10205.2,34755087,,,
2014-02-07,10311.95,10321.1,10180.85,10263.2,23139510,,,
2014-02-10,10287.35,10310.3,10187.8,10213.9,17969925,,,
2014-02-11,10242.1,10296.8,10200.6,10245.45,15230792,,,
2014-02-12,10307.6,10395.15,10307.6,10348.8,24104934,,,
2014-02-13,10360.7,10386.65,10113.8,10135.7,25803512,,,
2014-02-14,10169,10229.45,10064.75,10203.75,28283283,,,
2014-02-17,10217.15,10358,10205.8,10326.55,19999024,,,
2014-02-18,10324.35,10618.85,10296.25,10575.2,26093289,,,
2014-02-19,10548.35,10630.15,10520.3,10609.6,20190914,,,
2014-02-20,10515.3,10525.7,10419.1,10428.3,24221257,,,
2014-02-21,10429.3,10584.75,10429.3,10554.35,16427772,,,
2014-02-24,10508.95,10711.65,10471.45,10683.5,21312164,,,
2014-02-25,10742.15,10768.95,10611.75,10666.75,19064654,,,
2014-02-26,10659.2,10758.65,10659.2,10730.4,20144486,,,
2014-02-28,10793.6,10793.6,10688.95,10764.7,23184235,,,
2014-03-03,10705.45,10836.2,10613,10651.95,24141977,,,
2014-03-04,10661.4,10936.75,10661.4,10929.05,36108273,,,
2014-03-05,10987.6,11122.55,10899.4,11098.8,46407057,,,
2014-03-06,11147.6,11303.2,11117.25,11278.35,37215879,,,
2014-03-07,11357.9,11947.5,11332.6,11884.75,70896451,,,
2014-03-10,11784.55,12157.9,11784.55,12108.1,60334008,,,
2014-03-11,12132,12285.45,11994.85,12043.15,55513776,,,
2014-03-12,11997.85,12142.9,11887.75,12024.1,33138239,,,
2014-03-13,12062.35,12308.7,12062.35,12141.45,34350461,,,
2014-03-14,11984.5,12090.05,11867.15,12055.85,34689267,,,
2014-03-18,12093.2,12268.75,12052.35,12114.85,38152081,,,
2014-03-20,12160.65,12160.65,11989.95,12017.25,22772243,,,
2014-03-21,12083.45,12123.15,12043.4,12092.35,33487353,,,
2014-03-22,12111.85,12111.85,12061.65,12075.8,1617161,,,
2014-03-24,12134.65,12423,12134.65,12408.15,30968785,,,
2014-03-25,12403.65,12523.7,12394.3,12450.0,24970542,,,
2014-03-26,12529.45,12570.6,12469.15,12518.35,36244903,,,
2014-03-27,12560.9,12767.5,12513.1,12604.95,55372139,,,
2014-03-28,12693.25,12787.5,12633.3,12754.7,40065910,,,
2014-03-31,12855.5,12869.35,12660.05,12742.05,38117571,,,
2014-04-01,12806.15,12806.15,12509.95,12588.5,34822334,,,
2014-04-02,12674.35,12740.15,12542.35,12715.3,38599263,,,
2014-04-03,12749.85,12754.75,12518,12563.85,35361526,,,
2014-04-04,12523.3,12656.5,12430.85,12551.7,29591726,,,
2014-04-07,12562.35,12615.35,12439.55,12506.45,27570018,,,
2014-04-09,12593.15,12957.55,12548.45,12937.4,40087907,,,
2014-04-10,12937.4,13055.6,12881.2,12949.4,38376381,,,
2014-04-11,12822.25,12934.9,12777.95,12840.2,24950117,,,
2014-04-15,12830.5,12831.6,12537.7,12579.9,27141605,,,
2014-04-16,12557.4,12727.05,12514.75,12563.15,30570767,,,
2014-04-17,12564.55,12819.1,12514.8,12787.25,32613346,,,
2014-04-21,12845.3,13002.75,12838.85,12958.5,30119863,,,
2014-04-22,12989.55,13040.15,12913.9,12987.1,24792710,,,
2014-04-23,12961.35,13176.05,12957.9,13122.1,49608481,,,
2014-04-25,13134.5,13268.6,12968.8,13034.5,40059121,,,
2014-04-28,13038.95,13116,12927.75,13081.55,29680628,,,
2014-04-29,13107.55,13124.3,12897.35,12910.55,28067630,,,
2014-04-30,12946.1,13100.75,12738.6,12855.85,41073880,,,
2014-05-02,12920.35,12995.6,12818.85,12842.0,19439904,,,
2014-05-05,12841.4,12981.6,12773.05,12880.65,32996950,,,
2014-05-06,12961.5,13012.55,12917.15,12966.05,24624097,,,
2014-05-07,12944.9,13017,12877.75,12938.2,25758927,,,
2014-05-08,12982.75,13095.5,12952.5,13037.4,23548844,,,
2014-05-09,13023.4,13814.25,13017.9,13750.5,50618692,,,
2014-05-12,13801,14152.45,13801,14085.05,44359640,,,
2014-05-13,14269.25,14367.75,14105.65,14165.55,62513365,,,
2014-05-14,14124.55,14320.75,14063.6,14207.1,55148350,,,
2014-05-15,14186.1,14301.3,14159.1,14236.55,55346268,,,
2014-05-16,14675.6,15742.05,14468.1,14853.0,103892859,,,
2014-05-19,15032,15305.65,15032,15222.15,57768093,,,
2014-05-20,15351.65,15362.55,15087.7,15111.2,46750328,,,
2014-05-21,15126.6,15126.6,14857.5,14952.1,36914763,,,
2014-05-22,15009.9,15204.45,14938.25,15055.55,37475269,,,
2014-05-23,15091.7,15321.25,14972.6,15285.5,53883369,,,
2014-05-26,15431.95,15568.05,14969.25,15175.9,52767590,,,
2014-05-27,15141.5,15158.4,14934.95,15084.0,30637314,,,
2014-05-28,15075.6,15198.35,15032.45,15173.35,26975575,,,
2014-05-29,15169.25,15254.5,15007.5,15030.3,44813466,,,
2014-05-30,15093.1,15108.8,14709.3,14793.4,43255344,,,
2014-06-02,14786.45,15321.8,14770,15287.25,33470475,,,
2014-06-03,15335.85,15414.05,15148.5,15257.5,36314744,,,
2014-06-04,15221.3,15396.9,15171.15,15333.4,32577215,,,
2014-06-05,15250.6,15337.15,15152.4,15282.15,34685137,,,
2014-06-06,15405.75,15576.05,15320.75,15543.15,39719688,,,
2014-06-09,15625.4,15725.8,15522.85,15567.4,41916584,,,
2014-06-10,15585.4,15585.4,15337.85,15427.8,30467964,,,
2014-06-11,15436.05,15660.05,15367.6,15450.55,40211297,,,
2014-06-12,15456.25,15518.75,15293.4,15464.85,26800324,,,
2014-06-13,15506.75,15599.75,15083.9,15106.9,33036708,,,
2014-06-16,15055.2,15091.3,14858.9,15030.0,32728056,,,
2014-06-17,14982.35,15393.75,14933.25,15373.2,36260412,,,
2014-06-18,15369.5,15461.55,15128.45,15220.4,36076242,,,
2014-06-19,15282.05,15332.75,14976.15,15067.4,26241549,,,
2014-06-20,15064.45,15195.55,14978.5,14997.65,21875260,,,
2014-06-23,15014.2,15148,14940.35,15076.35,25013855,,,
2014-06-24,15142.35,15341.95,15142.35,15309.5,29137817,,,
2014-06-25,15320.95,15320.95,15221.15,15237.85,23370497,,,
2014-06-26,15247.10,15333.25,15020.65,15050.0,37291657,,,
2014-06-27,15092.25,15117.15,14946.85,14992.35,20185412,,,
2014-06-30,15059.1,15329.95,15059.1,15241.9,29758891,,,
2014-07-01,15288.8,15365.65,15261.15,15321.35,24831205,,,
2014-07-02,15464.55,15519.3,15414.85,15490.35,23653021,,,
2014-07-03,15512.75,15554.7,15431.5,15451.65,22303318,,,
2014-07-04,15458.75,15582.65,15305,15556.15,20780659,,,
2014-07-07,15589.5,15592.8,15349.2,15367.6,33216870,,,
2014-07-08,15437.4,15437.4,14889.35,14997.5,26417330,,,
2014-07-09,15008.25,15093.45,14827.1,14931.1,30659706,,,
2014-07-10,14940,15371.05,14621.95,14821.7,48099687,,,
2014-07-11,14796.9,14918.85,14406.65,14447.2,33016401,,,
2014-07-14,14508.1,14561.75,14338.65,14489.75,28201476,,,
2014-07-15,14601.85,14919.55,14601.85,14891.9,32855355,,,
2014-07-16,15033.95,15299.8,15006.45,15265.45,39301894,,,
2014-07-17,15258.95,15301.95,15156,15269.05,26113242,,,
2014-07-18,15169,15463.15,15089.3,15389.35,30493093,,,
2014-07-21,15510,15554.9,15355.35,15385.95,26138730,,,
2014-07-22,15440.35,15473.35,15306.35,15427.35,21711499,,,
2014-07-23,15513.45,15626.9,15398.7,15463.0,31130839,,,
2014-07-24,15471.35,15559.1,15410.2,15534.35,28219094,,,
2014-07-25,15494.85,15571.9,15272.45,15322.25,27779539,,,
2014-07-28,15399.5,15403.9,15162.05,15212.15,22721782,,,
2014-07-30,15256.2,15470.6,15184.65,15452.4,29165299,,,
2014-07-31,15447.9,15499.5,15233,15267.6,39207840,,,
2014-08-01,15137.6,15417.25,15096.1,15127.8,36343480,,,
2014-08-04,15242.25,15326.15,15128.1,15242.35,22936170,,,
2014-08-05,15283.6,15343.5,15105.9,15293.25,27423613,,,
2014-08-06,15209.05,15239.35,14983.5,15008.65,21257923,,,
2014-08-07,15004.85,15135.1,14956.85,14986.85,21979231,,,
2014-08-08,14831.75,14858.95,14709.1,14765.75,27150257,,,
2014-08-11,14858.75,14896.9,14807,14846.8,20923637,,,
2014-08-12,14943.8,15078.1,14850.15,15056.7,19702406,,,
2014-08-13,15007.25,15078.35,14843.8,14910.9,27185856,,,
2014-08-14,14954.2,15144.75,14940.3,15089.65,24745845,,,
2014-08-18,15099.7,15465.05,15068.35,15439.75,28413852,,,
2014-08-19,15507.05,15624.35,15469.85,15524.65,31942362,,,
2014-08-20,15566.75,15566.75,15448.9,15481.7,19905172,,,
2014-08-21,15475.5,15721.95,15462.5,15662.2,34520563,,,
2014-08-22,15699.05,15865.3,15696.3,15819.15,32028572,,,
2014-08-25,15817.55,15973.35,15625.45,15669.0,22469543,,,
2014-08-26,15530.65,15674.55,15503.4,15624.1,21077883,,,
2014-08-27,15745.6,15758.85,15669.05,15717.65,18352395,,,
2014-08-28,15758.05,15794.6,15688.15,15740.4,27074422,,,
2014-09-01,15790.25,16060.2,15790.25,16012.8,23685389,,,
2014-09-02,16049.75,16170.85,16047.3,16130.55,26315789,,,
2014-09-03,16208.55,16208.55,16048.1,16110.0,30657042,,,
2014-09-04,16102.9,16114.75,15926.65,16033.55,21703976,,,
2014-09-05,16030.45,16111,15891.75,15982.5,21486911,,,
2014-09-08,16084.2,16222.55,16049.25,16206.7,20521106,,,
2014-09-09,16171.8,16199.1,16085.7,16156.75,17489600,,,
2014-09-10,16173.5,16190.5,16053.9,16151.75,20602012,,,
2014-09-11,16197.3,16309.7,16166.85,16204.15,30041684,,,
2014-09-12,16208,16278.65,16145.7,16254.15,22583271,,,
2014-09-15,16158.65,16239.7,16106.05,16167.55,27061568,,,
2014-09-16,16160.7,16169.6,15814.65,15844.1,28607396,,,
2014-09-17,15926.85,15937.3,15799.7,15838.6,22263757,,,
2014-09-18,15778.75,16173.8,15770.8,16156.85,21551813,,,
2014-09-19,16197.5,16197.5,16064.6,16152.15,23901299,,,
2014-09-22,16052.55,16272.35,16021.15,16194.55,19099454,,,
2014-09-23,16194.4,16240.55,15894.55,15902.85,23894197,,,
2014-09-24,15883.45,15954.45,15625.85,15740.3,26015651,,,
2014-09-25,15690.5,15734.1,15213.35,15299.05,41715540,,,
2014-09-26,15262.9,15666.4,15168.4,15607.25,37253894,,,
2014-09-29,15636.45,15636.45,15420.8,15473.55,20414879,,,
2014-09-30,15441.35,15596.1,15336.7,15392.25,28367263,,,
2014-10-01,15370.7,15377.6,15270.95,15316.2,20668460,,,
2014-10-07,15214.25,15344.6,15157.7,15180.25,20601315,,,
2014-10-08,15130.35,15371.8,15130.35,15344.0,19840589,,,
2014-10-09,15434.35,15795.65,15434.35,15741.2,27780819,,,
2014-10-10,15603.45,15628.75,15439.35,15453.8,24179823,,,
2014-10-13,15360.7,15705.7,15301.65,15677.5,26082820,,,
2014-10-14,15790.95,15843.7,15560.25,15751.55,32225926,,,
2014-10-16,15690.35,15836.15,15477.05,15541.6,30855086,,,
2014-10-17,15617.35,15973.5,15603.45,15929.8,31311659,,,
2014-10-20,16259.7,16297.25,16157.05,16216.6,32100648,,,
2014-10-21,16281.95,16452.85,16269,16427.25,37131786,,,
2014-10-22,16570.4,16572.5,16365.6,16444.7,22170074,,,
2014-10-23,16508.4,16524.9,16444.05,16470.05,2960759,,,
2014-10-27,16538.9,16664.3,16470.85,16556.6,22942944,,,
2014-10-28,16607.5,16702.3,16607.5,16667.0,18058541,,,
2014-10-29,16770.2,16770.2,16596.25,16634.05,19023898,,,
2014-10-30,16606.5,16776.35,16561.35,16760.05,32012908,,,
2014-10-31,16812.45,17060.15,16783.65,17045.05,30066791,,,
2014-11-03,17087,17168.4,16934.85,17134.1,27947948,,,
2014-11-05,17201.45,17425.2,17157.8,17352.95,26884330,,,
2014-11-07,17366.85,17383.6,17202.2,17347.05,27539546,,,
2014-11-10,17364.65,17412,17203,17262.4,18619468,,,
2014-11-11,17266.25,17434.15,17220.45,17390.2,22486483,,,
2014-11-12,17461.45,17635.9,17453.45,17587.05,27093290,,,
2014-11-13,17645.3,17651,17389.65,17453.0,23662826,,,
2014-11-14,17460.55,17601.15,17410.5,17576.8,27021001,,,
2014-11-17,17571.7,17676.6,17469.25,17640.4,26928513,,,
2014-11-18,17672.85,17750.25,17601.15,17702.55,24168195,,,
2014-11-19,17739.2,17745.7,17557.1,17585.65,19839984,,,
2014-11-20,17649.35,17681.8,17546.7,17645.05,38059457,,,
2014-11-21,17767.75,18139.95,17716.65,18056.3,56331995,,,
2014-11-24,18128.6,18313.1,18119.65,18281.95,40439295,,,
2014-11-25,18261.95,18261.95,17992.5,18037.05,57611224,,,
2014-11-26,17914.35,18128.15,17890.85,17975.95,32391132,,,
2014-11-27,17988.7,18054.65,17898.4,18022.5,44024254,,,
2014-11-28,18082.4,18615.4,18082.4,18513.15,67159535,,,
2014-12-01,18586.95,18676.1,18497,18525.3,43682395,,,
2014-12-02,18434.75,18601.85,18301,18555.85,54738132,,,
2014-12-03,18549.75,18723.65,18518,18645.85,44130903,,,
2014-12-04,18758.8,18793.15,18575.35,18782.85,46278757,,,
2014-12-05,18827.6,18875.45,18706.25,18756.75,41358139,,,
2014-12-08,18804.95,18804.95,18486.55,18510.05,32475946,,,
2014-12-09,18499.95,18585.35,18248.1,18290.65,39683603,,,
2014-12-10,18183.1,18532.9,18183.1,18462.95,47192327,,,
2014-12-11,18427.5,18529.65,18218.4,18405.0,45844918,,,
2014-12-12,18413.7,18501.75,18236.55,18299.75,38148580,,,
2014-12-16,18249,18308.95,17776.35,17830.55,63860864,,,
2014-12-17,17762.25,18051.85,17502.45,17865.75,81367367,,,
2014-12-18,18238,18356.3,18109.35,18326.6,56245826,,,
2014-12-19,18545.7,18563.6,18413.75,18478.9,63612345,,,
2014-12-22,18562.35,18801.15,18424,18747.35,39132217,,,
2014-12-23,18746.8,18923.6,18558.5,18603.75,41066755,,,
2014-12-24,18582.75,18709.15,18493.3,18535.35,54661971,,,
2014-12-26,18602.55,18681.75,18448.6,18557.2,29898270,,,
2014-12-29,18589.6,18700.7,18501.05,18528.35,26414596,,,
2014-12-30,18573.25,18671.95,18428.1,18647.55,33793298,,,
2014-12-31,18659.6,18774.2,18659.6,18736.65,27006490,,,
2015-01-01,18728.2,18781.55,18638.85,18750.45,20469847,,,
2015-01-02,18752.2,19118.85,18752.2,19057.8,41288039,,,
2015-01-05,19155.2,19166,18987.7,19017.4,36318747,,,
2015-01-06,18874.6,18874.6,18388.35,18430.75,52069776,,,
2015-01-07,18382.55,18482.05,18211.5,18304.25,58241387,,,
2015-01-08,18587.1,18752.3,18486.2,18701.4,47744703,,,
2015-01-09,18845.9,18864,18479.65,18637.25,51848548,,,
2015-01-12,18632,18822.05,18530.1,18795.85,35089936,,,
2015-01-13,18889,18920.65,18642.8,18707.2,44597947,,,
2015-01-14,18670.4,18769.65,18517.9,18603.8,41590949,,,
2015-01-15,19340.45,19410.4,19061.35,19235.65,86507935,,,
2015-01-16,19274.15,19275.8,19108.35,19223.15,64054519,,,
2015-01-19,19345.65,19434.2,19299.1,19406.05,43457730,,,
2015-01-20,19446.8,19808.25,19446.8,19767.05,53748223,,,
2015-01-21,19811.85,19964.95,19803.15,19843.25,70754102,,,
2015-01-22,19898.5,19964.25,19788.7,19917.65,48970464,,,
2015-01-23,20133.85,20167.65,19967.35,20072.7,60572191,,,
2015-01-27,20179.8,20609.25,20098.25,20555.25,54239370,,,
2015-01-28,20507.5,20907.55,20435,20491.75,67840741,,,
2015-01-29,20475.7,20579,20338.95,20528.6,74660443,,,
2015-01-30,20600.65,20600.65,19732.45,19843.75,120252455,,,
2015-02-03,19941.7,19963.7,19303.5,19382.95,107824150,,,
2015-02-04,19423.25,19423.25,19113.35,19174.0,81360048,,,
2015-02-05,19170.15,19444.65,18977.9,19051.9,70976148,,,
2015-02-06,19066.25,19119.7,18740.35,18786.7,72602607,,,
2015-02-09,18650,18667.05,18379.6,18403.85,60429342,,,
2015-02-10,18242.95,18933.7,18226.9,18752.5,95139429,,,
2015-02-11,18890.75,19051.8,18890.75,18940.8,56943797,,,
2015-02-12,19073.45,19176.8,18739.85,19128.6,71078575,,,
2015-02-13,19284.3,19441,19164.25,19369.7,114369392,,,
2015-02-16,19518.85,19532.7,19127.15,19189.95,57732371,,,
2015-02-18,19226.4,19389.8,19171.9,19296.5,46736878,,,
2015-02-19,19296.15,19377.45,18876.25,19188.3,53870593,,,
2015-02-20,19157.3,19307.8,18882.25,19073.55,63838362,,,
2015-02-23,19199.15,19219.75,18835.35,18913.4,51088766,,,
2015-02-24,18940.45,19022.15,18737.75,18883.8,59152218,,,
2015-02-25,18969.2,19069.15,18700.2,18733.05,54229904,,,
2015-02-26,18781.4,18795.1,18489.6,18538.1,76878910,,,
2015-02-27,18659.65,19114.45,18654.85,19074.55,69819276,,,
2015-02-28,19306.5,19776.9,19023.55,19691.2,100390043,,,
2015-03-02,19954.5,20065.5,19750.85,20008.1,76974161,,,
2015-03-03,20043.4,20043.4,19821.55,19961.2,58340797,,,
2015-03-04,20541.65,20541.65,19555.1,19643.9,118684182,,,
2015-03-05,19605.6,19830.35,19398.75,19748.0,59875106,,,
2015-03-09,19545.25,19545.25,19112.65,19145.55,53042357,,,
2015-03-10,19170.3,19271.8,18915.1,19054.4,57599232,,,
2015-03-11,19050.3,19181.8,18917.9,19044.0,55360126,,,
2015-03-16,18786.65,18912.85,18688,18837.35,48153899,,,
2015-03-17,18961.3,19121.85,18781.5,19058.25,47743992,,,
2015-03-18,19080.25,19234.4,18937.25,19147.25,59060854,,,
2015-03-19,19345.7,19373.45,18739.85,18811.15,51683013,,,
2015-03-20,18778.80,18782.95,18541.50,18606.35,62962667.00,,,
2015-03-23,18695.05,18696.7,18409.9,18449.0,42987120,,,
2015-03-24,18348.35,18546.25,18289.75,18331.45,62690934,,,
2015-03-25,18364.3,18433,18271.6,18310.1,53985052,,,
2015-03-26,18138.8,18224.1,17729.1,17831.65,104061184,,,
2015-03-27,18013.65,18092.4,17719.35,18044.8,79498523,,,
2015-03-30,18160.2,18393.25,18089.45,18361.8,50868224,,,
2015-03-31,18424.1,18494.35,18158.55,18206.65,57948741,,,
2015-04-01,18204.55,18668.85,18131.4,18617.85,45673069,,,
2015-04-06,18702.6,18702.6,18455.2,18605.45,47587506,,,
2015-04-07,18666.6,18669.6,18351.8,18469.3,53179556,,,
2015-04-08,18559.55,18595.6,18381.55,18416.6,45753359,,,
2015-04-09,18523.35,18894.75,18401.45,18875.85,72684119,,,
2015-04-10,18869.85,18896.5,18724.95,18800.85,54223553,,,
2015-04-13,18842.25,18890.65,18708.3,18798.25,43773210,,,
2015-04-15,18848.65,19038.5,18615.85,18716.3,66391246,,,
2015-04-16,18731.65,18731.65,18504.7,18637.05,55609375,,,
2015-04-17,18618.5,18625.75,18321.75,18345.55,57298263,,,
2015-04-20,18386.25,18500.3,17984.65,18112.75,57294278,,,
2015-04-21,18102.3,18328.35,18036.9,18105.75,53177130,,,
2015-04-22,18196.85,18297.2,17798.65,18243.7,61974250,,,
2015-04-23,18350.35,18433.8,18143.75,18245.6,56980744,,,
2015-04-24,18290.75,18290.75,17916.8,18001.9,52289660,,,
2015-04-27,18063.6,18075.7,17738.9,17767.6,66541958,,,
2015-04-28,17766.55,18320.1,17766.55,18246.25,77448235,,,
2015-04-29,18255.8,18431.9,18202.4,18302.65,60010265,,,
2015-04-30,18318.85,18430.05,18163.9,18338.1,92163016,,,
2015-05-04,18417.5,18586.3,18350.95,18501.3,38833685,,,
2015-05-05,18500,18563.05,18396.8,18471.45,39419171,,,
2015-05-06,18436.9,18580.1,17757.7,17799.55,66730522,,,
2015-05-07,17751.4,17751.4,17246.55,17376.9,60253207,,,
2015-05-08,17600.25,17907.5,17600.25,17796.6,88963421,,,
2015-05-11,17921.15,18240.65,17841.75,18199.75,108498669,,,
2015-05-12,18193.55,18193.55,17597.75,17628.65,69364982,,,
2015-05-13,17779.25,18127.80,17650.35,18097.45,63573496,,,
2015-05-14,18071.00,18156.95,17806.10,18116.2,54448233,,,
2015-05-15,18178.40,18260.30,18108.55,18183.15,63070882,,,
2015-05-18,18274.6,18439.7,18213.75,18422.95,46167235,,,
2015-05-20,18432.6,18619.6,18432.6,18555.15,42764836,,,
2015-05-21,18593.85,18603.8,18398.65,18513.15,51708394,,,
2015-05-22,18560.85,18755.45,18354.55,18433.3,110163572,,,
2015-05-25,18405.05,18475.55,18302.5,18324.85,52100958,,,
2015-05-26,18339.1,18378.2,18226,18329.3,35176215,,,
2015-05-27,18299.65,18561.5,18236.25,18538.85,47772490,,,
2015-05-28,18562.75,18639.65,18381.75,18449.2,78588818,,,
2015-05-29,18486.4,18751.2,18461.45,18721.35,58085375,,,
2015-06-01,18721.15,18832.5,18598.7,18617.0,35755937,,,
2015-06-02,18656.05,18656.05,17932.3,17977.3,66799306,,,
2015-06-03,17978.15,17978.15,17567.2,17721.4,73475921,,,
2015-06-04,17757.35,17777.9,17469.65,17719.2,68045447,,,
2015-06-05,17679.9,17786.5,17506.25,17549.25,59916302,,,
2015-06-08,17542.5,17561.4,17358.45,17432.6,61733263,,,
2015-06-09,17413.45,17560.5,17392.95,17489.9,57344058,,,
2015-06-10,17485.9,17782,17485.9,17707.25,49732467,,,
2015-06-11,17819.6,17821.9,17264.2,17304.4,75497870,,,
2015-06-12,17298.45,17551.35,17174.7,17523.55,56900277,,,
2015-06-15,17499.35,17579,17366.15,17458.7,51230225,,,
2015-06-16,17368.45,17651.9,17293.45,17602.45,47541970,,,
2015-06-17,17681.2,17692.55,17533.45,17584.05,50116633,,,
2015-06-18,17661.9,17797.35,17630.65,17733.55,53456551,,,
2015-06-19,17758.95,17935.3,17730.7,17880.85,45309746,,,
2015-06-22,17956.55,18420.95,17950.6,18334.5,61419191,,,
2015-06-23,18414.55,18499.6,18287.25,18391.35,61660708,,,
2015-06-24,18403.9,18499.75,18304.95,18365.55,50177396,,,
2015-06-25,18312.85,18539.15,18278.7,18492.9,83574982,,,
2015-06-26,18461.6,18461.6,18199.25,18371.5,51902054,,,
2015-06-29,17962.5,18291.75,17821.9,18241.25,56450814,,,
2015-06-30,18204.85,18342.5,18086.8,18296.1,57085356,,,
2015-07-01,18275.6,18629.15,18261.9,18581.6,58558613,,,
2015-07-02,18605.1,18642.85,18513.3,18585.55,46594751,,,
2015-07-03,18535.7,18756.65,18535.7,18729.65,37531821,,,
2015-07-06,18488.35,18855.9,18417.35,18825.15,42769838,,,
2015-07-07,18794.1,18980.65,18713.15,18798.5,46335758,,,
2015-07-09,18442.15,18584,18409.2,18508.7,40159309,,,
2015-07-10,18584.95,18767.8,18534.55,18719.8,47365522,,,
2015-07-13,18753.8,18929.2,18657.6,18893.55,44253570,,,
2015-07-14,18913.75,18940.85,18734.4,18780.2,41870853,,,
2015-07-15,18801.5,18894.9,18773.9,18816.25,39321890,,,
2015-07-16,18870.5,19195.4,18867.5,19168.05,59754376,,,
2015-07-17,19175.3,19229.05,19069.3,19094.7,37799797,,,
2015-07-20,19126.1,19149.05,18852.7,19032.7,57348699,,,
2015-07-21,19042.95,19101.5,18702.45,18723.4,40091629,,,
2015-07-22,18683.3,19038.15,18613.6,18997.0,45250592,,,
2015-07-23,18990.85,19091.45,18819.25,18865.0,41291991,,,
2015-07-24,18832.45,18860.75,18613.55,18635.85,59850422,,,
2015-07-27,18566.55,18566.55,18187.45,18213.05,48338057,,,
2015-07-28,18250.65,18379.1,18174.2,18282.8,92774462,,,
2015-07-29,18331.55,18383.65,18264.3,18323.4,54583692,,,
2015-07-30,18383,18521.75,18367.2,18440.4,106468416,,,
2015-07-31,18489.85,18828.85,18474.8,18729.85,117407559,,,
2015-08-03,18782.65,19016.4,18782.65,18914.7,94100555,,,
2015-08-04,18968.25,19067.35,18758.9,18972.6,104132738,,,
2015-08-05,19047.3,19103.7,18868.65,18928.55,67018432,,,
2015-08-06,18946.3,19100.55,18830.4,19029.35,59517717,,,
2015-08-07,18992.8,19019.65,18849.15,18893.55,41653570,,,
2015-08-10,18926.1,19071.35,18781.3,18875.0,43121213,,,
2015-08-11,18918.55,18918.55,18555.5,18616.9,76413031,,,
2015-08-12,18515.2,18515.2,18034.75,18059.75,68321743,,,
2015-08-13,18211.5,18359.25,18080.5,18175.4,56495503,,,
2015-08-14,18275.5,18766,18193.1,18723.6,68472344,,,
2015-08-17,18763.05,18896.45,18580.65,18822.05,122687958,,,
2015-08-18,18862.15,18874.1,18595.5,18780.85,81705775,,,
2015-08-19,18753.45,18803.5,18636.1,18703.25,54367547,,,
2015-08-20,18533.25,18711.35,18219.9,18283.1,76744606,,,
2015-08-21,17978.25,18118.8,17842.1,18057.2,86612685,,,
2015-08-24,17446.35,17446.35,16740.7,16811.8,138307572,,,
2015-08-25,17084.15,17269.15,16670.55,17192.75,123179428,,,
2015-08-26,17113.1,17172.2,16875.5,16917.65,83956178,,,
2015-08-27,17175.65,17249.5,17061.85,17214.4,115472196,,,
2015-08-28,17425.3,17569.8,17099.8,17211.95,76587431,,,
2015-08-31,17137.25,17353.3,17028.9,17146.55,69185388,,,
2015-09-01,16983.8,16983.8,16436.85,16530.3,82805160,,,
2015-09-02,16703.95,16714.5,16218.65,16252.7,92263285,,,
2015-09-03,16404.95,16607.4,16320.55,16555.4,67618554,,,
2015-09-07,16222.2,16273.35,15762.2,15790.1,70985097,,,
2015-09-08,15888.5,16419,15819.55,16350.95,82216809,,,
2015-09-09,16658.35,16781.55,16462.45,16631.5,86171475,,,
2015-09-10,16351.75,16711.55,16192.25,16597.65,62602462,,,
2015-09-11,16682.25,16781.15,16518.8,16612.6,62307225,,,
2015-09-14,16596.5,16937.9,16525.15,16911.8,50037659,,,
2015-09-15,16905.8,16919.45,16681.55,16739.55,62041195,,,
2015-09-16,16885.2,17015.75,16780.15,16964.85,56132969,,,
2015-09-18,17184.25,17602,17156.2,17409.15,101963107,,,
2015-09-21,17186.05,17571.3,17178.85,17542.9,54440559,,,
2015-09-22,17574.6,17652.35,16946.25,17031.15,66788167,,,
2015-09-23,16783.8,17309.7,16759,17255.3,62555647,,,
2015-09-24,17206.1,17283.1,17070.55,17196.65,57933912,,,
2015-09-28,17286.25,17384.75,17073.95,17100.3,44270111,,,
2015-09-29,16859.75,17461.35,16648.3,17281.2,121822683,,,
2015-09-30,17404.75,17449.85,17100.2,17216.3,69972702,,,
2015-10-01,17362.95,17390.6,17111.65,17150.2,47938874,,,
2015-10-05,17373.55,17699.75,17362.7,17674.05,63887128,,,
2015-10-06,17822.7,17827.15,17493.75,17605.35,54328513,,,
2015-10-07,17577.5,17674.55,17500.35,17616.8,50519627,,,
2015-10-08,17622.85,17622.85,17401.2,17474.3,50874056,,,
2015-10-09,17640.4,17749.55,17498.45,17590.25,56206754,,,
2015-10-12,17642.6,17759.8,17546.95,17583.15,51852861,,,
2015-10-13,17530.55,17632.25,17473.7,17554.85,42876621,,,
2015-10-14,17453,17598.1,17434.05,17543.25,36203784,,,
2015-10-15,17604.45,17752.7,17582.85,17686.1,45583753,,,
2015-10-19,17911.65,17954.9,17817.95,17855.05,33082057,,,
2015-10-20,17843.65,17940.4,17755.65,17830.25,43600373,,,
2015-10-21,17814.55,17891.75,17565.35,17710.55,75991251,,,
2015-10-23,17859.75,17980.5,17852.55,17934.05,52769531,,,
2015-10-26,18027.1,18029.05,17798.65,17815.05,48475058,,,
2015-10-27,17738.45,17855.35,17738.45,17806.3,44418165,,,
2015-10-28,17589.35,17682.45,17281.4,17373.15,88770165,,,
2015-10-29,17388.4,17400.2,17178.85,17212.2,83585173,,,
2015-10-30,17249.9,17399.1,17170.35,17354.5,76279136,,,
2015-11-02,17351.45,17372.25,17208.95,17340.6,48711521,,,
2015-11-03,17436.5,17466.2,17265.05,17325.6,44370782,,,
2015-11-04,17449,17449,17175.65,17221.05,41020104,,,
2015-11-05,17166.45,17166.45,16957.35,16995.1,46706567,,,
2015-11-06,17003,17143.6,16911.6,17086.5,120185655,,,
2015-11-09,16667.9,17069,16587.25,17003.0,80562033,,,
2015-11-10,16895.2,17047.3,16805.05,16836.0,60864871,,,
2015-11-11,16944.7,17016.8,16935.9,16956.0,10972178,,,
2015-11-13,16829.3,16962.55,16741.8,16932.85,47160823,,,
2015-11-16,16881.65,17230.5,16855.5,17184.9,50710286,,,
2015-11-17,17302.55,17302.55,17028.2,17140.45,53695877,,,
2015-11-18,17108.9,17186.7,16787.55,16812.1,44250311,,,
2015-11-19,16944.35,17110.35,16874.7,17071.9,42911555,,,
2015-11-20,17022.7,17262.85,16931.3,17055.6,56529641,,,
2015-11-23,17120.25,17126.35,16969.35,17060.25,45465543,,,
2015-11-24,17012.85,17108.4,16964.9,16988.65,39690936,,,
2015-11-26,16988.2,17111.45,16972.6,17036.55,74810537,,,
2015-11-27,17095.2,17403.65,17049.55,17370.95,70130117,,,
2015-11-30,17336.25,17498.35,17336.25,17430.4,57553672,,,
2015-12-02,17457.15,17470.85,17164,17218.5,40854274,,,
2015-12-03,17137.8,17219,17080.25,17110.1,41691597,,,
2015-12-04,17009.45,17009.45,16880.35,16897.3,47280436,,,
2015-12-07,17018,17031.85,16921.75,16947.0,34913097,,,
2015-12-08,16888.65,16943.05,16783.65,16801.15,43130595,,,
2015-12-09,16762.15,16868.6,16626.55,16660.75,41301150,,,
2015-12-10,16697.2,16745.25,16573.15,16711.05,50821530,,,
2015-12-11,16751.35,16758.7,16260.1,16342.5,79358482,,,
2015-12-14,16212.4,16440.85,16205.8,16350.65,60757601,,,
2015-12-15,16342.35,16425.15,16188.05,16398.65,56408351,,,
2015-12-16,16464.5,16640.4,16363.9,16579.4,67659792,,,
2015-12-17,16704.05,16771.8,16544.65,16741.5,72117905,,,
2015-12-18,16719.45,16737.7,16572.75,16594.3,68363392,,,
2015-12-21,16593.4,16848.6,16580.65,16825.15,43038799,,,
2015-12-22,16810.7,16946.1,16704.15,16749.2,55650655,,,
2015-12-23,16828.35,16913.15,16812.5,16882.5,37200425,,,
2015-12-24,16926.95,16939.6,16756.9,16811.0,27091752,,,
2015-12-28,16843.4,17019,16843.4,16979.15,41135712,,,
2015-12-29,16988.3,17045.55,16921.15,16991.45,36299594,,,
2015-12-30,16997.5,17011.3,16889.05,16917.9,40935766,,,
2015-12-31,16916.05,16972.25,16896.65,16922.2,59187548,,,
2016-01-01,16932.5,17067.45,16824.05,17039.25,29215687,,,
2016-01-04,16966.35,16966.35,16575.45,16599.15,52324127,,,
2016-01-05,16652.05,16670.2,16474.85,16542.5,53646729,,,
2016-01-06,16505.45,16614.95,16377.65,16433.15,55221322,,,
2016-01-07,16256.55,16256.55,16049.75,16073.85,76230933,,,
2016-01-08,16135.4,16229,16104.1,16142.65,53483569,,,
2016-01-11,15979.05,16156.8,15840.6,16016.25,67298931,,,
2016-01-12,16080.4,16080.4,15699.4,15734.8,98499719,,,
2016-01-13,15835.05,15956.25,15532.25,15871.85,113380181,,,
2016-01-14,15612.1,15803.2,15453.4,15609.8,81791556,,,
2016-01-15,15621.85,15650.7,15154.35,15206.3,98894244,,,
2016-01-18,15165.2,15270.4,14956.95,15020.8,121191177,,,
2016-01-19,15086.75,15338.2,15086.75,15269.65,85097353,,,
2016-01-20,15059.5,15533.45,14754.65,14935.5,92651950,,,
2016-01-21,15132.2,15364.6,14918.15,15101.2,109781594,,,
2016-01-22,15343.15,15575.65,15274.9,15497.55,87614131,,,
2016-01-25,15667,15682.65,15495.1,15561.15,66198778,,,
2016-01-27,15648.4,15673.95,15442.2,15534.6,68640342,,,
2016-01-28,15569.55,15572.2,15349.75,15381.45,85676389,,,
2016-01-29,15140.15,15554.9,15136.85,15522.4,137127980,,,
2016-02-01,15547.75,15565.5,15281.35,15314.45,101914265,,,
2016-02-02,15353.6,15463.45,15018.85,15068.0,117353243,,,
2016-02-03,14897.4,14947.8,14777.75,14834.05,84639389,,,
2016-02-04,14969.2,14978.35,14761.4,14869.15,91114395,,,
2016-02-05,14928.25,15211.9,14890.9,15162.05,97272505,,,
2016-02-08,15206.3,15367.9,14960.1,15046.8,89200251,,,
2016-02-09,14830.4,14964.9,14760.8,14875.1,104650249,,,
2016-02-10,14740.2,14779.15,14490.2,14588.45,125483478,,,
2016-02-11,14518.65,14530.8,13969.85,14028.55,177103186,,,
2016-02-12,14088.6,14154.55,13810.6,13971.5,159082790,,,
2016-02-15,14120.9,14548.15,14120.5,14445.0,173684225,,,
2016-02-16,14602.25,14602.25,14136.8,14166.45,122479893,,,
2016-02-17,14165.25,14186.1,13892.1,14119.85,132908648,,,
2016-02-18,14301.75,14385.65,14180.9,14298.15,108987470,,,
2016-02-19,14243.45,14395.85,14207.35,14344.2,99325491,,,
2016-02-22,14331.2,14467.15,14322.65,14384.8,68267346,,,
2016-02-23,14373.3,14373.3,13961.75,14008.35,81430644,,,
2016-02-24,13873.7,13974.5,13760.25,13794.05,92126868,,,
2016-02-25,13844.45,13844.45,13519.9,13555.7,107787803,,,
2016-02-26,13715.1,13889.25,13595.2,13791.45,102344200,,,
2016-02-29,13818.9,14222.3,13407.25,13946.4,262463001,,,
2016-03-01,14064.8,14445.7,14064.8,14412.9,99318596,,,
2016-03-02,14770.35,15138.7,14767.3,15092.45,176235867,,,
2016-03-03,15150.05,15206.25,15000.05,15177.75,106177314,,,
2016-03-04,15243.75,15451.75,15005.5,15339.2,131358681,,,
2016-03-08,15323.45,15326.65,15066.5,15146.5,93409280,,,
2016-03-09,15022.35,15331.25,14989.4,15279.05,103166377,,,
2016-03-10,15347.45,15354.15,15098.5,15180.65,71231660,,,
2016-03-11,15133.75,15343.55,15024.8,15168.2,76974856,,,
2016-03-14,15309.05,15416.15,15220.15,15277.8,62568481,,,
2016-03-15,15310.45,15386.85,15268.1,15326.8,75740344,,,
2016-03-16,15304.35,15489.5,15178.3,15461.7,80437373,,,
2016-03-17,15622.3,15704.75,15312.5,15444.0,103772808,,,
2016-03-18,15485.8,15678.55,15456.2,15654.85,71783060,,,
2016-03-21,15735.55,15945.8,15735.55,15926.1,73595488,,,
2016-03-22,15930.45,15967.85,15779.15,15936.0,58606010,,,
2016-03-23,15884.25,15919.6,15799.95,15887.75,64078807,,,
2016-03-28,15867.75,15890.7,15522.2,15604.9,83527683,,,
2016-03-29,15583.1,15774.1,15580.8,15666.25,69537187,,,
2016-03-30,15829.6,16167.5,15762.2,16134.85,93824682,,,
2016-03-31,16134.4,16282.75,16062.05,16141.65,161944757,,,
2016-04-01,16099.65,16235.80,16020.60,16174.9,90417981,,,
2016-04-04,16236.90,16278.50,16046.50,16190.6,72458835,,,
2016-04-05,16127.45,16147.15,15659.75,15695.0,125878076,,,
2016-04-06,15750.15,15768.55,15578.55,15636.95,71126678,,,
2016-04-07,15668.95,15726.60,15458.05,15530.75,70929338,,,
2016-04-08,15519.30,15642.70,15483.05,15568.35,53833509,,,
2016-04-11,15623.35,15853.85,15440.25,15818.5,72003720,,,
2016-04-12,15809.10,15958.80,15794.15,15880.2,66751340,,,
2016-04-13,16087.95,16349.70,16080.55,16278.55,84613287,,,
2016-04-18,16328.70,16330.55,16011.90,16222.7,63260117,,,
2016-04-20,16299.50,16386.35,16160.55,16349.7,85634855,,,
2016-04-21,16526.55,16769.55,16526.55,16637.15,149128885,,,
2016-04-22,16641.05,16755.85,16549.10,16703.4,117886991,,,
2016-04-25,16746.95,16767.90,16605.00,16678.65,80059352,,,
2016-04-26,16647.75,17029.85,16572.00,17002.55,104748280,,,
2016-04-27,16869.35,16995.00,16827.35,16872.95,127303882,,,
2016-04-28,16885.80,17023.35,16692.70,16716.9,136491989,,,
2016-04-29,16712.95,16841.30,16527.55,16795.0,138730300,,,
2016-05-02,16614.00,16674.15,16519.55,16543.0,101321996,,,
2016-05-03,16570.75,16719.40,16358.40,16388.7,90747922,,,
2016-05-04,16320.10,16465.60,16250.50,16274.25,114513664,,,
2016-05-05,16292.40,16398.25,16193.70,16281.0,90435449,,,
2016-05-06,16264.45,16346.25,16186.25,16296.6,74991308,,,
2016-05-09,16357.00,16712.90,16357.00,16686.1,75762620,,,
2016-05-10,16710.05,16812.20,16613.90,16784.95,82060322,,,
2016-05-11,16544.25,16861.95,16518.75,16754.45,110386461,,,
2016-05-12,16881.25,16962.00,16779.50,16923.7,86110726,,,
2016-05-13,16891.70,16891.70,16594.55,16716.9,89058321,,,
2016-05-16,16744.15,16780.05,16431.65,16737.55,126894276,,,
2016-05-17,16818.40,16903.35,16738.70,16762.75,99004259,,,
2016-05-18,16671.70,16759.05,16556.60,16728.95,130870012,,,
2016-05-19,16725.45,16726.15,16535.75,16565.25,87516244,,,
2016-05-20,16600.80,16623.20,16455.40,16481.45,73956019,,,
2016-05-23,16560.15,16604.15,16368.00,16407.55,69309872,,,
2016-05-24,16422.35,16501.05,16368.6,16456.65,60212588,,,
2016-05-25,16600.65,17025.85,16599.05,16997.45,86513208,,,
2016-05-26,17037.6,17424.05,16971.35,17359.3,134389985,,,
2016-05-27,17348.35,17543.3,17327.65,17511.8,163233119,,,
2016-05-30,17580.85,17666.05,17484.8,17520.65,96747582,,,
2016-05-31,17615.1,17648.25,17462.2,17620.9,115964022,,,
2016-06-01,17670.85,17670.85,17392.85,17423.45,99164561,,,
2016-06-02,17405.15,17596.4,17350.45,17567.8,78335336,,,
2016-06-03,17657.2,17762.05,17649.05,17680.8,89366456,,,
2016-06-06,17710.45,17754.15,17636.9,17671.4,81251372,,,
2016-06-07,17796.55,18000.95,17713.35,17948.15,167578972,,,
2016-06-08,17976.25,17995.8,17855.2,17946.8,123360967,,,
2016-06-09,17955.8,17986.15,17801.55,17887.7,107528433,,,
2016-06-10,17830.2,18051.5,17815.25,17828.6,94174779,,,
2016-06-13,17620.55,17666.55,17527.55,17593.95,72871679,,,
2016-06-14,17698.95,17719.85,17575.95,17672.4,94796689,,,
2016-06-15,17746.05,17943.65,17659.6,17917.9,119252898,,,
2016-06-16,17827.60,17827.60,17545.80,17671.3,132625249,,,
2016-06-17,17772.3,17843.15,17590.75,17696.05,91953442,,,
2016-06-21,17761.65,17763.30,17585.65,17619.1,73724929,,,
2016-06-22,17610.10,17755.25,17518.15,17626.05,68941887,,,
2016-06-23,17630.80,17907.50,17611.00,17892.45,71430195,,,
2016-06-24,17213.85,17459.20,16946.35,17426.05,164607648,,,
2016-06-27,17346.30,17611.20,17346.30,17514.95,89947886,,,
2016-06-28,17497.00,17626.70,17481.50,17561.55,73838256,,,
2016-06-29,17643.65,17728.95,17580.50,17689.9,60629596,,,
2016-06-30,17825.30,17975.05,17795.90,17935.4,118532313,,,
2016-07-01,18019.70,18074.95,17955.30,17985.65,69395415,,,
2016-07-04,18091.75,18146.35,18054.80,18097.65,88028823,,,
2016-07-05,18122.40,18124.10,17989.60,18004.25,71760436,,,
2016-07-07,18036.30,18146.55,17997.10,18084.9,66110768,,,
2016-07-08,18078.05,18079.20,17910.90,18016.25,71384178,,,
2016-07-11,18268.15,18409.45,18243.30,18390.95,95542728,,,
2016-07-12,18527.85,18684.45,18464.15,18667.6,119959659,,,
2016-07-13,18704.90,18711.60,18546.25,18618.95,91794140,,,
2016-07-14,18633.50,18880.90,18580.20,18863.75,119591064,,,
2016-07-15,18887.90,19016.10,18772.45,18953.65,98893700,,,
2016-07-18,18998.30,19158.00,18885.00,18923.4,89841318,,,
2016-07-19,18970.15,19030.05,18833.60,18905.15,119764169,,,
2016-07-20,18896.80,19016.25,18886.30,18968.2,76186713,,,
2016-07-21,18967.40,19000.30,18644.55,18674.3,82995275,,,
2016-07-22,18697.80,18735.40,18551.30,18690.4,98151354,,,
2016-07-25,18594.95,19035.35,18572.10,18989.6,134300249,,,
2016-07-26,18979.10,19044.45,18814.25,18860.85,108819760,,,
2016-07-27,18908.45,19125.00,18882.40,19021.95,102758926,,,
2016-07-28,19050.40,19126.75,18998.80,19076.55,150822269,,,
2016-07-29,19047.05,19070.15,18912.60,18953.15,84588124,,,
2016-08-01,18896.50,19078.50,18634.40,18740.6,107461841,,,
2016-08-02,18783.60,18866.55,18671.85,18708.25,93802673,,,
2016-08-03,18680.95,18775.40,18542.60,18602.0,79648244,,,
2016-08-04,18724.90,18724.90,18443.65,18571.7,99891602,,,
2016-08-05,18725.20,18943.15,18708.25,18925.95,86194390,,,
2016-08-08,18986.75,19028.70,18896.00,18939.45,62653821,,,
2016-08-09,18968.65,19008.15,18838.60,18933.3,80282306,,,
2016-08-10,18966.85,18985.25,18611.25,18647.8,77578944,,,
2016-08-11,18621.00,18699.20,18537.10,18640.4,101074835,,,
2016-08-12,18698.30,18986.80,18695.50,18963.7,198837215,,,
2016-08-16,19029.10,19062.20,18839.40,19002.15,94800297,,,
2016-08-17,19044.55,19138.35,18966.35,19041.25,81061925,,,
2016-08-18,19087.20,19367.45,19083.00,19352.8,81431396,,,
2016-08-19,19419.00,19457.40,19327.20,19414.7,110378474,,,
2016-08-22,19432.60,19493.20,19252.75,19330.25,72766030,,,
2016-08-23,19311.90,19372.65,19246.90,19341.65,75741851,,,
2016-08-24,19358.70,19392.20,19284.35,19355.6,59389952,,,
2016-08-25,19383.70,19432.75,19282.80,19304.25,91833496,,,
2016-08-26,19336.45,19358.00,19133.90,19195.75,62935384,,,
2016-08-29,19174.45,19247.85,19096.70,19217.0,56151054,,,
2016-08-30,19306.5,19546.35,19306.5,19531.55,78066462,,,
2016-08-31,19595.9,19823.4,19595.9,19787.6,227835482,,,
2016-09-01,19805.80,19928.20,19738.30,19788.85,73412522,,,
2016-09-02,19830.35,19911.25,19787.60,19883.2,55246832,,,
2016-09-06,19990.95,20459.45,19990.95,20426.2,102450560,,,
2016-09-07,20505.80,20575.80,20376.75,20406.9,182174112,,,
2016-09-08,20439.20,20477.40,20335.20,20417.25,84146556,,,
2016-09-09,20274.75,20349.70,20139.15,20245.3,99503901,,,
2016-09-12,19861.45,19861.45,19735.55,19790.6,97967394,,,
2016-09-14,19757.05,19953.15,19732.15,19909.15,87058786,,,
2016-09-15,19927.6,19955.4,19730.25,19837.55,68388707,,,
2016-09-16,19935.85,20227.2,19783.6,19855.45,139007912,,,
2016-09-19,19892.2,20014.4,19849.65,19906.85,64684600,,,
2016-09-20,19957.35,19964.30,19797.50,19852.3,55715315,,,
2016-09-21,19902.70,19937.85,19749.95,19828.45,62251845,,,
2016-09-22,20153.10,20264.80,19996.90,20109.6,102577164,,,
2016-09-23,20136.75,20137.55,19861.45,19901.8,96847196,,,
2016-09-26,19792.2,19794.15,19568.35,19591.75,73982979,,,
2016-09-27,19652.95,19696.45,19479.15,19518.7,65845836,,,
2016-09-28,19542,19700,19509.65,19653.55,117247682,,,
2016-09-29,19762.3,19793.2,19059.05,19183.65,239435196,,,
2016-09-30,19116,19330.85,19085.2,19285.7,84247936,,,
2016-10-03,19395.55,19611.25,19363.95,19589.05,66410113,,,
2016-10-04,19641.75,19747.45,19527.35,19672.7,113388061,,,
2016-10-05,19801.3,19816.5,19492.8,19536.85,91727046,,,
2016-10-06,19518.55,19570.7,19325.8,19395.05,74619781,,,
2016-10-07,19398.05,19456,19318,19400.1,62681646,,,
2016-10-10,19489.5,19501.45,19351.35,19378.55,40907508,,,
2016-10-13,19295.55,19295.55,18824.4,18954.25,95148972,,,
2016-10-14,19016.7,19053.5,18926.15,19020.15,61797883,,,
2016-10-17,19136.3,19241.75,19002.45,19070.4,123597409,,,
2016-10-18,19174.7,19511.8,19162.85,19495.05,104276455,,,
2016-10-19,19570.05,19576.3,19322.75,19412.1,65347496,,,
2016-10-20,19493.9,19722.85,19479.25,19658.7,97604833,,,
2016-10-21,19636.4,19744,19516.4,19710.9,69230448,,,
2016-10-24,19763.85,19897.85,19751.65,19807.9,77828035,,,
2016-10-25,19907.7,19922.7,19711.95,19834.9,90588204,,,
2016-10-26,19581.7,19725.9,19434.5,19483.6,143827550,,,
2016-10-27,19452,19544.2,19252.1,19514.6,87647894,,,
2016-10-28,19507.85,19589.7,19362,19555.95,68877003,,,
2016-10-30,19657.8,19666.8,19484.65,19523.55,8938951,,,
2016-11-01,19578.6,19591.65,19417.3,19458.6,61792854,,,
2016-11-02,19223.5,19296.55,19158.75,19227.9,74364554,,,
2016-11-03,19201.95,19319.65,19119.3,19178.7,65915418,,,
2016-11-04,19223.85,19223.9,18961.15,19058.1,76173129,,,
2016-11-07,19317.85,19378,19233,19356.0,77290268,,,
2016-11-08,19490.75,19549.45,19322.15,19500.8,83951456,,,
2016-11-09,18270.9,19587.8,18143.7,19518.25,169946993,,,
2016-11-10,19827.5,20283.15,19787.45,20200.25,212502782,,,
2016-11-11,20033.85,20309.65,19704.35,19738.8,197925973,,,
2016-11-15,19808.35,19861.75,19240.45,19289.75,208769377,,,
2016-11-16,19591.25,19611.9,19088.4,19108.1,134590517,,,
2016-11-17,19115.9,19328.75,19009.85,19087.85,106724890,,,
2016-11-18,19180.3,19216.35,18897.1,18959.05,79393592,,,
2016-11-21,19063.8,19075.95,18351.25,18446.4,135622966,,,
2016-11-22,18626.7,18650.5,18322.7,18548.65,119912505,,,
2016-11-23,18660.55,18669.05,18449.7,18540.9,73799835,,,
2016-11-24,18476,18476.35,18215.8,18256.1,120482500,,,
2016-11-25,18377.55,18546.35,18266.6,18507.3,81089308,,,
2016-11-28,18237.2,18471.65,18187.4,18301.45,106884555,,,
2016-11-29,18308.8,18427.4,18188.7,18223.75,81509358,,,
2016-11-30,18306.1,18667.85,18262.5,18627.8,89135261,,,
2016-12-01,18676.75,18713.1,18389.65,18428.45,62882921,,,
2016-12-02,18329.4,18490.5,18163.8,18247.65,84312899,,,
2016-12-05,18245,18434.25,18189.5,18408.9,45765934,,,
2016-12-06,18459.7,18499.75,18365.95,18420.9,55031739,,,
2016-12-07,18515.5,18588.75,17952.6,18234.15,100890980,,,
2016-12-08,18342.6,18558.75,18336.95,18515.45,55661159,,,
2016-12-09,18567.95,18739.65,18432.3,18695.8,75645795,,,
2016-12-12,18616.05,18616.05,18364.05,18392.95,53579188,,,
2016-12-13,18354.1,18492.85,18291.35,18466.05,54727502,,,
2016-12-14,18480.35,18485.45,18322.9,18341.5,56292640,,,
2016-12-15,18143.5,18532,18122.1,18401.15,82787720,,,
2016-12-16,18417.9,18428.45,18268.3,18312.8,81868151,,,
2016-12-19,18258.1,18316.8,18215.5,18257.05,37244360,,,
2016-12-20,18264.1,18274.9,18009.8,18069.4,53850831,,,
2016-12-21,18124.6,18167.15,18043.95,18084.5,45881955,,,
2016-12-22,18027,18029.6,17839.75,17891.45,50280389,,,
2016-12-23,17849.25,17962.3,17819.75,17884.0,53610316,,,
2016-12-26,17825.5,17860.85,17606.9,17655.55,45887571,,,
2016-12-27,17677.7,17907.35,17616.1,17879.55,50265645,,,
2016-12-28,17929.2,18059.65,17829.15,17876.7,57498370,,,
2016-12-29,17861.45,18053.3,17829.4,18033.15,83313390,,,
2016-12-30,18026.35,18245.75,18016.8,18177.2,54349583,,,
2017-01-02,18242.3,18249,17844.9,17969.6,74444730,,,
2017-01-03,18002.75,18115.05,17830.95,18035.6,64513818,,,
2017-01-04,18037.45,18092.85,17868.9,17891.0,50508161,,,
2017-01-05,18000.75,18164.05,17977.8,18115.95,68874940,,,
2017-01-06,18168.45,18325.5,18157.3,18264.0,65919927,,,
2017-01-09,18314.25,18373.1,18256.15,18286.65,42677260,,,
2017-01-10,18351.45,18441.15,18275.75,18409.6,59993426,,,
2017-01-11,18535.35,18889.45,18515.25,18830.0,102842482,,,
2017-01-12,18885.45,18966.3,18805.85,18873.95,66286062,,,
2017-01-13,18949.7,18952.25,18781.25,18912.1,55762182,,,
2017-01-16,18899.7,19134.5,18865.25,19096.45,59319825,,,
2017-01-17,19128.15,19202.25,18981.85,19067.05,63686033,,,
2017-01-18,19074.85,19276.5,19072.1,19164.5,56898977,,,
2017-01-19,19165.35,19185.3,19046.1,19124.25,83679399,,,
2017-01-20,18996.6,19071.65,18793.05,18820.8,110140976,,,
2017-01-23,18762,18909.65,18722.85,18842.7,97144867,,,
2017-01-24,18931,19054.3,18906.95,19023.5,81717037,,,
2017-01-25,19120.05,19518.45,19114.15,19473.2,131028002,,,
2017-01-27,19588.4,19794.95,19534.9,19708.3,157251635,,,
2017-01-30,19718.8,19767.05,19561.1,19585.25,71178678,,,
2017-01-31,19533.2,19624.1,19435.45,19515.15,67343878,,,
2017-02-01,19522.4,20047.85,19470.95,20020.6,145906975,,,
2017-02-02,20053.95,20146.9,19915.2,20070.3,116963782,,,
2017-02-03,20061.9,20229.65,20009.95,20196.8,113714035,,,
2017-02-06,20307.15,20462.45,20298.05,20371.6,99281709,,,
2017-02-07,20367.3,20426.95,20281.5,20327.25,109432014,,,
2017-02-08,20335.25,20362.8,20070.15,20245.4,85902788,,,
2017-02-09,20312.65,20406.6,20000.35,20151.15,107559620,,,
2017-02-10,20225.75,20310,20167.1,20213.9,117595817,,,
2017-02-13,20273.65,20308.7,20116.9,20251.8,108967330,,,
2017-02-14,20304.5,20314.05,20158.85,20258.1,69832338,,,
2017-02-15,20282.1,20368.2,20115.85,20163.7,74195087,,,
2017-02-16,20243.25,20295.55,20088.2,20243.7,81485552,,,
2017-02-17,20918.45,21042.35,20449.65,20551.35,197061810,,,
2017-02-20,20494.85,20702.6,20472.4,20677.1,66182208,,,
2017-02-21,20695.9,20903.35,20619.25,20860.95,74587721,,,
2017-02-22,20937.6,20958.25,20829.65,20868.45,92261695,,,
2017-02-23,20887.65,21011.9,20828.4,20876.65,95406666,,,
2017-02-27,20853.45,20853.45,20584.75,20613.05,60499704,,,
2017-02-28,20632.85,20681.3,20560.6,20607.25,76658515,,,
2017-03-01,20698.9,20833.75,20678.75,20783.75,75542256,,,
2017-03-02,20885,20905,20516.9,20560.05,81044163,,,
2017-03-03,20572.85,20580.45,20423.35,20495.6,53179917,,,
2017-03-06,20548.95,20727.5,20532.2,20663.65,56093806,,,
2017-03-07,20685.95,20701.25,20585.95,20627.5,47804156,,,
2017-03-08,20630.15,20715.2,20534.25,20676.55,63112788,,,
2017-03-09,20620.55,20780.25,20603.9,20721.35,59782379,,,
2017-03-10,20825.9,20876.95,20648.8,20727.55,53537238,,,
2017-03-14,21189.85,21274.45,21059.7,21102.7,98698328,,,
2017-03-15,21089.4,21216.9,21063.95,21157.9,75243419,,,
2017-03-16,21237.5,21289.8,21194.25,21249.9,73921069,,,
2017-03-17,21308.45,21336.05,21127.95,21175.05,92308641,,,
2017-03-20,21202.55,21202.55,21084.8,21110.25,50376495,,,
2017-03-21,21110.65,21146.5,20967,21019.0,72936344,,,
2017-03-22,20815.35,20899,20753.9,20781.35,83727177,,,
2017-03-23,20848.75,20934.75,20775.35,20895.5,60387250,,,
2017-03-24,20987.6,21174.1,20929.15,21122.55,124797100,,,
2017-03-27,21178.1,21179.2,20979.55,21056.9,97615919,,,
2017-03-28,21229,21264.95,21145,21225.4,95258847,,,
2017-03-29,21291.45,21418.6,21255.75,21391.15,119195883,,,
2017-03-30,21374.35,21696,21331.9,21620.7,111132480,,,
2017-03-31,21551.85,21574.15,21414,21444.15,103206746,,,
2017-04-03,21539.2,21565.45,21408.6,21547.75,61067763,,,
2017-04-05,21602.2,21699.3,21499.75,21652.7,84599454,,,
2017-04-06,21572.7,21674,21488.9,21622.95,93689427,,,
2017-04-07,21536.5,21616.85,21397,21431.15,96285404,,,
2017-04-10,21492.05,21552.1,21396.05,21520.15,57491405,,,
2017-04-11,21521.45,21753.35,21483.55,21736.15,89433764,,,
2017-04-12,21735.65,21787.1,21551.75,21666.8,78966353,,,
2017-04-13,21651.25,21758.85,21627,21686.6,71469667,,,
2017-04-17,21700.5,21743.3,21576.75,21647.6,49031440,,,
2017-04-18,21706.05,21947,21634.15,21671.85,85174794,,,
2017-04-19,21674.1,21706.3,21470.2,21556.35,81449296,,,
2017-04-20,21419.45,21558.85,21396,21491.4,100132829,,,
2017-04-21,21567.5,21614.55,21386.2,21551.45,77253527,,,
2017-04-24,21591.9,21884.85,21578.65,21857.4,84637572,,,
2017-04-25,21960.65,22093.25,21900.3,22054.7,88819491,,,
2017-04-26,22158.65,22276.05,21814.9,22242.85,133893025,,,
2017-04-27,22274.05,22380.85,22169.8,22326.3,166567366,,,
2017-04-28,22296.8,22383,22182.55,22358.25,167782299,,,
2017-05-02,22412.55,22492.15,22266.15,22341.35,140738147,,,
2017-05-03,22445.85,22449,22240.05,22307.3,130697797,,,
2017-05-04,22618.3,22743.7,22449.9,22720.1,226413641,,,
2017-05-05,22844.85,22853.55,22514,22604.95,255187439,,,
2017-05-08,22678.45,22835.15,22632.5,22767.35,106479323,,,
2017-05-09,22820.8,22835.35,22664.35,22707.3,81028829,,,
2017-05-10,22767.75,22859.4,22742.05,22830.35,73498955,,,
2017-05-11,22916.05,22977.85,22764.65,22818.45,78856978,,,
2017-05-12,22840.4,22859.15,22578,22671.7,96397424,,,
2017-05-15,22735.85,22891.7,22730.35,22821.5,74700041,,,
2017-05-16,22857.6,22944.1,22727.65,22928.6,134784390,,,
2017-05-17,22972.35,22978.15,22830.1,22935.95,96263996,,,
2017-05-18,22750.45,22834.55,22660.2,22698.6,113423012,,,
2017-05-19,22761.95,22902.25,22628.45,22769.8,154944222,,,
2017-05-22,22874.8,22918.35,22637.75,22652.85,99779442,,,
2017-05-23,22674.9,22740.4,22492.2,22582.8,114212196,,,
2017-05-24,22624.5,22673.4,22469.8,22536.3,91993332,,,
2017-05-25,22573.65,23267.8,22570.35,23190.8,132711087,,,
2017-05-26,23151.4,23408.35,23092.35,23362.2,78876968,,,
2017-05-29,23310.6,23464,23141.15,23182.75,60052384,,,
2017-05-30,23142.1,23337.15,23093.95,23307.25,66704876,,,
2017-05-31,23321.2,23469.45,23248.5,23424.8,182918715,,,
2017-06-01,23394.1,23396.15,23224.05,23310.15,81509629,,,
2017-06-02,23435.2,23453.3,23308.4,23375.9,67217648,,,
2017-06-05,23397.4,23494.7,23349.95,23459.65,52203667,,,
2017-06-06,23523.05,23536.1,23381.7,23416.3,54088336,,,
2017-06-07,23482.85,23606.15,23427.55,23567.65,56452419,,,
2017-06-08,23630.35,23659.1,23514.2,23536.1,64825589,,,
2017-06-09,23483.95,23708.65,23476.85,23690.9,58400790,,,
2017-06-12,23610.15,23630.1,23441.8,23470.45,56374007,,,
2017-06-13,23447,23615.2,23446.9,23477.85,47770607,,,
2017-06-14,23555.3,23562.8,23399.4,23498.7,81088281,,,
2017-06-15,23444.7,23473.3,23311.85,23391.75,72763994,,,
2017-06-16,23448.6,23527.65,23391,23502.75,102155200,,,
2017-06-19,23571.35,23806.65,23535.7,23742.15,60483537,,,
2017-06-20,23720.6,23760.35,23651.2,23697.95,71814671,,,
2017-06-21,23638.15,23760.75,23610.2,23708.75,62327766,,,
2017-06-22,23716.85,23897.85,23694.15,23736.1,79042264,,,
2017-06-23,23772.3,23786.5,23507.5,23542.75,74946434,,,
2017-06-27,23636.95,23640.1,23055.75,23216.25,101336046,,,
2017-06-28,23209.55,23322.55,23113.65,23235.85,95524464,,,
2017-06-29,23312.4,23476,23124.35,23227.3,146858174,,,
2017-06-30,23137.25,23254.1,22996.4,23211.2,70715291,,,
2017-07-03,23240.35,23330.1,23144.3,23272.8,51036105,,,
2017-07-04,23325.5,23363.05,23163.7,23214.2,55294067,,,
2017-07-05,23241.9,23380.35,23205.55,23352.6,89709252,,,
2017-07-06,23399.5,23540.15,23369.5,23466.65,130090775,,,
2017-07-07,23463.75,23492.6,23400.6,23449.15,88942526,,,
2017-07-10,23583.25,23964.8,23289.9,23675.05,36606673,,,
2017-07-11,23744.55,23744.55,23552.6,23584.6,78963065,,,
2017-07-12,23623.75,23736.55,23523.65,23695.45,69663347,,,
2017-07-13,23817.25,23938,23811,23888.65,84983841,,,
2017-07-14,23949.5,23963.65,23755.95,23937.7,71052482,,,
2017-07-17,24011.4,24066.1,23913.65,24015.05,65783041,,,
2017-07-18,23958.15,24147.45,23942.1,24022.05,75082364,,,
2017-07-19,24069.2,24180.75,24053.7,24152.65,72823157,,,
2017-07-20,24170.65,24299.6,24170.65,24213.35,91515347,,,
2017-07-21,24231.4,24289.3,24066.9,24257.05,65322497,,,
2017-07-24,24307.7,24460.55,24234.65,24420.85,74481260,,,
2017-07-25,24622.9,24624.65,24450.2,24520.7,76545885,,,
2017-07-26,24578.15,24720.9,24484.9,24670.7,132701870,,,
2017-07-27,24857.5,25032.25,24799.4,24922.4,152249420,,,
2017-07-28,24744.55,24859.75,24651.05,24811.3,100038906,,,
2017-07-31,24880.6,25168.1,24828.5,25103.65,130095973,,,
2017-08-01,25152.85,25179.5,25000.9,25122.8,71831819,,,
2017-08-02,25190.4,25198.8,24926.25,25055.2,86354876,,,
2017-08-03,25002.85,25005.15,24619.6,24675.05,88206784,,,
2017-08-04,24629.5,24879.7,24591.8,24827.45,67776967,,,
2017-08-07,24854.15,24979.35,24844.45,24906.35,52223527,,,
2017-08-08,24942.2,24966.05,24534.35,24599.5,70792652,,,
2017-08-09,24519.25,24532.4,24328.1,24374.6,78290219,,,
2017-08-10,24300.45,24326.9,23822.2,24217.35,87718421,,,
2017-08-11,23958.25,24191.2,23868.3,23985.75,157833300,,,
2017-08-14,24051.05,24212.15,24038.15,24115.75,76330838,,,
2017-08-16,24188.75,24461.2,23947.45,24437.7,94859044,,,
2017-08-17,24495.2,24496.2,24121.55,24237.25,69545034,,,
2017-08-18,24125.3,24130.15,23925.95,24074.45,60046818,,,
2017-08-21,24140.55,24258.95,23882.25,23936.5,69872289,,,
2017-08-22,24080.6,24127.45,23852.65,23974.45,70219974,,,
2017-08-23,24084.95,24350,24074.15,24316.8,69104870,,,
2017-08-24,24374.75,24411.05,24224.85,24274.2,72359374,,,
2017-08-28,24351.25,24422.45,24301.35,24377.1,52177374,,,
2017-08-29,24302,24320.95,24103.3,24128.95,60922360,,,
2017-08-30,24253.05,24384.1,24241.3,24308.7,47423550,,,
2017-08-31,24354.35,24354.35,24207.7,24318.4,79848731,,,
2017-09-01,24389.2,24494.35,24319.2,24434.0,66906837,,,
2017-09-04,24456.3,24459.35,24156.4,24236.85,52531466,,,
2017-09-05,24272.6,24388.05,24256.3,24328.3,47757761,,,
2017-09-06,24192.4,24331.3,24151.1,24279.15,59006554,,,
2017-09-07,24324.85,24413.1,24246.9,24304.9,69696218,,,
2017-09-08,24409.5,24419.25,24273,24370.8,47085077,,,
2017-09-11,24468.5,24735.35,24458.25,24672.25,60804947,,,
2017-09-12,24779.15,24821.35,24653.6,24784.7,66927717,,,
2017-09-13,24818.35,24948.8,24737.8,24831.8,68334647,,,
2017-09-14,24857.25,24994.3,24815.5,24912.25,77726236,,,
2017-09-15,24840.3,24916.85,24791.55,24844.3,114568146,,,
2017-09-18,24948.15,25105.35,24941.75,25046.9,65913355,,,
2017-09-19,25059.75,25103.45,24993,25041.55,60118203,,,
2017-09-20,24984.65,25052.6,24938.3,24965.05,87376241,,,
2017-09-21,24934.1,24992.5,24706.45,24799.25,72279851,,,
2017-09-22,24704.55,24709.7,24340,24368.85,91287072,,,
2017-09-25,24361.55,24363.8,24015.45,24165.05,92662078,,,
2017-09-26,24105.6,24236.95,24017.4,24199.15,66244294,,,
2017-09-27,24308.7,24331.85,23766.6,23812.95,80405424,,,
2017-09-28,23804.05,24074.2,23611.1,24008.15,136679326,,,
2017-09-29,24114,24227.45,24004.8,24053.0,71703679,,,
2017-10-03,24200.6,24226.8,24007.25,24103.4,66828025,,,
2017-10-04,24124.15,24230.45,24058.65,24113.3,61740801,,,
2017-10-05,24114.75,24188.3,24033.35,24058.05,67125178,,,
2017-10-06,24083.55,24242.05,24074.35,24190.0,84205169,,,
2017-10-09,24209.55,24311.1,24156.05,24251.9,66557307,,,
2017-10-10,24304.8,24379.75,24273.65,24347.45,62757458,,,
2017-10-11,24411.45,24460.25,24054.25,24107.45,75494487,,,
2017-10-12,24151.45,24393.4,23978.4,24361.25,73274598,,,
2017-10-13,24411.1,24779.75,24387.8,24689.15,89300075,,,
2017-10-16,24815.4,24878.65,24516.55,24703.05,118314121,,,
2017-10-17,24697.25,24809.15,24571.85,24645.6,94488702,,,
2017-10-18,24354.75,24454.65,24270.05,24313.75,161557992,,,
2017-10-19,24238.4,24255.3,23923.7,24009.75,20251159,,,
2017-10-23,24085.45,24151,23912.55,24088.9,97553776,,,
2017-10-24,24141.95,24293.25,24032.65,24222.15,111802359,,,
2017-10-25,24980.65,25157.8,24560.75,25035.9,855272765,,,
2017-10-26,24953.95,25186.05,24864.6,25022.2,432393230,,,
2017-10-27,24887.6,24995.7,24798.65,24839.55,237949256,,,
2017-10-30,24873.65,25064.85,24808.55,24988.55,186719253,,,
2017-10-31,25042.1,25078.65,24948.1,25019.35,156985664,,,
2017-11-01,25197.3,25549.35,25171.75,25490.45,210657047,,,
2017-11-02,25508.4,25598.75,25405.5,25427.3,141562948,,,
2017-11-03,25531.4,25695.5,25394.95,25650.7,209613852,,,
2017-11-06,25569,25694.6,25529.5,25571.15,113274004,,,
2017-11-07,25669.1,25695.75,25248.95,25300.8,142004765,,,
2017-11-08,25375.8,25435.6,25119.5,25184.35,129898237,,,
2017-11-09,25281,25385.2,25166.15,25291.35,107367752,,,
2017-11-10,25250.9,25598.55,25237.2,25498.95,194999284,,,
2017-11-13,25570.25,25611.55,25337.25,25358.3,128569682,,,
2017-11-14,25352.55,25404.8,25223.1,25284.6,109491821,,,
2017-11-15,25241.65,25318.05,25166.35,25218.9,129989778,,,
2017-11-16,25292.9,25496.05,25273.7,25446.6,109711080,,,
2017-11-17,25875.7,25924.9,25679.55,25728.4,151001517,,,
2017-11-20,25733.7,25803.15,25681.7,25768.6,84963946,,,
2017-11-21,25829.3,25871.1,25726.5,25757.5,90303101,,,
2017-11-22,25805.65,25831.95,25665.85,25766.65,102044483,,,
2017-11-23,25826.3,25838.55,25620.95,25736.25,79020195,,,
2017-11-24,25776.6,25849,25749.1,25779.65,70107830,,,
2017-11-27,25693.05,25931.85,25673.5,25891.95,74084777,,,
2017-11-28,25830.45,25953.5,25795.5,25846.4,84399131,,,
2017-11-29,25829.65,25877.75,25746.8,25795.7,74982549,,,
2017-11-30,25693.8,25700.85,25246.85,25332.4,141631632,,,
2017-12-01,25409.55,25441.35,25152.65,25191.95,87545844,,,
2017-12-04,25295.05,25297.2,24993.35,25075.1,75646330,,,
2017-12-05,25030.75,25217.7,24921.3,25124.85,85698111,,,
2017-12-06,25066.3,25077.45,24813.6,24851.8,72791908,,,
2017-12-07,24935.3,25097.4,24875.35,25057.25,60226256,,,
2017-12-08,25145.5,25367.7,25145.5,25321.15,74109991,,,
2017-12-11,25434.75,25448.85,25318.7,25404.85,57217432,,,
2017-12-12,25413.4,25416.2,25108.6,25125.45,81540197,,,
2017-12-13,25118.2,25270.75,24938.55,25000.35,86127346,,,
2017-12-14,25062.4,25205.9,24888.65,25168.2,78224367,,,
2017-12-15,25487.15,25559.05,25411.25,25440.3,117591365,,,
2017-12-18,25181.75,25759.9,24617.15,25594.55,139126828,,,
2017-12-19,25640.9,25757.95,25619.6,25716.2,79480979,,,
2017-12-20,25779.05,25780.05,25566.05,25591.7,119152801,,,
2017-12-21,25608.25,25629.95,25508.9,25554.3,76744356,,,
2017-12-22,25615.6,25694.5,25560.5,25648.55,83031068,,,
2017-12-26,25659.75,25712.95,25545.6,25675.25,60209393,,,
2017-12-27,25652.85,25733.2,25429.55,25496.05,73081341,,,
2017-12-28,25463.6,25561.95,25417.4,25490.0,111429897,,,
2017-12-29,25484.85,25566.4,25450.25,25539.45,65580984,,,
2018-01-01,25565.75,25588,25271.55,25318.1,57576913,,,
2018-01-02,25382.2,25425.5,25232.8,25338.25,72033811,,,
2018-01-03,25425.75,25454.9,25300.9,25318.6,59730356,,,
2018-01-04,25367.65,25490.35,25310.3,25462.6,105995860,,,
2018-01-05,25524.45,25643.35,25499.55,25601.85,123622612,,,
2018-01-08,25690.25,25771.5,25643.8,25676.1,127527935,,,
2018-01-09,25727.95,25803.8,25617.25,25703.8,101820385,,,
2018-01-10,25709.9,25717.6,25527.5,25617.3,81094270,,,
2018-01-11,25628.2,25694.65,25532.25,25660.9,122695505,,,
2018-01-12,25732.4,25775.15,25557.6,25749.05,110836433,,,
2018-01-15,25858.15,26091.8,25842.95,26069.2,192163936,,,
2018-01-16,26129.15,26136.4,25931.7,25974.9,169867241,,,
2018-01-17,25946.15,26335.85,25922.3,26289.1,172092208,,,
2018-01-18,26762.25,26887.65,26423.75,26537.4,224021671,,,
2018-01-19,26615.65,26957.85,26433.55,26909.5,134390957,,,
2018-01-22,26940.5,27074.9,26841.2,27041.2,113869602,,,
2018-01-23,27089.95,27422.05,27066.15,27390.6,169332288,,,
2018-01-24,27310.15,27479.25,27219.45,27398.55,174331160,,,
2018-01-25,27414.1,27522.85,27151.75,27445.65,193342305,,,
2018-01-29,27446.1,27652.05,27407.4,27498.45,114099251,,,
2018-01-30,27466.85,27470.25,27242.05,27269.05,111009534,,,
2018-01-31,27136.25,27455.75,27116.95,27379.45,109507598,,,
2018-02-01,27334.85,27613.5,27046.35,27220.7,131188028,,,
2018-02-02,27017.4,27017.55,26364.05,26451.15,147521488,,,
2018-02-05,25968.15,26215.1,25917.55,26098.75,122729724,,,
2018-02-06,25140.1,26140.6,25023.85,25811.3,153713739,,,
2018-02-07,26065.4,26078.4,25558.05,25670.0,121038215,,,
2018-02-08,25759.85,26126.4,25637.4,25920.65,91011548,,,
2018-02-09,25466.3,25598.3,25371,25463.65,75985052,,,
2018-02-12,25530.1,25757.85,25485.4,25701.6,161180184,,,
2018-02-14,25810.25,25810.25,25212.35,25341.25,197286979,,,
2018-02-15,25360.9,25615.15,25295.15,25424.35,291475391,,,
2018-02-16,25511.95,25601,25100.9,25163.9,278142760,,,
2018-02-19,25324.6,25326.05,24824.55,25058.55,273464127,,,
2018-02-20,25105.55,25158.1,24829,24874.4,258222746,,,
2018-02-21,24996.6,24999.7,24796.35,24936.7,152405865,,,
2018-02-22,24812.7,24987.05,24781.7,24955.2,167442673,,,
2018-02-23,25002.25,25345.15,24962.85,25302.5,127862871,,,
2018-02-26,25452,25722.15,25381.2,25687.9,110903837,,,
2018-02-27,25684.6,25723.55,25356.4,25383.6,289806608,,,
2018-02-28,25116.25,25192.95,24942,25107.4,311474002,,,
2018-03-01,25022.35,25226.05,24854.4,24902.55,214529321,,,
2018-03-05,24831.35,24873.05,24682,24818.7,138679764,,,
2018-03-06,24964.1,25040.25,24362.05,24448.45,135108832,,,
2018-03-07,24333.85,24373.4,24096.75,24134.1,187523331,,,
2018-03-08,24273.9,24534.5,24048.55,24477.65,169549517,,,
2018-03-09,24556.95,24564.75,24259.7,24296.45,129956992,,,
2018-03-12,24443.6,24716.05,24358.5,24664.2,165215227,,,
2018-03-13,24624.6,25009.65,24597.55,24738.65,235984528,,,
2018-03-14,24629.65,24894.3,24487,24851.65,209048209,,,
2018-03-15,24854.3,24939.85,24732,24791.85,130382242,,,
2018-03-16,24753.65,24785.35,24439.15,24489.55,189684825,,,
2018-03-19,24530.15,24588.05,24186.95,24245.1,147614260,,,
2018-03-20,24133.95,24355.65,24082.95,24168.2,127991875,,,
2018-03-21,24331.3,24459.75,24208.65,24255.6,112895004,,,
2018-03-22,24252.95,24314.4,24094.85,24141.5,131439602,,,
2018-03-23,23785.65,23796.3,23605.6,23670.4,180649286,,,
2018-03-26,23674.9,24290.65,23657.05,24244.35,193627423,,,
2018-03-27,24396.4,24496.95,24266.4,24434.15,178620655,,,
2018-03-28,24299.5,24361,24203.4,24263.35,183841858,,,
2018-04-02,24235.65,24373.4,24062.95,24328.5,147654203,,,
2018-04-03,24285.95,24538,24254.35,24510.6,135573567,,,
2018-04-04,24502.5,24666.3,24087.8,24129.5,126222576,,,
2018-04-05,24394.45,24824.9,24380.85,24759.8,133764907,,,
2018-04-06,24776.35,24933.6,24626.4,24873.15,160970708,,,
2018-04-09,24848.85,25152.85,24828,25093.8,165402303,,,
2018-04-10,25153.6,25279.9,25120.2,25226.8,171760040,,,
2018-04-11,25198.35,25207.05,24950.3,25098.25,107073367,,,
2018-04-12,25076.9,25244.8,24969.4,25195.1,111777276,,,
2018-04-13,25239.65,25411.3,25076.85,25200.6,110293693,,,
2018-04-16,25082.1,25348.55,25067.35,25320.85,89034228,,,
2018-04-17,25383.75,25402.55,25224,25334.45,89721865,,,
2018-04-18,25426.75,25426.75,25058.75,25102.3,112438937,,,
2018-04-19,25206.45,25207.3,25049.7,25126.15,95466036,,,
2018-04-20,25126.8,25126.8,24839.3,24943.85,109581669,,,
2018-04-23,25065.5,25084.15,24466.1,24960.65,82787891,,,
2018-04-24,24972.2,25123.45,24955,25042.1,87396011,,,
2018-04-25,24993.4,24993.4,24734.6,24814.4,81840418,,,
2018-04-26,24833.2,25064,24753.4,25010.9,173426201,,,
2018-04-27,25030.15,25441.5,25029.65,25394.6,232368278,,,
2018-04-30,25490.15,25617.5,25464.8,25531.6,124580678,,,
2018-05-02,25607.05,25716.75,25499.35,25568.3,117929750,,,
2018-05-03,25547.9,25653.45,25469.05,25605.25,100388024,,,
2018-05-04,25632.3,25680.4,25537.7,25645.4,97343104,,,
2018-05-07,25676.25,25913.5,25675.15,25852.05,92743092,,,
2018-05-08,26074.15,26116.25,25954.6,26090.5,198848914,,,
2018-05-09,25988.1,26206.5,25946.3,26154.45,96440863,,,
2018-05-10,26216.1,26266.4,26057.2,26131.0,214481883,,,
2018-05-11,26173.7,26437.25,26099.85,26413.15,109005797,,,
2018-05-14,26404.45,26565.4,26338.05,26475.15,97254252,,,
2018-05-15,26494.9,26972.05,26407.3,26474.0,150002630,,,
2018-05-16,26269.35,26428.35,26102.15,26182.15,232083519,,,
2018-05-17,26233.2,26283.55,26012,26073.8,126926383,,,
2018-05-18,26025.6,26032,25839,25875.6,113573727,,,
2018-05-21,26017.5,26066.75,25685.35,25750.8,120004208,,,
2018-05-22,25780.25,25945.65,25701.35,25777.7,179388885,,,
2018-05-23,25726.95,25903.9,25622.15,25684.95,170573849,,,
2018-05-24,25722.9,26073.1,25658.4,26016.8,110029603,,,
2018-05-25,26066.75,26325.55,26031.45,26273.55,98939554,,,
2018-05-28,26291.65,26713.65,26273.9,26614.25,136868774,,,
2018-05-29,26567.25,26570.95,26221.1,26254.8,106152966,,,
2018-05-30,26039.9,26405.45,25980.85,26327.8,118974102,,,
2018-05-31,26587,27164.55,26354.55,26956.2,318900279,,,
2018-06-01,26913.4,26996.8,26658.55,26692.8,132336254,,,
2018-06-04,27023.7,27047.55,26205.9,26257.55,137561064,,,
2018-06-05,26263,26342.4,26069.55,26251.0,107940100,,,
2018-06-06,26266.9,26425.2,26147.8,26367.6,144159415,,,
2018-06-07,26577.95,26766.95,26483.9,26517.8,131294980,,,
2018-06-08,26457.25,26481,26284.2,26451.35,115660362,,,
2018-06-11,26473.2,26653,26421.95,26453.55,144115066,,,
2018-06-12,26566.6,26656.45,26449.85,26607.1,132109351,,,
2018-06-13,26721.95,26765.45,26598.2,26642.8,116844183,,,
2018-06-14,26612.3,26623.25,26503.1,26562.25,99120546,,,
2018-06-15,26513.7,26586.4,26344.95,26417.4,147563095,,,
2018-06-18,26444.3,26477.5,26322.45,26409.3,101362059,,,
2018-06-19,26448.1,26448.1,26224.75,26265.75,112377787,,,
2018-06-20,26320.45,26574.75,26309.95,26557.7,105129754,,,
2018-06-21,26645.3,26682.95,26454.95,26496.95,122194668,,,
2018-06-22,26518.4,26806.55,26364.25,26766.85,127690793,,,
2018-06-25,26718.15,26804.9,26573,26609.7,89753825,,,
2018-06-26,26495.65,26712.6,26479.65,26601.7,97355424,,,
2018-06-27,26616.3,26634.3,26336.5,26423.4,124787831,,,
2018-06-28,26398.1,26487.85,26161,26324.6,242245847,,,
2018-06-29,26312.7,26465,26291.35,26364.2,128238510,,,
2018-07-02,26364.45,26371.6,26060.6,26230.3,174872280,,,
2018-07-03,26210.1,26316.1,26142,26204.1,104588044,,,
2018-07-04,26249.25,26480.5,26132.9,26433.95,82888322,,,
2018-07-05,26481.55,26598.45,26415.2,26503.3,91431872,,,
2018-07-06,26427.55,26609.85,26410,26493.85,120291139,,,
2018-07-09,26642.35,26781.2,26611.55,26753.3,101833058,,,
2018-07-10,26844.55,26939.55,26778.5,26894.55,103574099,,,
2018-07-11,26900.65,26938.85,26774.6,26816.2,91728787,,,
2018-07-12,26937.5,27164.8,26936.05,27026.55,108520112,,,
2018-07-13,27046.85,27102.35,26902.3,26935.95,102571130,,,
2018-07-16,26914.5,26939.05,26643.95,26679.8,105758457,,,
2018-07-17,26662.85,27041.35,26653.65,27008.1,217931631,,,
2018-07-18,27107.35,27187.15,26834.45,26880.9,192207622,,,
2018-07-19,26960.2,27025.45,26730.1,26789.65,130746919,,,
2018-07-20,26764.4,26946.55,26718.6,26873.2,84205472,,,
2018-07-23,26701.3,27040.1,26671.35,27008.15,125717272,,,
2018-07-24,26984.15,27128,26868.15,26974.4,115100157,,,
2018-07-25,26992.55,27074,26939.35,27031.3,100793998,,,
2018-07-26,27054.7,27455.1,27045.05,27406.4,256486512,,,
2018-07-27,27497.8,27661.05,27455,27634.4,215768964,,,
2018-07-30,27767.65,27873.7,27607.95,27842.6,308460689,,,
2018-07-31,27797.2,27839.2,27651.3,27764.15,185189252,,,
2018-08-01,27684.8,27820.15,27477.9,27596.6,152825700,,,
2018-08-02,27469.5,27487.9,27327.95,27355.95,119103729,,,
2018-08-03,27471.95,27723,27448.15,27695.5,164821344,,,
2018-08-06,27769.55,27994,27766.05,27898.5,184016610,,,
2018-08-07,27972.95,27988.2,27827.3,27875.9,249213872,,,
2018-08-08,27930.55,28128.65,27858.75,28062.45,149989901,,,
2018-08-09,28173.65,28363.4,28132,28320.0,254180287,,,
2018-08-10,28348.95,28377.9,28087.65,28124.25,285470698,,,
2018-08-13,27760.8,27911.85,27739.5,27794.4,165765211,,,
2018-08-14,27864.4,28053.05,27854.9,28021.7,116466884,,,
2018-08-16,27836.15,28013.1,27779.5,27826.55,185103463,,,
2018-08-17,27991.75,28178.15,27953.8,28128.55,156310659,,,
2018-08-20,28171.65,28322.3,28171.65,28274.25,177840658,,,
2018-08-21,28295.85,28305.95,28151.9,28257.9,142439166,,,
2018-08-23,28321.95,28325.45,27965.35,28027.9,133387354,,,
2018-08-24,27954.25,28122.75,27782.8,27834.7,169952869,,,
2018-08-27,27971.25,28317.75,27958.2,28264.2,146706980,,,
2018-08-28,28379.9,28388.65,28152.7,28269.65,144026112,,,
2018-08-29,28233.4,28344.1,28167.8,28224.1,168875762,,,
2018-08-30,28233.7,28233.7,27961.75,28103.25,186360757,,,
2018-08-31,27998,28157.35,27940.95,28061.75,229622699,,,
2018-09-03,28199.45,28203.2,27777.4,27819.5,127011210,,,
2018-09-04,27845.55,27875.15,27385.85,27430.75,165858496,,,
2018-09-05,27409.3,27506.3,27136.05,27376.05,131880484,,,
2018-09-06,27464.25,27552.8,27246.25,27468.7,120287292,,,
2018-09-07,27439.25,27512.5,27232.8,27481.45,144905496,,,
2018-09-10,27395.2,27404.85,27142.55,27201.75,178147552,,,
2018-09-11,27295.2,27318.45,26772.25,26807.5,160826279,,,
2018-09-12,26895.15,26895.15,26555.15,26819.2,174201027,,,
2018-09-14,27059.85,27205.75,26989.8,27163.85,136633270,,,
2018-09-17,27002.6,27002.6,26743.4,26820.3,115283101,,,
2018-09-18,26757,26901.05,26407.45,26441.45,308575632,,,
2018-09-19,26532,26611.6,26235.7,26277.35,244393690,,,
2018-09-21,26331.05,26490.4,25053.35,25596.9,547285580,,,
2018-09-24,25645.05,25649.7,24904.5,24970.35,272396270,,,
2018-09-25,24947.7,25406.95,24678.25,25330.35,329548199,,,
2018-09-26,25525.1,25525.1,25197.35,25376.3,215055339,,,
2018-09-27,25442.1,25452.5,25007.05,25042.15,262822577,,,
2018-09-28,25135.8,25354.7,24919.25,25119.85,367109389,,,
2018-10-01,24943.9,25412.15,24707.65,25367.0,304703170,,,
2018-10-03,25290.55,25470.05,25026.35,25069.9,261054513,,,
2018-10-04,24735.15,24893.4,24501.05,24819.3,245813411,,,
2018-10-05,24741.65,25080.2,24250.65,24443.45,230429144,,,
2018-10-08,24470.75,24745.35,24240.05,24618.35,223867274,,,
2018-10-09,24703.65,24759.9,24464.9,24527.65,175374004,,,
2018-10-10,24596.6,25371.15,24559.9,25321.7,227005049,,,
2018-10-11,24541.75,24940.1,24493.7,24783.95,255410789,,,
2018-10-12,25001.95,25484.2,24975.45,25395.85,200602244,,,
2018-10-15,25444,25466.2,25147.8,25388.05,146636264,,,
2018-10-16,25414.2,25707.05,25351.8,25589.65,226063396,,,
2018-10-17,25839.1,25915.35,25101.95,25188.6,182759960,,,
2018-10-19,24966.5,25277.9,24922.65,25085.8,200900442,,,
2018-10-22,25484.25,25504.75,25021.35,25078.6,172423369,,,
2018-10-23,24786.9,25124.6,24784.9,24972.45,144911236,,,
2018-10-24,25312.7,25356.9,24839.65,25064.2,176623910,,,
2018-10-25,24841.5,24977.35,24696.85,24817.45,215033794,,,
2018-10-26,24771.85,24771.95,24353.1,24421.05,219130974,,,
2018-10-29,24647.95,25023.75,24404.55,24959.7,279844102,,,
2018-10-30,24924.75,25121.5,24686.85,24807.75,257591034,,,
2018-10-31,24823.8,25201.3,24528.35,25153.25,241789641,,,
2018-11-01,25285.2,25401.6,25129.45,25323.65,216612149,,,
2018-11-02,25545.35,25856.25,25499.15,25701.65,297782501,,,
2018-11-05,25731.55,25788.2,25534.4,25732.2,188023500,,,
2018-11-06,25747.4,25860.75,25558.35,25598.0,162090341,,,
2018-11-07,25818.1,25824.4,25698.1,25737.5,18966564,,,
2018-11-09,25742.55,25822.75,25598.75,25771.0,145005871,,,
2018-11-12,25816.15,25907.2,25495.1,25539.75,115950746,,,
2018-11-13,25422,25796.5,25384.55,25768.6,141869413,,,
2018-11-14,25952.4,26045.05,25806.7,25930.15,194940269,,,
2018-11-15,25946.2,26197.6,25728,26154.75,171790148,,,
2018-11-16,26205.35,26332.75,26122.55,26245.55,235671044,,,
2018-11-19,26364.6,26379.1,26204.35,26300.7,172343045,,,
2018-11-20,26211.5,26259.4,26041.8,26113.35,189681759,,,
2018-11-21,26105.45,26342.05,26060.55,26262.05,159319280,,,
2018-11-22,26233.65,26323.95,25947.85,25999.45,153931487,,,
2018-11-26,26096,26396.6,26025.05,26365.6,174542785,,,
2018-11-27,26286.1,26491.25,26268.65,26443.1,176101916,,,
2018-11-28,26489.65,26584.95,26419.65,26457.95,255358541,,,
2018-11-29,26641.6,27003.75,26577.15,26939.6,472107464,,,
2018-11-30,27009.3,27012.7,26764.9,26862.95,228852954,,,
2018-12-03,27032.9,27037.1,26791.65,26857.55,205823981,,,
2018-12-04,26809.5,26843.8,26644.75,26693.8,172608502,,,
2018-12-05,26572.1,26627.35,26443.65,26519.6,144478743,,,
2018-12-06,26339.1,26359.9,26149.45,26198.3,139141747,,,
2018-12-07,26307.4,26659.7,26252.1,26594.3,185529990,,,
2018-12-10,26073.65,26336.2,26072,26102.65,156932519,,,
2018-12-11,25602.25,26227.9,25598.95,26163.4,264187458,,,
2018-12-12,26286.25,26672.7,26214.75,26643.85,215679380,,,
2018-12-13,26844.15,26951.45,26723.65,26816.35,236399763,,,
2018-12-14,26810.85,26909,26732.7,26826.0,168458080,,,
2018-12-17,26915.45,27051.4,26908.6,27015.8,118695599,,,
2018-12-18,26917.3,27210.05,26840.8,27174.7,158144343,,,
2018-12-19,27229.05,27364.35,27214.3,27298.4,215616915,,,
2018-12-20,27128.65,27309.1,27084.5,27275.1,191698257,,,
2018-12-21,27261.25,27369.1,26823.1,26869.65,177065617,,,
2018-12-24,26877.05,26934.85,26676.95,26714.75,128003648,,,
2018-12-26,26634,27029.15,26408.15,26986.8,148910853,,,
2018-12-27,27200.65,27239.95,26845.1,26878.55,169903194,,,
2018-12-28,27048.4,27213.45,27039.6,27125.25,109836090,,,
2018-12-31,27267.8,27286.5,27105,27160.2,83813951,,,
2019-01-01,27231.4,27430.55,27019.05,27392.4,116379065,,,
2019-01-02,27297,27397.55,27077.6,27174.7,176599164,,,
2019-01-03,27181.6,27206.2,26923.75,26959.85,151201387,,,
2019-01-04,26999.7,27274.5,26926.1,27195.0,189451222,,,
2019-01-07,27378.65,27477.8,27279.55,27304.55,161026470,,,
2019-01-08,27301.9,27542.4,27161.95,27509.5,150550286,,,
2019-01-09,27651.25,27754.45,27409.5,27720.4,199818392,,,
2019-01-10,27713.55,27713.55,27488.2,27528.55,139266179,,,
2019-01-11,27602.8,27612.45,27382.45,27453.9,116552104,,,
2019-01-14,27389.2,27389.8,27182.2,27248.25,212863498,,,
2019-01-15,27317.55,27447.55,27317.1,27400.75,161396521,,,
2019-01-16,27405.65,27554.75,27403.05,27483.7,183688179,,,
2019-01-17,27568.6,27611.55,27335.15,27528.75,212321274,,,
2019-01-18,27550.05,27576.45,27410.65,27456.7,129067258,,,
2019-01-21,27514.55,27622.2,27388.5,27533.6,128881764,,,
2019-01-22,27526.55,27533.35,27385.4,27482.25,138997867,,,
2019-01-23,27493.1,27564.7,27189.6,27250.75,126935738,,,
2019-01-24,27273.5,27342.35,27142.8,27266.4,210279603,,,
2019-01-25,27261.45,27433.55,27045.2,27115.3,284535180,,,
2019-01-28,27041.45,27134.2,26587.95,26653.05,181836992,,,
2019-01-29,26616.25,26743.85,26441.55,26573.4,194369347,,,
2019-01-30,26789.75,26916.25,26693.7,26825.5,249270714,,,
2019-01-31,26969.15,27325.05,26891.05,27295.45,306292995,,,
2019-02-01,27334.55,27533.05,26930.45,27085.95,238794913,,,
2019-02-04,26974,27243.8,26825.55,27186.6,173078574,,,
2019-02-05,27226.05,27348.25,27153.2,27271.7,189860429,,,
2019-02-06,27326.2,27428.65,27294.1,27402.35,164747849,,,
2019-02-07,27424.1,27589.75,27322.95,27387.15,156626117,,,
2019-02-08,27302.65,27482.1,27221.25,27294.4,142258447,,,
2019-02-11,27240.5,27305.9,27151.55,27227.8,117311228,,,
2019-02-12,27166.9,27286.65,26988.9,27010.75,117431255,,,
2019-02-13,27068.85,27108,26839.05,26885.4,112116513,,,
2019-02-14,26978,27030,26818.05,26970.6,374943572,,,
2019-02-15,27017.2,27029.95,26635.25,26794.25,252673681,,,
2019-02-18,26754.6,26829.95,26617.7,26654.25,175449436,,,
2019-02-19,26666.55,26996.45,26625.6,26684.85,129759984,,,
2019-02-20,26786,26985.5,26732.65,26955.5,130711905,,,
2019-02-21,26994.75,27100.9,26973,27052.4,148275410,,,
2019-02-22,26960.05,26997.35,26847.8,26867.55,221450091,,,
2019-02-25,26934.2,27197.1,26932.65,27159.25,141100629,,,
2019-02-26,26853.8,27127.25,26736.6,26952.95,201083249,,,
2019-02-27,27078.1,27189.45,26719.4,26799.3,193745424,,,
2019-02-28,26878,26920.5,26762.55,26789.9,191588675,,,
2019-03-01,26941,27076.55,26928.9,27043.9,189425878,,,
2019-03-05,27068.15,27580.75,26958.1,27554.05,207435129,,,
2019-03-06,27618.1,27681.65,27492.05,27625.65,179778089,,,
2019-03-07,27661,27815.5,27560,27764.6,208017462,,,
2019-03-08,27686.15,27811.35,27645.4,27761.8,140524297,,,
2019-03-11,27840.1,28035.6,27791.25,27966.65,148235712,,,
2019-03-12,28168.2,28488.1,28142.25,28443.7,184260495,,,
2019-03-13,28480.3,28927.7,28353.65,28884.3,206998023,,,
2019-03-14,29028.9,29070.35,28819.75,28923.1,187139544,,,
2019-03-15,29007,29520.7,28990.85,29381.45,296217360,,,
2019-03-18,29521.6,29812,29361.65,29596.1,185741004,,,
2019-03-19,29702.6,29799.75,29547.7,29767.85,222296391,,,
2019-03-20,29769.65,29885.2,29633.5,29832.2,194921072,,,
2019-03-22,29920.75,30008.1,29508.7,29582.5,219823784,,,
2019-03-25,29329.4,29329.4,29156.25,29281.2,132018394,,,
2019-03-26,29300.4,29950.15,29278.5,29882.15,131212876,,,
2019-03-27,30034.15,30262.55,29790.25,30019.8,260544922,,,
2019-03-28,30064.8,30496.05,29969.1,30420.55,292110701,,,
2019-03-29,30480.35,30499.15,30235.9,30426.8,219687116,,,
2019-04-01,30537.6,30648.1,30218.35,30326.5,224440509,,,
2019-04-02,30450.1,30452.9,30155.85,30354.25,196482019,,,
2019-04-03,30440.85,30602.55,30036.25,30093.3,193071867,,,
2019-04-04,30147.3,30245.7,29809.9,29904.9,199631082,,,
2019-04-05,30002.85,30174,29850,30084.65,154141037,,,
2019-04-08,30201.5,30232.05,29716.6,29845.3,147201421,,,
2019-04-09,29901.5,30165.05,29703.55,30113.85,165462138,,,
2019-04-10,29916.6,30155.75,29768.1,29803.5,165250173,,,
2019-04-11,29841.85,29852.25,29640.25,29786.1,108247929,,,
2019-04-12,29780.55,30000.95,29707,29938.55,104858970,,,
2019-04-15,29983.5,30163.1,29919.1,30104.25,90613632,,,
2019-04-16,30236.25,30590.95,30228.2,30531.35,117822281,,,
2019-04-18,30656.5,30669.8,30142.2,30223.4,141697748,,,
2019-04-22,30282.5,30289.9,29647.55,29687.95,132778018,,,
2019-04-23,29761.95,29906.5,29455.45,29479.7,145857126,,,
2019-04-24,29550.5,29914.85,29435.05,29860.8,129529258,,,
2019-04-25,29927.05,30057.7,29511.95,29561.35,201016367,,,
2019-04-26,29764.85,30048.2,29563.15,30013.5,158188658,,,
2019-04-30,29920.4,29920.4,29550.05,29764.8,362563145,,,
2019-05-02,29699.8,29919.35,29638.8,29708.6,242309997,,,
2019-05-03,29811.65,30121.75,29795.1,29954.15,181379119,,,
2019-05-06,29626.5,29757.4,29528.6,29618.45,188230212,,,
2019-05-07,29749.55,29835.5,29244.25,29288.2,180581999,,,
2019-05-08,29261.3,29261.3,28951.35,28994.4,179421775,,,
2019-05-09,28893.95,29040.3,28784.65,28884.6,206029474,,,
2019-05-10,28927.6,29202.85,28900.1,29040.5,223514610,,,
2019-05-13,29026.65,29049.05,28621.1,28659.95,253600119,,,
2019-05-14,28718.75,29058.3,28582.6,28829.2,256593306,,,
2019-05-15,28925.45,28983.15,28555.15,28616.45,218778407,,,
2019-05-16,28625.9,28947.6,28525.45,28855.3,189440058,,,
2019-05-17,28881.4,29559.45,28856,29450.15,257111157,,,
2019-05-20,30230.4,30827.85,30111.2,30759.7,321102950,,,
2019-05-21,30862.1,30926.7,30265.1,30308.4,216423886,,,
2019-05-22,30410.65,30675.1,30268.6,30526.8,224425509,,,
2019-05-23,30962.8,31705,30292.35,30409.1,494083740,,,
2019-05-24,30685.5,31275.4,30564.4,31212.55,282765890,,,
2019-05-27,31234.9,31700.75,31142.5,31647.65,239161158,,,
2019-05-28,31711.3,31712.4,31328.6,31597.9,297603975,,,
2019-05-29,31459.25,31546.75,31257.9,31295.55,205161779,,,
2019-05-30,31256.85,31619.25,31236.1,31537.1,202699071,,,
2019-05-31,31678.9,31783.6,30623.05,31375.4,230847583,,,
2019-06-03,31406.05,31674.6,31284.7,31653.65,160090476,,,
2019-06-04,31532.9,31752.7,31512.95,31589.05,172424592,,,
2019-06-06,31523.95,31541.5,30800.8,30857.4,283140588,,,
2019-06-07,30943.15,31139.6,30627.05,31066.55,215267224,,,
2019-06-10,31259.2,31367.4,30861.3,31034.0,208614002,,,
2019-06-11,31172.25,31399.35,30973.35,31265.45,188115329,,,
2019-06-12,31219.3,31222.3,30911.45,30965.7,143703508,,,
2019-06-13,30876.75,31036.9,30638.25,30976.1,341891022,,,
2019-06-14,30983.45,31032.65,30508.95,30614.35,255356460,,,
2019-06-17,30652,30684.05,30249.4,30273.25,184466679,,,
2019-06-18,30299.45,30550.65,30222.85,30351.0,241865592,,,
2019-06-19,30526.5,30699.15,30242,30362.1,252889076,,,
2019-06-20,30390.2,30824.55,30220.7,30781.1,293131675,,,
2019-06-21,30804.95,30804.95,30541.5,30628.35,238841807,,,
2019-06-24,30680.95,30783.65,30528,30602.05,165301524,,,
2019-06-25,30567.65,30913.25,30451.4,30847.05,145143905,,,
2019-06-26,30809.2,31202.7,30766.65,31162.35,171974194,,,
2019-06-27,31192.1,31490.6,31158.8,31269.5,231102423,,,
2019-06-28,31281,31308.9,31060.6,31105.2,223608802,,,
2019-07-01,31271,31450.35,31246.45,31372.2,133169266,,,
2019-07-02,31414.65,31431.35,31105.1,31283.3,233874612,,,
2019-07-03,31347.7,31467.15,31238.5,31382.3,224146516,,,
2019-07-04,31471,31608.35,31428.05,31471.85,242985504,,,
2019-07-05,31523.05,31660.75,31323.25,31475.8,384291668,,,
2019-07-08,31346.85,31370.4,30536.75,30603.85,390494875,,,
2019-07-09,30533.4,30702.1,30346.7,30569.15,259250655,,,
2019-07-10,30618.05,30728.35,30428.6,30522.1,184326854,,,
2019-07-11,30707,30788.05,30565.35,30716.55,173564485,,,
2019-07-12,30789.75,30870.95,30548.3,30601.45,156245254,,,
2019-07-15,30688.85,30695.7,30334.2,30445.95,223023061,,,
2019-07-16,30532.65,30635,30429.9,30570.8,369337661,,,
2019-07-17,30622.25,30799.7,30568.3,30735.5,367511522,,,
2019-07-18,30705.8,30769.35,30378.6,30430.6,352029779,,,
2019-07-19,30515.1,30543.75,29705.75,29770.35,287392672,,,
2019-07-22,29617.05,29635.15,29194.1,29284.95,350333275,,,
2019-07-23,29342.45,29365.8,29078.15,29128.1,333503030,,,
2019-07-24,29085.45,29252.4,28871,28952.25,244078618,,,
2019-07-25,28981.05,29240.8,28931.05,29043.05,296560592,,,
2019-07-26,29062.5,29379.1,28994.5,29325.3,383572807,,,
2019-07-29,29583.45,29592.95,29104.85,29295.9,303508229,,,
2019-07-30,29434.85,29530.3,28737.8,28791.6,301282413,,,
2019-07-31,28575.45,28979.75,28529.75,28876.0,346506962,,,
2019-08-01,28660.5,28819.7,28047.35,28367.25,282236909,,,
2019-08-02,28224.25,28544.55,27936.35,28204.95,319929406,,,
2019-08-05,27841.2,27866.55,27389.5,27648.05,334367503,,,
2019-08-06,27518.5,28148.4,27503.9,28022.1,291001441,,,
2019-08-07,28053.85,28175.55,27641.85,27702.05,353400945,,,
2019-08-08,27840.1,28227.55,27531.05,28110.45,303596759,,,
2019-08-09,28293.65,28602.75,28251.75,28431.9,336826632,,,
2019-08-13,28356.8,28358.85,27683.5,27729.1,335809590,,,
2019-08-14,27885.5,28107.05,27726.65,28019.2,290413445,,,
2019-08-16,27920.3,28251.05,27720.95,28217.0,274020219,,,
2019-08-19,28331.25,28468.9,28146.5,28186.1,241810912,,,
2019-08-20,28163.55,28215.4,27839.65,27982.45,288236399,,,
2019-08-21,28021,28098.9,27666.2,27719.05,358841104,,,
2019-08-22,27690.05,27690.05,26975.55,27034.2,465070847,,,
2019-08-23,26835.35,27207.3,26560.6,26958.65,485538647,,,
2019-08-26,27663.95,27995.25,26859.35,27951.35,519219181,,,
2019-08-27,28106.3,28277.7,27960.8,28126.15,386839458,,,
2019-08-28,28080.25,28095.55,27634.65,27804.3,384111651,,,
2019-08-29,27694.95,27719.05,27239.95,27305.2,377438481,,,
2019-08-30,27407.9,27586.5,27121.95,27427.85,427077225,,,
2019-09-03,27239.2,27247.05,26742.6,26824.15,392427883,,,
2019-09-04,26785.95,27278.7,26641.35,27123.85,309520214,,,
2019-09-05,27086.95,27243.95,26815.4,26919.7,327083693,,,
2019-09-06,26986.5,27311.05,26950.55,27247.9,251986487,,,
2019-09-09,27240.35,27565.55,26993.9,27504.65,286110458,,,
2019-09-11,27639.05,27829.65,27551.65,27776.2,467414755,,,
2019-09-12,27870.8,28062.3,27764.7,27818.5,377820739,,,
2019-09-13,27772,28126.85,27573.45,28098.75,438497830,,,
2019-09-16,27868,28066.7,27798.85,27855.0,234062573,,,
2019-09-17,27765.1,27851.4,27047.95,27131.75,277762547,,,
2019-09-18,27304.7,27414.45,27088.8,27172.65,307775512,,,
2019-09-19,27175.45,27175.45,26643,26757.65,450436905,,,
2019-09-20,26878.65,29418.95,26727.55,28981.55,844582360,,,
2019-09-23,30039.4,30801.3,29776.3,30566.2,552171387,,,
2019-09-24,30432,30668.1,29889.55,30183.1,348810197,,,
2019-09-25,30029.05,30067.6,29470.1,29586.05,352814285,,,
2019-09-26,29640.55,30718.35,29627,30002.6,540435004,,,
2019-09-27,29974.95,30112.65,29711.35,29876.65,464096458,,,
2019-09-30,29674.8,29754.4,28943.45,29103.15,580252025,,,
2019-10-01,29226.15,29526.4,28077.35,28725.5,1187313940,,,
2019-10-03,28606.7,28769.1,28240.8,28414.1,825756750,,,
2019-10-04,28681.9,28730.3,27653.7,27731.85,732719135,,,
2019-10-07,27909.9,28185.15,27568.35,27767.55,554307096,,,
2019-10-09,27901.65,28857.7,27702.05,28785.85,574832720,,,
2019-10-10,28542.95,28552.75,27914.15,28013.45,381151128,,,
2019-10-11,28245.55,28604.05,27736.8,28042.5,558917279,,,
2019-10-14,28238.5,28553.4,28043.25,28181.95,387660772,,,
2019-10-15,28257.85,28694.85,28186.25,28555.1,350926458,,,
2019-10-16,28689.45,28759.35,28305.4,28538.8,400383734,,,
2019-10-17,28596.35,29049.05,28487.95,28989.45,617849861,,,
2019-10-18,28954.8,29249.5,28864.1,29120.25,605170183,,,
2019-10-22,29416.25,29690,29231.2,29411.15,582221306,,,
2019-10-23,29478.85,29643.8,29214.05,29459.6,497765615,,,
2019-10-24,29604.35,29693.25,28994.2,29107.95,439980796,,,
2019-10-25,29228.65,29452.1,28923.8,29395.95,632216369,,,
2019-10-27,29605.4,29644.45,29446.8,29516.3,110013856,,,
2019-10-29,29527.6,29997.65,29385.45,29873.05,567556033,,,
2019-10-30,30005.7,30151.1,29753,29987.5,448802636,,,
2019-10-31,30168.65,30415.65,29987.15,30066.25,1186433992,,,
2019-11-01,30196.15,30409,30028.9,30330.55,646745938,,,
2019-11-04,30415.9,30607.05,30227.25,30333.1,613019002,,,
2019-11-05,30403.25,30452.7,30091.35,30219.85,534711559,,,
2019-11-06,30225.2,30699,30013.65,30609.6,403957809,,,
2019-11-07,30722.6,30821.35,30462.55,30633.15,364819481,,,
2019-11-08,30571.3,31108.4,30504.05,30749.4,620047286,,,
2019-11-11,30664.65,31205.2,30625.8,31115.55,422777530,,,
2019-11-13,31084.75,31198.5,30488.1,30541.55,474514279,,,
2019-11-14,30615.8,30789.2,30338.35,30749.95,383307292,,,
2019-11-15,30912.4,31165.45,30860.7,31008.4,393946823,,,
2019-11-18,31036.8,31203.55,30901.85,30992.1,331730315,,,
2019-11-19,31045.15,31298.05,30974.3,31236.25,429946749,,,
2019-11-20,31292.35,31471.65,31205.55,31353.85,418997557,,,
2019-11-21,31413.25,31463.15,31243,31349.95,296147991,,,
2019-11-22,31389.6,31394.2,31055.2,31111.6,257772972,,,
2019-11-25,31065.1,31591.6,31049.75,31555.9,317309578,,,
2019-11-26,31692.85,31850.35,31465.85,31718.35,856689798,,,
2019-11-27,31832.75,31916.8,31734.5,31875.95,417569581,,,
2019-11-28,31981.7,32157.05,31905.9,32122.95,498304741,,,
2019-11-29,32074.15,32086.95,31770.8,31946.1,667784235,,,
2019-12-02,32008.3,32024.1,31720.6,31871.45,495997384,,,
2019-12-03,31920.1,31936.6,31502.95,31613.35,431512247,,,
2019-12-04,31549.3,32017.75,31444,31979.3,516797101,,,
2019-12-05,32083.8,32126.95,31628.3,31712.95,393274720,,,
2019-12-06,31797.15,31883.7,31250.65,31341.55,485386658,,,
2019-12-09,31321.4,31537.65,31122.05,31316.65,494482008,,,
2019-12-10,31386.4,31412.8,31126,31160.35,505390598,,,
2019-12-11,31151.65,31337.85,30996.4,31256.75,815353303,,,
2019-12-12,31356.8,31711.45,31352.1,31665.45,529686754,,,
2019-12-13,31775.55,32105.05,31770.5,32014.25,390513196,,,
2019-12-16,32159,32186.95,31897.75,31974.2,306021290,,,
2019-12-17,32082.4,32213.35,31987.35,32140.25,259934353,,,
2019-12-18,32292.25,32293.65,32017.3,32244.25,258844226,,,
2019-12-19,32281.65,32328.35,32085.05,32241.45,436934080,,,
2019-12-20,32266.85,32443.35,32199.45,32384.95,535239232,,,
2019-12-23,32381,32502.8,32196.85,32339.45,391458232,,,
2019-12-24,32337.8,32390.35,32246.05,32280.75,330830416,,,
2019-12-26,32276.15,32314.6,31963.25,31997.7,339790478,,,
2019-12-27,32142.5,32444.85,32056.25,32412.35,332429461,,,
2019-12-30,32486.6,32613.1,32248.5,32354.9,274051378,,,
2019-12-31,32345.95,32345.95,32108.75,32161.65,251409106,,,
2020-01-01,32237.9,32348,32057.2,32102.9,184671555,,,
2020-01-02,32133.15,32465.45,32121.4,32443.85,253558509,,,
2020-01-03,32326.95,32329.8,31960.4,32069.25,217584385,,,
2020-01-06,31910.45,31914.45,31170.55,31237.15,256236748,,,
2020-01-07,31598.05,31851.45,31200.9,31399.4,294368120,,,
2020-01-08,30995.5,31451.85,30899.55,31373.65,304484779,,,
2020-01-09,31748.25,32172.7,31667.15,32092.4,307977487,,,
2020-01-10,32215.7,32347.2,31953.4,32097.4,444709730,,,
2020-01-13,32139.1,32322.65,32074.05,32177.65,291441682,,,
2020-01-14,32196.45,32196.45,31989.2,32071.65,438912100,,,
2020-01-15,31994.75,32000.9,31670.35,31824.9,545708720,,,
2020-01-16,31810.55,31988.9,31692.4,31853.9,253715802,,,
2020-01-17,31571.65,31773.55,31445.5,31590.65,308136774,,,
2020-01-20,31923.95,31923.95,31050.95,31080.65,282225576,,,
2020-01-21,30978.85,31171.25,30858.6,30947.55,227481016,,,
2020-01-22,31061.6,31149.05,30614,30701.45,200582131,,,
2020-01-23,30742.2,31087.25,30621.35,31004.05,343817897,,,
2020-01-24,31040.1,31375.45,30879.05,31241.75,424623379,,,
2020-01-27,31110.55,31227.05,30808.55,30837.4,309934514,,,
2020-01-28,30922,31048.45,30656.35,30761.4,239604935,,,
2020-01-29,30915.1,31082.85,30835.8,30877.0,268788386,,,
2020-01-30,30889.25,30909.5,30521.3,30647.4,328858847,,,
2020-01-31,30950.5,31033.45,30691.8,30833.6,333435455,,,
2020-02-01,30726.2,30918.6,29753,29820.9,255295791,,,
2020-02-03,29811.75,30105.8,29612.55,30023.25,337112135,,,
2020-02-04,30235.3,30776.95,30182.45,30686.7,336610481,,,
2020-02-05,30761.95,31065.85,30630.85,31001.95,427604425,,,
2020-02-06,31070.75,31470.65,30917.25,31304.05,334000323,,,
2020-02-07,31367.05,31368.2,31111.05,31201.95,254381768,,,
2020-02-10,31248.65,31248.8,30957.2,31058.15,239696426,,,
2020-02-11,31230.2,31505.95,31225.9,31300.6,198887095,,,
2020-02-12,31441.15,31588.6,31398.15,31492.9,225958605,,,
2020-02-13,31586.55,31649.45,31180.6,31230.25,303030451,,,
2020-02-14,31281.85,31436.65,30776.1,30834.8,341366207,,,
2020-02-17,30873.85,30998.15,30630.5,30680.7,251931924,,,
2020-02-18,30661.5,30692.75,30252.45,30562.5,398866924,,,
2020-02-19,30905,30947.15,30606.15,30838.2,268822099,,,
2020-02-20,30862.3,31085.3,30702.45,30942.85,273065120,,,
2020-02-24,30666.35,30702.15,30428,30455.1,254235861,,,
2020-02-25,30517,30610.7,30329.95,30432.7,215913422,,,
2020-02-26,30279.95,30515.35,30131.75,30306.85,290964252,,,
2020-02-27,30270,30271.95,29914.15,30187.0,358020830,,,
2020-02-28,29501.55,29564.1,29051.5,29147.15,386879090,,,
2020-03-02,29701,29791.15,28571.7,28868.4,368259606,,,
2020-03-03,29012.55,29285.35,28749.55,29177.05,367320137,,,
2020-03-04,29252.95,29273.65,28125.15,28653.7,425845356,,,
2020-03-05,28830.3,29134.3,28535.6,28815.35,1075709340,,,
2020-03-06,27649.95,28047.2,27162.3,27801.45,1568142743,,,
2020-03-09,27031.45,27091.6,25923.4,26462.6,1058982970,,,
2020-03-11,26272.75,26791.45,26234.1,26487.8,723295485,,,
2020-03-12,25175.9,25223.1,23536.35,23971.15,760576349,,,
2020-03-13,22720.75,25670.75,21351.7,25166.45,783385213,,,
2020-03-16,24061.6,24074.15,23008.25,23101.15,481906496,,,
2020-03-17,23348.05,23449.5,22002,22155.15,537689478,,,
2020-03-18,22411.85,22544.05,20267.95,20580.2,875287959,,,
2020-03-19,19428.95,21035.05,18675.65,20083.5,476621914,,,
2020-03-20,19898.3,20924.55,19265,20317.6,501768418,,,
2020-03-23,18311.3,18895.65,16791.05,16917.65,307639369,,,
2020-03-24,17705.85,17841.4,16116.25,17107.3,391702593,,,
2020-03-25,16759.95,18740.2,16635.5,18481.05,394556026,,,
2020-03-26,18781.85,20409.35,18364.5,19613.9,482884243,,,
2020-03-27,20801.6,21462.4,19580.1,19969.0,539418047,,,
2020-03-30,19254.45,19716.25,18668.7,18782.4,326991879,,,
2020-03-31,19307.65,19466.3,18792.4,19144.0,309805792,,,
2020-04-01,19122.4,19154.75,18042.25,18208.35,274864724,,,
2020-04-03,18325.05,18326.1,17143.2,17249.3,342530350,,,
2020-04-07,18454.55,19190.55,17953.75,19062.5,435419014,,,
2020-04-08,18799.4,20324.1,18482.9,18946.45,508444556,,,
2020-04-09,19553.15,19988.3,19166.9,19913.6,389986610,,,
2020-04-13,19854.9,19887.05,19294,19488.0,288209448,,,
2020-04-15,20096.35,20184.1,18776.75,19057.05,389865463,,,
2020-04-16,18957.15,19520.3,18703.45,19400.0,350278671,,,
2020-04-17,20394.75,20866.55,19729.3,20681.45,475038288,,,
2020-04-20,21104.7,21122.1,20444.25,20522.65,438637821,,,
2020-04-21,19812.05,19891.45,19247.95,19409.35,311922545,,,
2020-04-22,19306.95,19806.35,19051.95,19701.85,349355747,,,
2020-04-23,19871.35,20356.5,19584.4,20267.95,325385187,,,
2020-04-24,19697.65,19950.15,19515.4,19586.65,305735017,,,
2020-04-27,19870.8,20224.75,19847.65,20081.15,299864446,,,
2020-04-28,20436.6,20751.3,20260.8,20671.1,367772101,,,
2020-04-29,20440.4,21348.15,20393.65,21090.2,400629555,,,
2020-04-30,21589.2,21967,21353.65,21534.5,471511130,,,
2020-05-04,20514.75,20530.45,19643.6,19743.75,328804506,,,
2020-05-05,20147.3,20223.15,19212.35,19271.75,381269938,,,
2020-05-06,19302.45,19806.6,18941,19694.55,395557269,,,
2020-05-07,19536.05,19757.25,19332.15,19491.8,300140979,,,
2020-05-08,19844,19969.6,19285.05,19352.9,330610646,,,
2020-05-11,19610.45,19733.4,18900.9,18950.5,342556509,,,
2020-05-12,18751.4,18993.4,18287,18862.85,395412970,,,
2020-05-13,20017.75,20122.25,19429.9,19634.95,520830667,,,
2020-05-14,19197.7,19380.1,19024.75,19068.5,333038859,,,
2020-05-15,19098.8,19119.1,18683.65,18833.95,240590869,,,
2020-05-18,18795.1,18795.1,17514.2,17573.2,434763906,,,
2020-05-19,18037.15,18175.3,17390.65,17486.25,415466049,,,
2020-05-20,17486.5,18002.65,17407.7,17840.2,326225920,,,
2020-05-21,17901.95,18200.7,17658.55,17735.1,347575113,,,
2020-05-22,17554.25,17952.25,17105,17278.9,484792159,,,
2020-05-26,17537.65,17681.7,17311.25,17440.35,336758208,,,
2020-05-27,17603.4,18874.25,17560.35,18710.55,538003230,,,
2020-05-28,18924.45,19455.55,18818.95,19169.8,561124154,,,
2020-05-29,18962,19358.05,18729.9,19297.25,581732090,,,
2020-06-01,19728.9,20225.35,19632.9,19959.9,558065113,,,
2020-06-02,20120.6,20615.75,19852.55,20530.2,448324616,,,
2020-06-03,20966.6,21619.55,20822,20940.7,616871764,,,
2020-06-04,20932.35,21141.8,20316.2,20390.45,587859629,,,
2020-06-05,20516.4,21198.7,20425.05,21034.5,637447046,,,
2020-06-08,21636.1,21807.4,20911.25,21187.35,748110342,,,
2020-06-09,21295.5,21568.85,20629.7,20724.9,641246103,,,
2020-06-10,20760.95,21251.45,20671.55,21100.1,582992179,,,
2020-06-11,21084.7,21244.45,20458.3,20525.15,747065326,,,
2020-06-12,19529.3,20747.7,19526.1,20654.55,599190078,,,
2020-06-15,20457.15,20470.85,19740.2,19912.9,465009106,,,
2020-06-16,20500.65,20638.85,19507.05,20296.7,552448328,,,
2020-06-17,20137.45,20627.9,19978.15,20201.75,453526032,,,
2020-06-18,20137.6,21028.35,20030.35,20956.3,362837078,,,
2020-06-19,20970.1,21467.65,20878.25,21338.1,523371321,,,
2020-06-22,21491.55,22078.25,21425.55,21708.35,664606529,,,
2020-06-23,21859.25,22322.3,21647.8,22264.9,527935624,,,
2020-06-24,22479.35,22479.55,21336.35,21426.8,684574815,,,
2020-06-25,21218.05,21703.5,20926.45,21506.15,586179820,,,
2020-06-26,21735.05,21784.65,21320.1,21592.05,375592321,,,
2020-06-29,21291.55,21440.05,21026.45,21359.0,328004604,,,
2020-06-30,21524.3,21650.5,21212,21370.15,292655825,,,
2020-07-01,21354.1,22061.6,21281.85,21977.6,385956486,,,
2020-07-02,22133.8,22344.85,21890.5,21953.2,398994350,,,
2020-07-03,22101.75,22130.3,21768,21852.4,256179957,,,
2020-07-06,22270.95,22399.25,22171.05,22198.95,290921694,,,
2020-07-07,22254.3,22674.5,22040.35,22628.0,455766093,,,
2020-07-08,22700.9,23080.6,22499.5,22584.65,673130542,,,
2020-07-09,22753.15,22998.3,22673.4,22907.2,355982560,,,
2020-07-10,22720.95,22835.2,22320.05,22398.45,457099610,,,
2020-07-13,22613.25,22657.4,21981.65,22089.25,293704011,,,
2020-07-14,21877.6,21909.7,21222.45,21392.2,338499620,,,
2020-07-15,21634.25,21935.5,21230.55,21340.75,359145119,,,
2020-07-16,21453.25,21671.25,21027.85,21597.15,348563989,,,
2020-07-17,21608.05,22065,21550.8,21966.8,294921788,,,
2020-07-20,22307.3,22520.45,22187.8,22321.85,349653489,,,
2020-07-21,22639.85,22861.9,22597.95,22782.0,316649600,,,
2020-07-22,23159,23211.35,22658.2,22882.6,412721326,,,
2020-07-23,22854.85,23122.35,22734.9,23083.9,307580829,,,
2020-07-24,22853.2,22854.05,22417.2,22662.05,436264876,,,
2020-07-27,22664.6,22668.05,21801.35,21848.75,340888880,,,
2020-07-28,21940.15,22233,21611.4,22105.2,379785455,,,
2020-07-29,22075,22346.4,21906.35,22076.6,400357048,,,
2020-07-30,22195.05,22252.6,21580.15,21646.85,299568955,,,
2020-07-31,21730.55,21806.95,21375,21640.05,397341689,,,
2020-08-03,21543.8,21543.8,21031.45,21072.1,431029295,,,
2020-08-04,21248.25,21576.35,21057.75,21490.5,297019822,,,
2020-08-05,21686.85,21936.5,21448.4,21509.95,338829581,,,
2020-08-06,21644.25,21926.55,21370.3,21642.6,386597915,,,
2020-08-07,21620.25,21787.25,21451.3,21754.0,378616471,,,
2020-08-10,21824.9,22071.95,21795.1,21900.25,261796164,,,
2020-08-11,22050.2,22277.6,22039.85,22227.2,377912975,,,
2020-08-12,22135.95,22326.55,21990.2,22264.0,507472323,,,
2020-08-13,22395.2,22439.95,22139.6,22196.35,289096635,,,
2020-08-14,22334.95,22334.95,21459.1,21679.4,318837489,,,
2020-08-17,21906.95,21909.4,21403.15,21700.85,263359893,,,
2020-08-18,21702,22227.75,21629.4,22170.6,311809274,,,
2020-08-19,22315.4,22419.35,22234.25,22285.9,348005901,,,
2020-08-20,21989.9,22079.9,21886.7,21999.45,314838525,,,
2020-08-21,22190.7,22344.05,22165.05,22299.6,347083160,,,
2020-08-24,22436.85,22897.5,22410.05,22833.0,346273118,,,
2020-08-25,22973.4,23180.3,22857.9,23092.15,422190044,,,
2020-08-26,23175.55,23453.4,23093.15,23414.2,337920632,,,
2020-08-27,23511.45,23704.05,23464.15,23600.35,430926732,,,
2020-08-28,23635.3,24611.8,23599.2,24523.8,812646625,,,
2020-08-31,25038.8,25232.6,23385.3,23754.35,712975732,,,
2020-09-01,23893.8,24199.65,23473.15,23812.0,484334092,,,
2020-09-02,23769,23926.15,23482.55,23874.55,293508250,,,
2020-09-03,23986.15,24051.6,23451.65,23530.85,214818095,,,
2020-09-04,23119.15,23394.8,22876.9,23011.5,341042607,,,
2020-09-07,23036.25,23109.1,22716.25,22945.05,245264124,,,
2020-09-08,22971.2,23064.15,22641.4,22744.4,231451727,,,
2020-09-09,22486.7,22554.6,22080.4,22267.0,305088443,,,
2020-09-10,22466.55,22678.65,22225.25,22466.2,278551123,,,
2020-09-11,22509.95,22668.75,22205.95,22479.95,214789265,,,
2020-09-14,22683.35,22757.3,22028.15,22101.25,265397711,,,
2020-09-15,22202.8,22514.15,22062.35,22465.65,248826760,,,
2020-09-16,22476.3,22659.4,22216.5,22573.55,245862302,,,
2020-09-17,22352,22504.45,22267.05,22320.35,216408615,,,
2020-09-18,22439.35,22469.4,21784.9,22031.05,320585881,,,
2020-09-21,21983.4,22098.85,21274.3,21366.8,283525089,,,
2020-09-22,21445.25,21473.35,20958.45,21139.1,325400312,,,
2020-09-23,21350.8,21365.05,20821,21178.5,299197195,,,
2020-09-24,20898.8,20955.6,20404.9,20456.85,276420580,,,
2020-09-25,20740.8,21064.3,20430.7,20982.35,280646576,,,
2020-09-28,21152.05,21708.85,21055.1,21665.5,240223120,,,
2020-09-29,21770.9,21811.5,21280.6,21411.3,242993739,,,
2020-09-30,21405.25,21549.35,21128.5,21451.8,240051659,,,
2020-10-01,21685.25,22293.75,21664.15,22246.0,348728050,,,
2020-10-05,22352.1,22768.55,22247.25,22370.95,325414639,,,
2020-10-06,22673.05,22893.5,22521.05,22853.7,247980470,,,
2020-10-07,22836.95,23036.2,22607.8,22964.8,236098777,,,
2020-10-08,23150.25,23450.9,23063.6,23191.35,280136398,,,
2020-10-09,23312.6,23904.1,23132.45,23846.8,350978943,,,
2020-10-12,23955.6,24190.35,23552.6,23712.8,280694619,,,
2020-10-13,23663.05,23775.15,23431.5,23492.2,190829083,,,
2020-10-14,23353.15,23962.7,23149.45,23874.65,225363576,,,
2020-10-15,23920.35,24087.85,22970.95,23072.4,270328079,,,
2020-10-16,23219.85,23646.2,23148.95,23533.25,229438006,,,
2020-10-19,23902.9,24320.95,23754.85,24266.75,388154335,,,
2020-10-20,24117.35,24410.9,24039.85,24311.8,254147636,,,
2020-10-21,24444.2,24823.6,24099.85,24635.05,335657280,,,
2020-10-22,24447.35,24691.15,24250.2,24484.15,241407252,,,
2020-10-23,24669.2,24764.15,24360.85,24478.3,196845852,,,
2020-10-26,24525.8,24577.3,23867.75,24075.45,260452297,,,
2020-10-27,24288.05,24809.65,23924.2,24769.5,299009849,,,
2020-10-28,24737.85,24780.7,24057.95,24232.5,272722955,,,
2020-10-29,24063.5,24339.1,23822.05,24092.0,340550442,,,
2020-10-30,24090.15,24277.35,23612.7,23900.9,271824691,,,
2020-11-02,24367.6,25139,24120.6,24892.5,437217701,,,
2020-11-03,25108,25760.7,25085.7,25682.8,407591534,,,
2020-11-04,25539.55,25891,25142,25771.6,409247572,,,
2020-11-05,26174.8,26375.2,26000.05,26313.1,385307914,,,
2020-11-06,26274.1,26853.45,26135.3,26798.95,357689528,,,
2020-11-09,27088.95,27595,27068.95,27534.1,365124397,,,
2020-11-10,28039.45,28802.5,27916.9,28606.0,595796701,,,
2020-11-11,28713.15,29030.9,28211.1,28845.0,497507807,,,
2020-11-12,28633.75,28672.9,28066.05,28278.8,308960319,,,
2020-11-13,28108.7,28520.55,27703.3,28465.7,330891449,,,
2020-11-14,28685.7,28752.45,28431.85,28594.3,43672347,,,
2020-11-17,28792.25,29239.25,28722.9,29181.3,317307486,,,
2020-11-18,29107.9,29784.75,29056.75,29749.85,487620929,,,
2020-11-19,29302.6,29627.2,28819.55,28903.05,358602987,,,
2020-11-20,28935.75,29406.7,28580.9,29236.0,320010076,,,
2020-11-23,29432.8,29492.3,28852.9,29024.2,395630008,,,
2020-11-24,29265.6,29827.8,29206.75,29737.25,348058801,,,
2020-11-25,30021.9,30197.85,29132.3,29196.4,546078327,,,
2020-11-26,29370.4,29623,28923.1,29549.75,369368245,,,
2020-11-27,29622,29716.85,29368.7,29609.05,494394896,,,
2020-12-01,29844.8,29919.75,29511,29817.85,325606521,,,
2020-12-02,29876.7,29886.25,29149.9,29463.15,374276909,,,
2020-12-03,29728.9,29813,29379.4,29448.75,419239179,,,
2020-12-04,29573.4,30162.3,29473.5,30052.4,466911596,,,
2020-12-07,30062.6,30354.2,29950.6,30211.55,431765351,,,
2020-12-08,30300.3,30363.8,30025.2,30261.9,586847601,,,
2020-12-09,30335.05,30807.25,30326.7,30709.4,542515807,,,
2020-12-10,30545.35,30610,30202.1,30510.35,335772472,,,
2020-12-11,30555.3,30811.8,30328.45,30604.85,409937035,,,
2020-12-14,30735.15,30845.8,30624.25,30745.9,269034727,,,
2020-12-15,30805.4,30805.85,30345.75,30691.05,279367757,,,
2020-12-16,30920.35,30932.25,30587.1,30698.4,380587654,,,
2020-12-17,30791.2,30945.2,30643.9,30847.05,260660598,,,
2020-12-18,30841.85,30854.05,30374.5,30714.65,278144935,,,
2020-12-21,30595.8,30607.5,29201.2,29456.45,390941877,,,
2020-12-22,29607.5,29711.15,28976.75,29625.95,464415052,,,
2020-12-23,29560.75,29941.4,29446,29883.3,379383537,,,
2020-12-24,30071.65,30545.85,30007.8,30402.2,300013358,,,
2020-12-28,30558.85,30929.05,30538.15,30880.95,317207023,,,
2020-12-29,31006.9,31359.35,31002.6,31322.5,389215378,,,
2020-12-30,31479.8,31510.25,31007.15,31303.05,267799744,,,
2020-12-31,31295.9,31409.5,31088.1,31264.05,364121772,,,
2021-01-01,31297.3,31384.35,31188.25,31225.85,362816824,,,
2021-01-04,31485.15,31489.6,30893.65,31212.45,455777638,,,
2021-01-05,31041.1,31767.65,30935.55,31722.25,427039458,,,
2021-01-06,31839.95,31982.3,31548.15,31797.9,546145047,,,
2021-01-07,32129.8,32177.4,31911.5,31956.0,503480241,,,
2021-01-08,32298.05,32298.05,32002.95,32084.2,320076839,,,
2021-01-11,32280.3,32288.45,31836.95,31998.9,262149604,,,
2021-01-12,31835.05,32397.95,31725.85,32339.0,518130302,,,
2021-01-13,32546.6,32683.5,32148.25,32574.65,631806349,,,
2021-01-14,32526.7,32718.95,32442.35,32519.75,418770741,,,
2021-01-15,32508.9,32544.8,32044.35,32246.8,441548129,,,
2021-01-18,32275.15,32441.5,31650.9,31811.75,396843076,,,
2021-01-19,32082.9,32464.95,31863.95,32424.85,354794656,,,
2021-01-20,32388.95,32607.45,32322.9,32543.7,463373596,,,
2021-01-21,32732.8,32842.3,31985.55,32186.9,429690838,,,
2021-01-22,32088,32131.4,31119.9,31167.25,447189924,,,
2021-01-25,31507.15,31697.55,31013.65,31198.4,354685592,,,
2021-01-27,31236.25,31287.05,30165.65,30284.55,374955694,,,
2021-01-28,29812.3,30464.4,29687.7,30358.3,616602174,,,
2021-01-29,30700.65,31111.95,30254.55,30565.5,491234852,,,
2021-02-01,30976.35,33305.3,30906.45,33089.05,724603063,,,
2021-02-02,33589.05,34652.5,33583.15,34267.9,672200917,,,
2021-02-03,34555.6,34908.05,34011.9,34758.45,605204158,,,
2021-02-04,34548.9,35413.15,34238.9,35344.8,829671813,,,
2021-02-05,35634.95,36615.2,35545,35654.5,929584155,,,
2021-02-08,36073.85,36466.45,35872.25,35983.65,448653152,,,
2021-02-09,36058.8,36477.15,35636.85,36056.5,692481033,,,
2021-02-10,36042.35,36227.2,35428.15,35783.1,454605536,,,
2021-02-11,35687.25,36009.45,35573.3,35752.1,397926100,,,
2021-02-12,35736.6,36322.8,35700.25,36108.9,400613273,,,
2021-02-15,36501.4,37449.9,36405.1,37306.25,395960815,,,
2021-02-16,37492.6,37708.75,36762.75,37098.4,498415137,,,
2021-02-17,37041.95,37331.45,36764.25,36910.95,850487354,,,
2021-02-18,37088.75,37108.75,36367.45,36587.0,860331083,,,
2021-02-19,36371.55,36656.2,35584.6,35841.6,1057099488,,,
2021-02-22,35874.3,36128.9,35097.55,35257.2,558736003,,,
2021-02-23,35540.55,35680.85,34976,35116.95,495062997,,,
2021-02-24,35205.4,36567.65,35060.65,36452.3,272875395,,,
2021-02-25,36763.15,37232.2,36494,36549.0,455940302,,,
2021-02-26,35806.65,35902.9,34658.7,34803.6,583014812,,,
2021-03-01,35374.25,35581.1,34983.75,35296.0,321453194,,,
2021-03-02,35458.15,35747.05,35002.45,35419.7,313565974,,,
2021-03-03,35754.45,36455.15,35570.55,36368.05,526962435,,,
2021-03-04,35575.65,36316.4,35519.25,35802.5,518584470,,,
2021-03-05,35458.5,35616.05,34893.25,35228.15,479018691,,,
2021-03-08,35462.45,35827.3,35090.75,35275.75,300221829,,,
2021-03-09,35705.9,36077.8,35544.95,35865.65,276564848,,,
2021-03-10,36112.25,36176.9,35764.35,35938.3,210555025,,,
2021-03-12,36497.35,36497.35,35188.05,35496.65,273642948,,,
2021-03-15,35544.25,35544.25,34430.65,35182.55,353005770,,,
2021-03-16,35352,35405.05,34744.6,34804.6,311778180,,,
2021-03-17,34905.05,35100.5,34126.85,34229.25,294340779,,,
2021-03-18,34577.5,34759.85,33597.55,33856.8,365798753,,,
2021-03-19,33590.4,34355.4,33361,34161.6,457208862,,,
2021-03-22,34088.4,34148.9,33389.15,33603.45,298859239,,,
2021-03-23,33747.95,34360.05,33622,34184.4,365205246,,,
2021-03-24,33894.7,33970.65,33203.4,33293.25,345484145,,,
2021-03-25,33420.75,33550.15,32415.25,33006.45,486186269,,,
2021-03-26,33605.05,33610.65,33166.1,33318.2,291664756,,,
2021-03-30,33615.9,33990.8,33564.55,33875.1,374227813,,,
2021-03-31,33764.8,33773.1,33151.8,33303.9,317682921,,,
2021-04-01,33588,33949.15,33208.75,33858.0,275264439,,,
2021-04-05,33649.15,33697.75,32330.15,32678.85,306389349,,,
2021-04-06,32915.65,33007.65,32338.4,32501.35,263466128,,,
2021-04-07,32529.7,33191.7,32141.55,32991.2,301661823,,,
2021-04-08,33154.2,33306.8,32704.75,32782.85,242109321,,,
2021-04-09,32636.9,32972.15,32329.95,32448.05,342531390,,,
2021-04-12,31637.9,31698.05,30520.3,30792.0,500839301,,,
2021-04-13,30901.8,31885.45,30722.85,31771.6,394495718,,,
2021-04-15,31929.1,32187.05,31406.4,32112.85,359820808,,,
2021-04-16,32161.45,32325.15,31911.9,31977.45,282437841,,,
2021-04-19,30993.45,31304.3,30405.65,31208.4,371591981,,,
2021-04-20,31568.95,31731.65,30891,31112.7,301980700,,,
2021-04-22,30763.5,31834.5,30555.25,31782.6,324393822,,,
2021-04-23,31490.6,32148.4,31377.15,31722.3,333782207,,,
2021-04-26,32316.65,32603.7,32144.8,32275.15,312038031,,,
2021-04-27,32228.95,32807.1,32152.95,32735.35,298418626,,,
2021-04-28,32865.5,33777.7,32840.3,33722.8,354104361,,,
2021-04-29,33901.6,34287,33304.6,33714.5,381173342,,,
2021-04-30,33112.4,33455.25,32663.4,32781.8,356408638,,,
2021-05-03,32368.55,32566.6,31906.55,32465.75,313628139,,,
2021-05-04,32610.4,33011.55,32191.4,32270.35,672537145,,,
2021-05-05,32577.1,32862.15,32068.55,32783.7,343564356,,,
2021-05-06,32900.75,32956.35,32564,32827.8,268011511,,,
2021-05-07,33041.65,33259.15,32771.35,32904.5,261346010,,,
2021-05-10,33175.3,33297.6,33028.15,33142.4,366829284,,,
2021-05-11,32640.95,33154.3,32611.7,32872.2,410859353,,,
2021-05-12,32717.65,32747.7,32352.3,32452.3,530601264,,,
2021-05-14,32495.15,32622.65,32115.5,32169.55,344502670,,,
2021-05-17,32437.85,33506.9,32318.7,33459.25,432480348,,,
2021-05-18,33893.1,34142.85,33730.45,33922.4,385809306,,,
2021-05-19,33717.1,33959.3,33608.25,33685.2,310365750,,,
2021-05-20,33692.55,33833.7,33273.95,33334.55,498149396,,,
2021-05-21,33559.8,34694.45,33559.75,34606.9,534919600,,,
2021-05-24,34869.3,35216.1,34528.3,34943.6,618209361,,,
2021-05-25,35095,35125.85,34410.4,34662.0,349434738,,,
2021-05-26,34757.15,34897.95,34462.5,34684.2,321416671,,,
2021-05-27,34664.2,35220.8,34529.7,35095.05,726180251,,,
2021-05-28,35345.65,35436.65,34977.2,35141.45,551320823,,,
2021-05-31,35097.45,35584.3,34930.1,35526.65,379880136,,,
2021-06-01,35639.75,35713.9,35241.2,35337.2,323916139,,,
2021-06-02,35271.6,35415.85,35070.3,35373.75,591363574,,,
2021-06-03,35536.45,35723.7,35413,35649.0,421766510,,,
2021-06-04,35657.85,35810.9,35176.15,35291.65,282780039,,,
2021-06-07,35460.8,35545.85,35338.55,35443.65,253219977,,,
2021-06-08,35433.8,35449.5,34962.65,35085.3,214827767,,,
2021-06-09,35114.25,35402.45,34641.2,34800.5,315893506,,,
2021-06-10,34903.6,35165.65,34734.4,35131.2,324664716,,,
2021-06-11,35324.65,35344,34891.3,35047.4,192127390,,,
2021-06-14,34936.55,34995.15,34374.35,34950.6,311604282,,,
2021-06-15,35038.05,35317.4,34917.9,35247.75,170044245,,,
2021-06-16,35196.25,35380,34916.2,35003.5,157933211,,,
2021-06-17,34619.8,34882.4,34458.1,34605.4,199243725,,,
2021-06-18,34735.15,34787.4,33908.95,34558.0,274819851,,,
2021-06-21,34109.45,34927.65,33937.5,34871.3,260354639,,,
2021-06-22,35084.9,35281.9,34664.35,34745.0,264369582,,,
2021-06-23,34911.85,34937.65,34525.45,34574.0,315407199,,,
2021-06-24,34687.7,34935.3,34592.35,34827.0,210383466,,,
2021-06-25,34916.65,35491.95,34915.85,35364.65,236854047,,,
2021-06-28,35488.2,35576.95,35236.45,35359.45,320196203,,,
2021-06-29,35320.45,35337.45,34913.7,35010.3,266274918,,,
2021-06-30,35001.9,35214.9,34730.45,34772.2,249544293,,,
2021-07-01,34866,34917.65,34650.95,34684.0,164003666,,,
2021-07-02,34728.1,34894.45,34632.6,34809.9,165618523,,,
2021-07-05,35010.95,35234.3,34926.4,35212.0,164345876,,,
2021-07-06,35173.6,35807.45,35165.55,35579.15,179452046,,,
2021-07-07,35550.6,35795.75,35427.65,35771.3,151482780,,,
2021-07-08,35603.25,35811,35134.65,35274.1,169181977,,,
2021-07-09,35163.75,35225.2,34859.9,35071.95,145257589,,,
2021-07-12,35285.05,35394.3,35060.35,35198.9,183089619,,,
2021-07-13,35480.05,35727.85,35340.7,35673.4,134145673,,,
2021-07-14,35585.85,35804.05,35434.75,35668.25,103104332,,,
2021-07-15,35757.45,35985.25,35625.7,35907.65,116401975,,,
2021-07-16,35977.95,35977.95,35674.75,35751.8,124898578,,,
2021-07-19,35070.5,35347.05,34899.2,35079.2,130897303,,,
2021-07-20,34791.15,34894.15,34357.35,34415.45,159709578,,,
2021-07-22,34774.55,34989.1,34557.85,34677.3,164037904,,,
2021-07-23,34748.35,35088,34404.75,35034.4,200257651,,,
2021-07-26,34947.85,35138.2,34669.55,34949.7,179131153,,,
2021-07-27,35029.3,35186.1,34713.55,34797.45,173044876,,,
2021-07-28,34839.45,34841.55,34115.2,34532.9,174745645,,,
2021-07-29,34740.3,34778.15,34495.2,34691.5,195999122,,,
2021-07-30,34698.75,34738.75,34445.4,34584.35,174178173,,,
2021-08-02,34760.9,34861.75,34588.25,34710.0,241611859,,,
2021-08-03,34660.75,35238.45,34649.2,35207.45,254949840,,,
2021-08-04,35388.15,36219.8,35313,36028.05,363137299,,,
2021-08-05,36093.95,36115.45,35661.3,35834.75,312002845,,,
2021-08-06,35875.8,36080.1,35700.45,35809.25,230463834,,,
2021-08-09,35824.2,36159.85,35612.3,36028.95,166874234,,,
2021-08-10,35954.55,36317,35890.5,36034.1,201187741,,,
2021-08-11,36218.25,36227.55,35531.35,35806.4,200203008,,,
2021-08-12,35825.4,35998.15,35702.9,35937.05,122331527,,,
2021-08-13,36000.75,36233.3,35937.1,36169.35,125846393,,,
2021-08-16,36100.65,36261.55,36032.4,36094.5,87300657,,,
2021-08-17,35935.05,35993.7,35611.85,35867.45,118332001,,,
2021-08-18,36222.5,36248.9,35432,35554.5,140479197,,,
2021-08-20,35146.5,35306.5,34926.5,35033.85,181201194,,,
2021-08-23,35424.2,35427.4,34817.5,35124.4,174160064,,,
2021-08-24,35200.75,35795.3,35070,35712.1,173607876,,,
2021-08-25,35768.85,35910.3,35499.65,35586.25,144304924,,,
2021-08-26,35485.95,35785.8,35411.8,35617.55,136431065,,,
2021-08-27,35559.75,35727.9,35359.25,35627.8,120863177,,,
2021-08-30,35781.05,36398.45,35721.9,36347.65,150364401,,,
2021-08-31,36367.4,36552.8,36216.2,36424.6,210320042,,,
2021-09-01,36591.45,36997.7,36487.15,36574.3,181520267,,,
2021-09-02,36588.4,36895.55,36469,36831.3,118881969,,,
2021-09-03,36883.65,37140,36563.2,36761.15,155572966,,,
2021-09-06,36878.25,36923.65,36554.45,36592.35,88610035,,,
2021-09-07,36558.85,36685.85,36151.95,36468.8,124504318,,,
2021-09-08,36519.7,36855.9,36393.6,36768.2,175840330,,,
2021-09-09,36725.5,36857.2,36566.7,36683.2,83638944,,,
2021-09-13,36608.45,36724.85,36327.05,36471.8,82205571,,,
2021-09-14,36639.95,36756,36529.65,36613.05,109343491,,,
2021-09-15,36543.55,36949.7,36496.05,36852.25,177854499,,,
2021-09-16,36946,37720.15,36907.75,37668.6,423076588,,,
2021-09-17,37929.5,38112.75,37396.05,37811.95,335066214,,,
2021-09-20,37388.2,37802.75,37068.45,37145.7,152042291,,,
2021-09-21,37238.4,37340.7,36525.95,37235.85,153954277,,,
2021-09-22,37277.1,37328.6,36885.6,36944.65,106372965,,,
2021-09-23,37241.25,37830.75,37216.15,37771.7,139137134,,,
2021-09-24,37954,38112.6,37680,37830.3,138418570,,,
2021-09-27,38054.75,38355.2,37968.2,38171.25,112955375,,,
2021-09-28,38360,38377.25,37315.2,37945.0,200987747,,,
2021-09-29,37601.1,37923.45,37371.05,37743.0,260519352,,,
2021-09-30,37677.8,37884.85,37354.25,37425.1,235076302,,,
2021-10-01,37140.4,37299.4,36876.35,37225.9,189209173,,,
2021-10-04,37392.15,37670.7,37355.6,37579.65,146438070,,,
2021-10-05,37499.8,37786.6,37364.75,37741.0,153094965,,,
2021-10-06,37768.8,38106.85,37452,37521.55,204213956,,,
2021-10-07,37894,37923.65,37650.25,37753.2,136415691,,,
2021-10-08,37906.4,38105.2,37674.35,37775.25,168175930,,,
2021-10-11,37782.75,38495.3,37744.65,38293.8,136093225,,,
2021-10-12,38178.35,38609.6,38144.6,38521.5,201279829,,,
2021-10-13,38735.3,38779.05,38502.7,38635.75,205858894,,,
2021-10-14,38684.65,39375.05,38673,39340.9,249639376,,,
2021-10-18,39794.25,39947.6,39569.55,39684.8,580029143,,,
2021-10-19,39927.3,40011.15,39394.25,39540.5,274854608,,,
2021-10-20,39545.45,39774.55,39292.8,39518.2,236894524,,,
2021-10-21,39676.55,40200.45,39428.1,40030.2,271266226,,,
2021-10-22,40192.65,40587.35,40149.55,40323.65,370521433,,,
2021-10-25,40961.25,41829.6,40508.1,41192.4,476829654,,,
2021-10-26,41057.75,41367.25,40829.15,41238.3,437106559,,,
2021-10-27,41234.55,41347,40750,40874.35,322833423,,,
2021-10-28,40915.15,40931.05,39350.2,39508.95,512721476,,,
2021-10-29,39424.55,39775.25,38426.65,39115.6,341299932,,,
2021-11-01,39432.15,39862.6,39120.65,39763.75,203227931,,,
2021-11-02,39796.9,40107.6,39590.7,39938.45,265000402,,,
2021-11-03,40040.65,40160.2,39304.85,39402.05,267471244,,,
2021-11-04,39669.1,39734.7,39514.15,39573.7,38771464,,,
2021-11-08,39674.05,39674.05,38932.15,39438.25,212859120,,,
2021-11-09,39517.85,39560.6,39223.4,39368.8,203521905,,,
2021-11-10,39206.2,39220.3,38873.8,39023.25,167942059,,,
2021-11-11,38913.05,38929.95,38346.05,38560.2,146046747,,,
2021-11-12,38707.15,38822.85,38467.8,38733.35,136008185,,,
2021-11-15,38849.45,39117.15,38606.6,38702.35,112339108,,,
2021-11-16,38710.9,38724.7,38211.1,38307.1,129073386,,,
2021-11-17,38113.4,38456.3,37981.2,38041.55,139261045,,,
2021-11-18,38071.9,38233.95,37748.45,37976.25,238703538,,,
2021-11-22,38232.15,38241,36655.4,37128.8,209492175,,,
2021-11-23,36787,37448.75,36647.55,37272.8,188686871,,,
2021-11-24,37384.75,37891.9,37238.05,37441.95,157620877,,,
2021-11-25,37362.05,37507.95,37118.4,37364.75,140754665,,,
2021-11-26,36830.9,36868.9,35904.1,36025.5,211362819,,,
2021-11-29,36224.45,36347.85,35327.9,35976.45,187220921,,,
2021-11-30,35958.8,36774.2,35526.35,35695.3,227277255,,,
2021-12-01,35902.9,36445.35,35805,36364.9,173851062,,,
2021-12-02,36281.85,36563.5,36166.7,36508.25,131729305,,,
2021-12-03,36497.3,36844,36062.85,36197.15,138908168,,,
2021-12-06,36252.75,36344.55,35696.75,35735.9,136034034,,,
2021-12-07,36086.95,36820.7,36013.95,36618.4,146690900,,,
2021-12-08,37052.75,37384.8,36905.15,37284.7,164970767,,,
2021-12-09,37331.75,37397.55,36884.45,37082.45,123180683,,,
2021-12-10,37083.15,37153.25,36824.4,37105.65,170851309,,,
2021-12-13,37358.2,37581.05,36861.9,36925.25,157271322,,,
2021-12-14,36778.95,37039.05,36545.4,36893.95,132155329,,,
2021-12-15,36929.5,37083.5,36743.2,36789.55,105795292,,,
2021-12-16,37092.95,37159.3,36385.75,36548.65,112689350,,,
2021-12-17,36491.8,36550.75,35535.05,35618.65,152082650,,,
2021-12-20,35124.35,35231.1,34018.45,34439.85,200121444,,,
2021-12-21,34863.35,35050,34389.95,34607.85,159620617,,,
2021-12-22,34865.25,35112.1,34687.6,35029.5,128585560,,,
2021-12-23,35350.5,35477.3,35046.25,35191.15,114199334,,,
2021-12-24,35282.2,35327.95,34583.4,34857.05,132458164,,,
2021-12-27,34573.65,35143.7,34233,35057.9,335136830,,,
2021-12-28,35308.3,35352.4,35037.9,35183.8,181620183,,,
2021-12-29,35168.85,35378.3,34890.8,35045.4,122522831,,,
2021-12-30,34977.65,35179.05,34751.25,35063.6,328003519,,,
2021-12-31,35114.4,35596.95,35113.75,35481.7,210320259,,,
2022-01-03,35585.2,36492.1,35526.6,36421.9,219015015,,,
2022-01-04,36551.25,36887.8,36374.4,36840.15,190538010,,,
2022-01-05,36943.55,37862.4,36756.35,37695.9,237374910,,,
2022-01-06,37242.55,37752.5,37058.45,37490.25,199034793,,,
2022-01-07,37667.05,38134.85,37427.8,37739.6,183337111,,,
2022-01-10,37930.55,38400.35,37929.35,38347.9,206472501,,,
2022-01-11,38370,38504.6,38031.75,38442.2,159537910,,,
2022-01-12,38719.6,38851.45,38604.6,38727.55,156053463,,,
2022-01-13,38717.55,38717.55,38376.15,38469.95,159208683,,,
2022-01-14,38302.35,38448.05,38007.75,38370.4,148647294,,,
2022-01-17,38212.55,38617.5,38138.25,38216.15,140304025,,,
2022-01-18,38337.4,38855.55,38095.4,38210.3,168774319,,,
2022-01-19,38145.75,38330.5,37769.25,38041.35,165345459,,,
2022-01-20,38106.1,38167.95,37591.85,37850.85,149614744,,,
2022-01-21,37522.35,37741,37224.25,37574.3,157806216,,,
2022-01-24,37601.95,37694.7,36375.35,36947.55,231032351,,,
2022-01-25,36598.05,37788.8,36415.6,37706.75,267527334,,,
2022-01-27,37058.2,38147.65,37012.25,37982.1,346316385,,,
2022-01-28,38246.6,38421.7,37581.5,37689.4,294272749,,,
2022-01-31,38091.8,38217.25,37647.85,37975.35,217789465,,,
2022-02-01,38460.45,38802.7,37690.6,38505.5,234113973,,,
2022-02-02,38841.55,39386.6,38752.65,39330.5,252636678,,,
2022-02-03,39255.7,39424.85,38861.15,39010.0,193762539,,,
2022-02-04,39128,39278.6,38562.6,38789.35,163095693,,,
2022-02-07,38592.05,38837.55,37802.7,37995.45,241900647,,,
2022-02-08,38176.1,38222.1,37319.05,38028.45,200188205,,,
2022-02-09,38283.6,38648.15,38192,38610.25,124856780,,,
2022-02-10,38801.45,39197.2,38520,39010.95,147797202,,,
2022-02-11,38567.65,38790.25,38396.4,38517.25,154963046,,,
2022-02-14,37664,37796.55,36828.05,36908.55,213830951,,,
2022-02-15,36989.8,38231.6,36651.85,38170.1,192987946,,,
2022-02-16,38296.5,38461.7,37762.8,37953.8,170090059,,,
2022-02-17,38042.1,38124.5,37425.6,37531.65,136324646,,,
2022-02-18,37344.45,37817.55,37304.45,37599.15,113457242,,,
2022-02-21,37400,38054.4,37156.8,37685.6,143330237,,,
2022-02-22,36833,37659.4,36818.1,37371.65,159396702,,,
2022-02-23,37628.55,37774.6,37318,37392.05,137348932,,,
2022-02-24,36085.2,36709.15,34991.35,35228.1,427755807,,,
2022-02-25,35901.7,36684.65,35768.2,36430.75,372802626,,,
2022-02-28,35938.95,36270.25,35611.9,36205.3,238280153,,,
2022-03-02,35381.9,35553.7,34897.45,35372.8,211288285,,,
2022-03-03,35621.15,35804.15,34721.15,34944.3,172533577,,,
2022-03-04,34526.1,35097.75,34094.1,34407.8,194466533,,,
2022-03-07,33278.15,33543.3,32376.5,32871.25,248860897,,,
2022-03-08,32531.9,33263.55,32155.35,33158.1,276830725,,,
2022-03-09,33278.9,33969.5,32948.9,33815.45,258456568,,,
2022-03-10,35153.95,35374.15,34218.05,34475.6,273948531,,,
2022-03-11,34331,34880.05,34094.3,34546.25,169532120,,,
2022-03-14,34660.25,35435.1,34625.05,35312.15,193297091,,,
2022-03-15,35467.95,35643.8,34706.05,35022.65,224193669,,,
2022-03-16,35555.75,35806.35,35461.55,35748.25,173798310,,,
2022-03-17,36302,36611.95,36261.65,36428.55,181953699,,,
2022-03-21,36545.85,36600.2,35900.2,36018.5,128655959,,,
2022-03-22,35975.6,36468.8,35384.75,36348.55,202887630,,,
2022-03-23,36627.7,36827.6,36064.75,36147.35,197900273,,,
2022-03-24,35633.7,35957.7,35421.7,35527.1,205174581,,,
2022-03-25,35700.4,35717.4,35203.85,35410.1,156997410,,,
2022-03-28,35488.7,35770.8,35016.3,35710.5,197017630,,,
2022-03-29,35931.75,35977.2,35506.55,35847.4,177135786,,,
2022-03-30,36241.55,36421.1,36070.55,36334.3,325637452,,,
2022-03-31,36457.2,36590.85,36278.15,36373.6,188135977,,,
2022-04-01,36298.35,37209.8,36242.35,37148.5,245689573,,,
2022-04-04,37824.95,38765.85,37665.55,38635.2,309170581,,,
2022-04-05,38731.3,38759.25,37935.95,38067.9,220560341,,,
2022-04-06,37711.3,37868.5,37513.85,37632.8,198848773,,,
2022-04-07,37421.75,37975.9,37346.8,37557.35,245018646,,,
2022-04-08,37619.7,37884.2,37405.2,37752.05,202237753,,,
2022-04-11,37591.75,37941.75,37524.45,37613.8,132096631,,,
2022-04-12,37407.4,37920.6,37264.45,37747.4,171033301,,,
2022-04-13,37887.3,37988.6,37408.2,37463.4,143255004,,,
2022-04-18,36833.15,36965.85,36441.35,36729.0,182939705,,,
2022-04-19,36806.8,37123.55,35926.3,36341.6,216336217,,,
2022-04-20,36482.6,36513.85,36114.05,36314.9,153381114,,,
2022-04-21,36513.1,36913.35,36395.7,36816.1,132687618,,,
2022-04-22,36514.15,36578.95,35991.5,36044.75,140125764,,,
2022-04-25,35792.35,36270.15,35511.4,36082.35,183091482,,,
2022-04-26,36515.35,36604.55,36265.9,36404.8,143384158,,,
2022-04-27,36067.55,36175.9,35747.15,36028.85,134244167,,,
2022-04-28,36189.95,36501.1,35951.1,36422.2,137268325,,,
2022-04-29,36474.05,36718.8,35978.95,36088.15,172738822,,,
2022-05-02,35627.6,36235.25,35618.2,36163.75,170186563,,,
2022-05-04,36266.15,36309.3,35127.85,35264.55,214565013,,,
2022-05-05,35705.35,35934.85,35133.8,35232.85,167319447,,,
2022-05-06,34569.1,34797.95,34353.2,34591.2,199208045,,,
2022-05-09,34091.75,34554.35,33927.2,34275.4,179918781,,,
2022-05-10,34181.2,34781.8,34176.8,34482.65,137963004,,,
2022-05-11,34686.3,34793.2,34143.2,34693.15,179510699,,,
2022-05-12,34289.1,34341.2,33297.65,33532.15,382113108,,,
2022-05-13,33925.95,34002.2,33007.9,33121.35,272709547,,,
2022-05-16,33256,33821.65,33001.75,33597.6,195136858,,,
2022-05-17,33796.2,34366.05,33680.6,34301.9,161500305,,,
2022-05-18,34448.2,34655.8,34134.7,34163.7,146780579,,,
2022-05-19,33461,33633.95,33180.6,33315.65,150355852,,,
2022-05-20,33765.15,34358.05,33658.05,34276.4,129371809,,,
2022-05-23,34321.4,34819.95,34117.35,34247.6,155978859,,,
2022-05-24,34223.2,34586.45,34115.8,34290.15,163680878,,,
2022-05-25,34491.8,34722.6,34285.8,34339.5,153586250,,,
2022-05-26,34670.6,35222.05,34424.75,35094.9,191472056,,,
2022-05-27,35326.6,35694.85,35291.95,35613.3,132560154,,,
2022-05-30,35958.8,36083.7,35748.45,35826.95,126987258,,,
2022-05-31,35615.3,35881.95,35288.95,35487.4,149259006,,,
2022-06-01,35358.95,35768.7,35285.45,35620.8,100780723,,,
2022-06-02,35470.95,35676.2,35385,35613.65,140705809,,,
2022-06-03,35929.55,35958.45,35175.1,35275.05,104814655,,,
2022-06-06,35159.15,35424.5,35072.3,35310.2,100771005,,,
2022-06-07,35080.8,35154.3,34834.4,34996.0,91646535,,,
2022-06-08,35165.65,35449.9,34831.75,34946.15,124570051,,,
2022-06-09,34802.25,35149.1,34659.1,35085.45,100853057,,,
2022-06-10,34686.95,34752.45,34346.65,34483.8,90046261,,,
2022-06-13,33728.65,33774.05,33210.35,33405.85,131878152,,,
2022-06-14,33180.6,33618.15,33123.9,33311.35,113203955,,,
2022-06-15,33317.8,33554.55,33249.55,33339.0,90841434,,,
2022-06-16,33648.8,33756.5,32537.95,32617.1,129460359,,,
2022-06-17,32393.45,32889.8,32290.55,32743.05,139831116,,,
2022-06-20,32873.4,32926.1,32426.4,32684.8,144370096,,,
2022-06-21,32978.05,33593.8,32797.55,33191.75,258145491,,,
2022-06-22,33051.65,33106.95,32758.15,32845.3,134963895,,,
2022-06-23,32927.4,33431.75,32652.15,33135.0,193128024,,,
2022-06-24,33434.8,33721.9,33390.85,33627.45,149780074,,,
2022-06-27,34126.2,34147.5,33735.5,33811.25,111396233,,,
2022-06-28,33578.2,33745.3,33503.3,33642.45,124952463,,,
2022-06-29,33273.55,33422.8,33185.25,33269.9,140799943,,,
2022-06-30,33180.7,33659.3,33179.6,33425.1,149540388,,,
2022-07-01,33264.75,33666.5,33080.45,33539.45,149938425,,,
2022-07-04,33558.85,33978.5,33515.6,33940.9,152556102,,,
2022-07-05,34084.7,34361.05,33757,33815.9,115009518,,,
2022-07-06,33929.4,34388.5,33876.15,34324.25,122736123,,,
2022-07-07,34627.4,34965.75,34553.1,34920.3,183971600,,,
2022-07-08,35258.9,35262.1,34977.75,35124.05,108960960,,,
2022-07-11,35017.6,35543.1,35006.55,35469.65,130626231,,,
2022-07-12,35298.7,35419.65,35047.5,35132.25,113400721,,,
2022-07-13,35259.8,35308.15,34757.6,34827.8,103445255,,,
2022-07-14,34817.95,35027.6,34558.45,34651.2,121299657,,,
2022-07-15,34734.45,34899.95,34463.9,34682.65,99146838,,,
2022-07-18,34841.85,35382.5,34804.4,35358.7,146647066,,,
2022-07-19,35113.25,35761.65,35110.5,35720.35,183417644,,,
2022-07-20,36061.3,36182.7,35876.55,35972.1,173387817,,,
2022-07-21,36026.55,36331.7,35887.35,36201.0,153823216,,,
2022-07-22,36322.9,36823.45,36286.35,36738.95,143648249,,,
2022-07-25,36766.7,37011.2,36464.65,36726.4,139717215,,,
2022-07-26,36688.55,36695.75,36334.1,36408.5,113999344,,,
2022-07-27,36370.55,36808.3,36248.6,36783.75,113114710,,,
2022-07-28,37102.45,37414.4,37028.5,37378.15,172517903,,,
2022-07-29,37717.3,37754.65,37221.15,37491.4,166943703,,,
2022-08-01,37594.15,37939.6,37407.2,37903.2,346398736,,,
2022-08-02,37767.7,38179.85,37632.3,38024.0,317258561,,,
2022-08-03,37954.55,38068.6,37692.95,37989.25,200309289,,,
2022-08-04,38111.05,38231.85,37249.5,37755.55,186299709,,,
2022-08-05,37868.25,38150.45,37779.9,37920.6,175934673,,,
2022-08-08,37847.35,38302.35,37681.45,38237.4,174060090,,,
2022-08-10,38298.85,38402.95,38155.3,38287.85,163932855,,,
2022-08-11,38712.95,38932.1,38648.9,38879.85,200934788,,,
2022-08-12,38942.45,39088.9,38739.95,39042.3,125302422,,,
2022-08-16,39284.1,39444.6,39119.9,39239.65,128693114,,,
2022-08-17,39351.3,39504.5,39202.8,39461.7,169781319,,,
2022-08-18,39324.4,39703.7,39291.15,39656.15,137211137,,,
2022-08-19,39732.65,39759.15,38848.4,38985.95,148145662,,,
2022-08-22,38693.65,38732.85,38247.25,38297.75,124271138,,,
2022-08-23,37955.45,38869.9,37950.85,38697.65,176424816,,,
2022-08-24,38552.7,39120.8,38552.2,39038.5,214856203,,,
2022-08-25,39190.05,39471.75,38803.7,38950.75,333393428,,,
2022-08-26,39129.65,39337.1,38846.8,38987.15,196336796,,,
2022-08-29,38111.6,38397.1,37943.85,38276.7,158048031,,,
2022-08-30,38516.95,39606.55,38472.7,39536.75,176777679,,,
2022-09-01,38806.7,39667.65,38803.3,39301.25,191202076,,,
2022-09-02,39422.3,39595.85,39200.45,39421.0,133866628,,,
2022-09-05,39412.05,39865.2,39407.4,39805.75,214148830,,,
2022-09-06,39892.95,40073.75,39564.3,39666.5,210170553,,,
2022-09-07,39337.75,39572.05,39258.25,39455.9,138911320,,,
2022-09-08,39763.9,40265.75,39706.4,40208.95,203813147,,,
2022-09-09,40520.75,40685.95,40280.3,40415.7,207024632,,,
2022-09-12,40540.45,40684.9,40377.9,40574.0,146975257,,,
2022-09-13,40802.1,40904.3,40693.95,40873.1,176389650,,,
2022-09-14,40308.8,41626.9,40288.9,41405.4,218413793,,,
2022-09-15,41533.7,41840.15,41153.5,41209.2,245307055,,,
2022-09-16,40977.2,41162.5,40502.05,40776.8,244187210,,,
2022-09-19,40685.6,41184.25,40509.9,40904.4,206028623,,,
2022-09-20,41304.15,41677.65,41207.3,41468.3,175202873,,,
2022-09-21,41282.6,41501.7,40889.15,41203.45,151272542,,,
2022-09-22,40889.05,41159.2,40360.2,40630.6,209511312,,,
2022-09-23,40429.35,40528.4,39412.7,39546.25,226215831,,,
2022-09-26,39027.85,39229.4,38492.2,38616.25,241817411,,,
2022-09-27,38811.7,39050.5,38184.9,38359.15,168710754,,,
2022-09-28,38081.25,38368.8,37626.2,37759.85,210586461,,,
2022-09-29,38092.85,38283.4,37536.65,37647.75,253011531,,,
2022-09-30,37660,38811,37386.35,38631.95,246062095,,,
2022-10-03,38444.9,38641.6,37963.25,38029.65,172924636,,,
2022-10-04,38700.4,39177.5,38596.9,39110.05,241105104,,,
2022-10-06,39343.7,39608.35,39232.9,39282.85,158810472,,,
2022-10-07,39093.5,39235.05,38807.5,39178.05,165025353,,,
2022-10-10,38641.55,39315.7,38518.3,39093.1,159736922,,,
2022-10-11,39058.85,39174.95,38622.75,38712.45,177564848,,,
2022-10-12,38784.2,39164.1,38606.4,39118.55,195833128,,,
2022-10-13,38957.65,39061.3,38437.95,38624.0,158943750,,,
2022-10-14,39446.05,39570.85,39196.3,39305.6,185644333,,,
2022-10-17,39295.6,39974.7,39146.7,39920.45,201583880,,,
2022-10-18,40252.05,40435.35,40139.85,40318.75,245222591,,,
2022-10-19,40556.65,40643.6,40195.2,40373.2,232909831,,,
2022-10-20,40149.5,40208.35,39848.85,40099.55,262755229,,,
2022-10-21,40370.75,41032.25,40355.45,40784.05,324235366,,,
2022-10-24,41348.35,41427.25,41201.15,41304.9,74340462,,,
2022-10-25,41513.65,41530.65,41021.45,41122.75,351843000,,,
2022-10-27,41440.7,41511.8,41178.65,41299.3,239433580,,,
2022-10-28,41236.8,41482.4,40839.3,40990.85,237123178,,,
2022-10-31,41265.7,41353.7,41106.1,41307.9,237160424,,,
2022-11-01,41552.4,41677.25,41188.55,41289.55,304370269,,,
2022-11-02,41472.6,41474.3,41060.45,41146.65,175818779,,,
2022-11-03,40873.7,41478,40819.15,41298.35,263647704,,,
2022-11-04,41314.85,41516.2,41051.15,41258.45,190374317,,,
2022-11-07,41740.65,41779.4,41337.05,41686.7,393367764,,,
2022-11-09,41914.85,41948.9,41667.9,41783.2,490535505,,,
2022-11-10,41462.85,41643.9,41318.6,41603.75,253442361,,,
2022-11-11,42163.4,42345.5,41918.1,42137.05,255371301,,,
2022-11-14,42177.55,42231.45,41965.45,42076.75,142688761,,,
2022-11-15,42234.85,42450.05,42079.55,42372.7,139402527,,,
2022-11-16,42371.8,42611.75,42296.3,42535.3,185441496,,,
2022-11-17,42399.65,42622.75,42366.55,42458.05,165403381,,,
2022-11-18,42545.75,42590.75,42223.7,42437.45,280077146,,,
2022-11-21,42286.95,42386.8,42202.55,42346.55,259074794,,,
2022-11-22,42467.4,42508.75,42347.15,42457.05,216312501,,,
2022-11-23,42668.55,42860.55,42556.4,42729.1,359102191,,,
2022-11-24,42838.35,43163.4,42769.65,43075.4,204943911,,,
2022-11-25,43192.45,43339.15,42864.95,42983.95,502822545,,,
2022-11-28,42757.2,43159.8,42740,43020.45,238678224,,,
2022-11-29,42959.4,43279.6,42959.4,43053.45,223005594,,,
2022-11-30,43122.75,43332.3,42880.05,43231.0,201985065,,,
2022-12-01,43512.1,43515.05,43101.85,43260.65,268373857,,,
2022-12-02,42976.7,43131.9,42937.8,43103.75,212807580,,,
2022-12-05,43269.35,43372.15,42985,43332.95,242584555,,,
2022-12-06,43093.9,43306.85,43076.4,43138.55,379223460,,,
2022-12-07,43157.35,43327.35,42948.45,43098.7,242863321,,,
2022-12-08,43142.25,43640.9,43095.3,43596.85,355690534,,,
2022-12-09,43765.3,43853.4,43361.7,43633.45,443547931,,,
2022-12-12,43455.85,43767.05,43378.8,43708.75,234232065,,,
2022-12-13,43793.7,43983.8,43767.75,43946.55,276976649,,,
2022-12-14,44078.6,44151.8,43987.95,44049.1,349177761,,,
2022-12-15,43940.1,44120.6,43379.1,43498.2,421905538,,,
2022-12-16,43261.75,43598.2,43080.55,43219.5,275179647,,,
2022-12-19,43346.35,43451.45,43110.3,43413.75,175567612,,,
2022-12-20,43152.65,43426.2,42955.4,43359.5,182311453,,,
2022-12-21,43525.75,43614.65,42363.8,42617.95,279419632,,,
2022-12-22,42864,42933.5,42231.35,42408.8,344822506,,,
2022-12-23,41951.35,42226.65,41597.65,41668.05,332589359,,,
2022-12-26,41716.35,42846.15,41569.45,42630.15,323172447,,,
2022-12-27,42827.75,42927.2,42394.15,42859.5,229631139,,,
2022-12-28,42733.6,43034.95,42694.85,42827.7,230529712,,,
2022-12-29,42684.9,43498.05,42489.8,43252.35,308306902,,,
2022-12-30,43401.7,43422.95,42833.1,42986.45,258702240,,,
2023-01-02,43038.25,43382.75,42961.75,43203.1,179810215,,,
2023-01-03,43151.45,43482.8,43148.45,43425.25,197035356,,,
2023-01-04,43417.5,43578.4,42858.65,42958.8,216794117,,,
2023-01-05,43073.05,43137.55,42298.6,42608.7,189076453,,,
2023-01-06,42649.7,42685.9,41877,42188.8,195122493,,,
2023-01-09,42404.85,42716.8,42186.55,42582.75,161810057,,,
2023-01-10,42642,42674.25,41835.75,42014.75,179299558,,,
2023-01-11,42071.85,42318,41729,42232.7,169795551,,,
2023-01-12,42238.5,42343.5,41742.95,42082.25,154082042,,,
2023-01-13,42171.25,42453.95,41885.6,42371.25,205541498,,,
2023-01-16,42622.5,42715.65,42066.55,42167.55,312318332,,,
2023-01-17,42241.2,42383.8,41861.1,42235.05,256323734,,,
2023-01-18,42271.8,42555.9,42119.65,42458.0,170541076,,,
2023-01-19,42416.3,42506.25,42234.9,42328.85,143433045,,,
2023-01-20,42516.05,42709.2,42366.15,42506.8,159095177,,,
2023-01-23,42891.45,43005.85,42727.7,42821.25,203642546,,,
2023-01-24,42994.45,43078.9,42615.65,42733.45,159456752,,,
2023-01-25,42703.6,42733.05,41540.3,41647.65,244652804,,,
2023-01-27,41382.35,41417.9,40148.8,40345.3,350772977,,,
2023-01-30,39856.15,40789.55,39419.8,40387.45,369850300,,,
2023-01-31,40563.85,40811.65,40167.7,40655.05,289909966,,,
2023-02-01,41115,42015.65,39490.5,40513.0,400074985,,,
2023-02-02,39943.35,40757.6,39761.45,40669.3,348474505,,,
2023-02-03,41019.35,41539.95,40609.75,41499.7,308813058,,,
2023-02-06,41530.15,41724.5,41261.2,41374.65,197815054,,,
2023-02-07,41513.1,41630.75,41095.1,41490.95,171891231,,,
2023-02-08,41542.05,41791.95,41403.05,41537.65,136467692,,,
2023-02-09,41634,41634,41252.95,41554.3,142932785,,,
2023-02-10,41452.4,41678.9,41424.9,41559.4,154961683,,,
2023-02-13,41563.5,41662.55,41157.9,41282.2,147007745,,,
2023-02-14,41410.45,41718,41195.75,41648.35,143113944,,,
2023-02-15,41674.6,41795.45,41455.6,41731.05,116292441,,,
2023-02-16,41925.7,41979.1,41521.95,41631.35,111728729,,,
2023-02-17,41514,41516.3,40882.7,41131.75,138786944,,,
2023-02-20,41221.55,41292.6,40580.1,40701.7,143706468,,,
2023-02-21,40784.9,40946.2,40508.25,40673.6,170243478,,,
2023-02-22,40494.15,40529.25,39899,39995.9,155197486,,,
2023-02-23,39983.7,40147.8,39600.25,40001.55,200503324,,,
2023-02-24,40259.1,40348.1,39818.9,39909.4,144558694,,,
2023-02-27,39820.4,40371.45,39745.4,40307.1,165150412,,,
2023-02-28,40302.7,40391.45,40073,40269.05,327753581,,,
2023-03-01,40473.85,40725.35,40341.95,40698.15,169749567,,,
2023-03-02,40604.55,40773.25,40312.9,40389.8,149213201,,,
2023-03-03,40671.4,41390.15,40605.35,41251.35,213840069,,,
2023-03-06,41418.4,41671.2,41259.15,41350.4,180157976,,,
2023-03-08,41178.35,41625.35,41100.35,41577.1,157566079,,,
2023-03-09,41532.65,41659,41208.1,41256.75,119231844,,,
2023-03-10,40805.25,40839,40341.7,40485.45,145262034,,,
2023-03-13,40356.1,40690.05,39454.6,39564.7,174457859,,,
2023-03-14,39522.4,39768.5,39132.6,39411.4,205727331,,,
2023-03-15,39777.9,39914.1,38934.65,39051.5,164310498,,,
2023-03-16,39061.7,39381.4,38613.15,39132.6,196309704,,,
2023-03-17,39442.4,39705.15,38926.8,39598.1,173387891,,,
2023-03-20,39512.1,39512.1,38941.9,39361.95,173823282,,,
2023-03-21,39599.65,39970.9,39366.3,39894.7,187936424,,,
2023-03-22,40036,40085.6,39837.8,39999.05,143616857,,,
2023-03-23,39836.15,40201.6,39552.5,39616.9,153170787,,,
2023-03-24,39555.25,39767.9,39294.9,39395.35,166141025,,,
2023-03-27,39484.7,39695.2,39273.75,39431.3,194157987,,,
2023-03-28,39545.05,39645.2,39326.1,39567.9,202320127,,,
2023-03-29,39611.55,40055,39609.55,39910.15,259640527,,,
2023-03-31,40231.25,40690.4,40180.2,40608.65,188002824,,,
2023-04-03,40695.8,40857.6,40535.9,40813.05,167454466,,,
2023-04-05,40972.3,41071.15,40802.65,40999.15,177376872,,,
2023-04-06,40940.7,41274.7,40820.55,41041.0,196452877,,,
2023-04-10,41116.15,41139.85,40727.25,40834.65,153859989,,,
2023-04-11,41232,41403.25,40990.2,41366.5,219237547,,,
2023-04-12,41426,41610.15,41332,41557.95,142985802,,,
2023-04-13,41680.1,42196.2,41502.65,42132.55,232564439,,,
2023-04-17,42603.55,42603.55,41799,42262.55,229078748,,,
2023-04-18,42406.95,42500.7,42114.35,42265.2,214189864,,,
2023-04-19,42280.1,42339.9,42022.15,42154.0,169982419,,,
2023-04-20,42218.5,42378.15,42108.85,42269.5,180246791,,,
2023-04-21,42252.55,42382.15,41962.35,42118.0,144147297,,,
2023-04-24,42469.95,42714.15,42269.1,42635.75,201023928,,,
2023-04-25,42731.6,42865.55,42601.5,42678.5,262419867,,,
2023-04-26,42559.05,42875.6,42432.25,42829.9,177952224,,,
2023-04-27,42753.9,43043.4,42736.6,43000.85,181354187,,,
2023-04-28,43045.5,43302.05,42810.35,43233.9,238716537,,,
2023-05-02,43395.05,43483.85,43269.4,43352.1,241565172,,,
2023-05-03,43154.85,43354.95,43078.15,43312.7,175911031,,,
2023-05-04,43236.1,43739.8,43213.95,43685.45,175448903,,,
2023-05-05,43110.65,43588,42582.2,42661.2,251224734,,,
2023-05-08,42796.85,43418.55,42780.3,43284.0,223352243,,,
2023-05-09,43438.55,43533.25,43125.85,43198.15,228991809,,,
2023-05-10,43275.25,43383.65,42822.15,43331.05,249129783,,,
2023-05-11,43535.1,43774.25,43367.25,43475.3,190686219,,,
2023-05-12,43447.15,43905.95,43347.75,43793.55,144937627,,,
2023-05-15,43821.05,44151.7,43666.6,44072.1,161260256,,,
2023-05-16,44144.15,44144.15,43815.7,43903.7,222536217,,,
2023-05-17,43948.5,43992.75,43446.4,43698.7,203597921,,,
2023-05-18,44006.9,44079.2,43673.7,43752.3,226492176,,,
2023-05-19,43930,44020.9,43531.9,43969.4,192042449,,,
2023-05-22,43935.3,44026.75,43684.9,43885.1,183783537,,,
2023-05-23,43978.9,44095.25,43852.2,43954.45,142021247,,,
2023-05-24,43751.95,44010.45,43639.8,43677.85,148625634,,,
2023-05-25,43630.25,43719.85,43390.3,43681.4,170186160,,,
2023-05-26,43765.35,44067.6,43588.8,44018.0,143222738,,,
2023-05-29,44276.8,44483.35,44193.95,44311.9,148580468,,,
2023-05-30,44277.35,44498.6,44207.5,44436.35,157593352,,,
2023-05-31,44318,44339.05,43822.7,44128.15,305745119,,,
2023-06-01,44172.05,44179.95,43706.15,43790.2,182945759,,,
2023-06-02,43997.3,44088.9,43812.55,43937.85,123851342,,,
2023-06-05,44103.25,44266.15,44074.2,44101.65,124513498,,,
2023-06-06,44156.7,44236.2,44009.7,44164.55,123561408,,,
2023-06-07,44318.7,44346.3,44143.5,44275.3,119216872,,,
2023-06-08,44208.3,44459.25,43917.9,43995.25,160157265,,,
2023-06-09,44045.75,44220.1,43932.6,43989.0,132310915,,,
2023-06-12,44035.2,44124.95,43874.05,43944.2,91412250,,,
2023-06-13,43889.7,44138.15,43889.7,44079.85,160045490,,,
2023-06-14,44181.65,44212.35,43956.15,43988.0,154599371,,,
2023-06-15,44054.35,44077.45,43397.5,43443.6,228184460,,,
2023-06-16,43583.35,44083.25,43536.95,43938.15,234688714,,,
2023-06-19,44015.3,44040.35,43501.4,43633.75,234897358,,,
2023-06-20,43597.55,43823.95,43345.95,43766.5,161879136,,,
2023-06-21,43894.4,43946.7,43698.95,43859.2,179991909,,,
2023-06-22,43874.8,44042.15,43663.35,43724.85,263760682,,,
2023-06-23,43641.6,43824.1,43519.55,43622.9,161308806,,,
2023-06-26,43714.75,43773.1,43541.75,43641.05,120687324,,,
2023-06-27,43804.55,44194.65,43693.15,44121.5,137304064,,,
2023-06-28,44419.5,44508.4,44163.2,44327.8,243833321,,,
2023-06-30,44666,44787.1,44447.2,44747.35,191257943,,,
2023-07-03,44957.95,45353.2,44882.1,45158.1,228168358,,,
2023-07-04,45310.55,45655.5,45000.25,45301.45,462969627,,,
2023-07-05,45169.7,45418.9,45073.4,45151.8,366287666,,,
2023-07-06,45060.55,45417.5,45042.6,45339.9,244924069,,,
2023-07-07,45118.05,45227.25,44844.8,44925.0,220933310,,,
2023-07-10,44958.65,45184.3,44721.9,44860.85,220868631,,,
2023-07-11,44998,45139.55,44663.05,44745.05,208991985,,,
2023-07-12,44872.6,44937.25,44562.4,44639.45,233078214,,,
2023-07-13,45009.3,45085.15,44612.2,44665.05,336819265,,,
2023-07-14,44860.65,44923.85,44547.8,44819.3,196327724,,,
2023-07-17,44951.2,45556.45,44695.05,45449.75,245926389,,,
2023-07-18,45754.8,45905.85,45281.3,45410.85,307330861,,,
2023-07-19,45622.5,45707.4,45433,45669.3,261049956,,,
2023-07-20,45689.05,46256.2,45640.95,46186.9,315179894,,,
2023-07-21,46063.95,46369.5,45925.9,46075.2,235593414,,,
2023-07-24,46131.9,46191.5,45858.75,45923.05,225835415,,,
2023-07-25,46154.7,46156.1,45622.85,45845.0,228145332,,,
2023-07-26,45935.15,46096.6,45804.7,46062.35,298409899,,,
2023-07-27,46285.85,46310.1,45570.65,45679.3,320421936,,,
2023-07-28,45560.9,45727.75,45238.8,45468.1,194666588,,,
2023-07-31,45546.35,45694.9,45359.75,45651.1,247859113,,,
2023-08-01,45740,45782.75,45471.05,45592.5,175242040,,,
2023-08-02,45234.65,45404.9,44720.9,44995.7,233601314,,,
2023-08-03,44862.85,45038.45,44279.4,44513.45,245769556,,,
2023-08-04,44754.75,45118.05,44520.55,44879.5,245171463,,,
2023-08-07,44993.7,45011.35,44773.85,44837.5,200781677,,,
2023-08-08,44888.95,45096.85,44817.85,44964.45,229405682,,,
2023-08-09,44973.45,44975,44533.75,44880.7,177283295,,,
2023-08-10,44797.65,44980.35,44418.4,44541.8,232038617,,,
2023-08-11,44568.15,44571.25,44120.9,44199.1,196900504,,,
2023-08-14,44066.6,44212.75,43776.9,44090.95,172325405,,,
2023-08-16,43726.25,44002.8,43600.35,43946.4,159009616,,,
2023-08-17,43897.25,44071.85,43745.1,43891.35,266374133,,,
2023-08-18,43724.75,43957.65,43672.45,43851.05,167584420,,,
2023-08-21,43952.85,44113.8,43862,44002.0,126311003,,,
2023-08-22,44125,44151.3,43938.7,43993.25,160746391,,,
2023-08-23,44064.5,44521.65,43952.05,44479.05,212380487,,,
2023-08-24,44704.2,44949.9,44433.75,44496.2,220421097,,,
2023-08-25,44276.2,44359.1,43983.75,44231.45,152511949,,,
2023-08-28,44253.65,44610.4,44201.45,44494.65,162966392,,,
2023-08-29,44655.75,44673,44429.8,44495.25,140261809,,,
2023-08-30,44706.55,44779.65,44149.8,44232.6,153146734,,,
2023-08-31,44265.85,44399.65,43895.05,43989.15,705076481,,,
2023-09-01,43996.1,44568.55,43830.75,44436.1,320777071,,,
2023-09-04,44647.65,44656.05,44310.95,44578.3,238633547,,,
2023-09-05,44625.05,44668.7,44401.7,44532.15,225502820,,,
2023-09-06,44494.65,44577,44207.25,44409.1,252042492,,,
2023-09-07,44418.05,44915.55,44341.2,44878.35,169135265,,,
2023-09-08,44953.65,45383.35,44812.15,45156.4,179081128,,,
2023-09-11,45340.8,45636.2,45231.3,45570.7,228140725,,,
2023-09-12,45893.8,45893.8,45322.55,45511.35,271358960,,,
2023-09-13,45449.35,45990.5,45299.4,45909.45,441730790,,,
2023-09-14,46013.3,46153.9,45801.5,46000.85,238571609,,,
2023-09-15,46122.15,46310.4,46028.75,46231.5,278351267,,,
2023-09-18,46100.95,46252.95,45906.9,45979.85,348764457,,,
2023-09-20,45493.7,45745.15,45276.4,45384.6,334008742,,,
2023-09-21,45179.6,45276.8,44592.45,44623.85,257738910,,,
2023-09-22,44707.35,44996.75,44548.9,44612.05,249378233,,,
2023-09-25,44615,44936.55,44400.9,44766.1,266505760,,,
2023-09-26,44722.5,44773.8,44532.45,44624.2,188450888,,,
2023-09-27,44465.9,44668,44182.5,44588.3,221854101,,,
2023-09-28,44700.35,44756.8,44248.2,44300.95,389938076,,,
2023-09-29,44445.35,44755.05,44344.9,44584.55,155984970,,,
2023-10-03,44561.5,44566.3,44243.1,44399.05,192648191,,,
2023-10-04,44108.15,44161.35,43857.5,43964.05,310337941,,,
2023-10-05,44181.35,44391.85,44108.3,44213.35,243397808,,,
2023-10-06,44395.4,44500.7,44242.95,44360.6,157546711,,,
2023-10-09,44057.8,44113.2,43796.75,43886.5,162329888,,,
2023-10-10,44027.55,44487.25,44004.55,44360.15,175255784,,,
2023-10-11,44554.9,44710.55,44411.4,44516.9,213743273,,,
2023-10-12,44571.55,44693.05,44530.05,44599.2,112113681,,,
2023-10-13,44322.05,44563.05,44203.7,44287.95,169909362,,,
2023-10-16,44204.75,44356.95,44044.4,44225.9,140416279,,,
2023-10-17,44589.8,44589.85,44336.95,44409.5,120502257,,,
2023-10-18,44404.2,44412.5,43861.45,43888.7,217182886,,,
2023-10-19,43616.75,44058.8,43558.1,43754.5,156629503,,,
2023-10-20,43584.25,43877.5,43567.45,43723.05,152394312,,,
2023-10-23,43822.7,43831.3,43029.45,43151.2,201404300,,,
2023-10-25,43308.3,43397.45,42758.4,42832.0,188273620,,,
2023-10-26,42708.4,42716.2,42105.4,42280.15,307071946,,,
2023-10-27,42555.6,42840.15,42482.75,42782.0,213867839,,,
2023-10-30,42721.4,43112.5,42390.5,43039.15,188984726,,,
2023-10-31,43356.85,43356.85,42797.15,42845.95,157391487,,,
2023-11-01,42694.25,42815.15,42589.65,42700.95,145213582,,,
2023-11-02,43018.7,43271.5,42796.45,43017.2,144713411,,,
2023-11-03,43318.3,43416.1,43221,43318.25,124077759,,,
2023-11-06,43627.75,43648.7,43415.2,43619.4,149913775,,,
2023-11-07,43598.85,43799.35,43283.85,43737.9,198173326,,,
2023-11-08,43791.8,43797.55,43547.75,43658.65,163438317,,,
2023-11-09,43626.1,43876.75,43542.65,43683.6,108890302,,,
2023-11-10,43543.25,43908.7,43504.95,43820.1,89974914,,,
2023-11-12,44054.5,44056,43916.6,43996.65,26541813,,,
2023-11-13,43915.1,43970.75,43681.4,43891.25,169596833,,,
2023-11-15,44398.45,44408.55,44164.55,44201.7,202535584,,,
2023-11-16,44251.7,44420.95,44064.15,44161.55,144312535,,,
2023-11-17,43656.25,43872.85,43513.85,43583.95,227415842,,,
2023-11-20,43591.5,43724,43450.05,43584.95,124319579,,,
2023-11-21,43790.95,43790.95,43586.45,43689.15,108196578,,,
2023-11-22,43663.6,43692.5,43230.95,43449.6,150863505,,,
2023-11-23,43452.75,43649.65,43451.35,43577.5,72280382,,,
2023-11-24,43607.35,43806.5,43566.15,43769.1,96846530,,,
2023-11-28,43851.55,43960.3,43739.8,43880.95,151249387,,,
2023-11-29,44081.75,44630.35,44003.45,44566.45,152338716,,,
2023-11-30,44711.2,44764.8,44254.6,44481.75,343168253,,,
2023-12-01,44580.15,44951.1,44531.75,44814.2,204927587,,,
2023-12-04,45671.5,46484.45,45484.2,46431.4,311170393,,,
2023-12-05,46895.9,47230.55,46653.65,47012.25,326064098,,,
2023-12-06,47256.75,47259.85,46750.2,46834.55,244245159,,,
2023-12-07,46735.4,46927.7,46507.15,46841.4,208148115,,,
2023-12-08,46797.2,47303.65,46793.9,47262.0,218254038,,,
2023-12-11,47233.3,47588,47186.6,47314.25,182500023,,,
2023-12-12,47421.7,47454,47004.05,47097.55,181986087,,,
2023-12-13,47190.75,47201.95,46886.9,47092.25,202304718,,,
2023-12-14,47567.65,47943.6,47510.85,47732.3,193093079,,,
2023-12-15,47939.9,48219.95,47632.85,48143.55,313865426,,,
2023-12-18,48068.5,48076.6,47806.7,47867.7,157255424,,,
2023-12-19,47940.4,48017,47646.05,47870.9,189789200,,,
2023-12-20,48085.35,48166.15,47202.65,47445.3,242487993,,,
2023-12-21,47172.45,47932.4,46919.7,47840.15,207998676,,,
2023-12-22,47837.75,48071.4,47415.85,47491.85,165824495,,,
2023-12-26,47576.4,47838.45,47411.65,47724.85,118747478,,,
2023-12-27,47818.5,48347.65,47806.7,48282.2,184934337,,,
2023-12-28,48479.05,48636.45,48343.15,48508.55,391088458,,,
2023-12-29,48374.85,48477.7,48091.85,48292.25,173986713,,,
2024-01-01,48203.45,48450,48044.15,48234.3,146861652,,,
2024-01-02,48194.8,48223.55,47689.8,47761.65,183177683,,,
2024-01-03,47796.3,47798.75,47481.35,47704.95,233345158,,,
2024-01-04,47805.4,48281.2,47738.15,48195.85,175744981,,,
2024-01-05,48245.55,48381.95,47822.85,48159.0,180954626,,,
2024-01-08,48096.65,48154.5,47387.35,47450.25,231436501,,,
2024-01-09,47705.4,47939.3,47156.05,47242.65,160987383,,,
2024-01-10,47073.85,47423.45,47010.8,47360.85,165160645,,,
2024-01-11,47538.6,47662.1,47237,47438.35,132519875,,,
2024-01-12,47572.7,47873.7,47408.5,47709.8,191640544,,,
2024-01-15,47891.05,48248.05,47825.4,48158.3,167053734,,,
2024-01-16,48109.95,48305.4,48002.85,48125.1,224460146,,,
2024-01-17,46573.95,47212.75,45979.6,46064.45,499645242,,,
2024-01-18,45492.75,46184.05,45430.7,45713.55,275044049,,,
2024-01-19,46103.5,46249.85,45558.05,45701.15,296609385,,,
2024-01-20,45989.25,46183.7,45640.9,46058.2,157202694,,,
2024-01-23,46495.45,46580.3,44886.1,45015.05,422624502,,,
2024-01-24,44489.4,45485.5,44489.4,45082.4,348696634,,,
2024-01-25,45057.95,45139.05,44429,44866.15,386805113,,,
2024-01-29,45171.5,45660.35,45110.9,45442.35,336781672,,,
2024-01-30,45481.5,45678.7,45206.05,45367.75,232110117,,,
2024-01-31,45295.65,46179.75,45071.2,45996.8,373131629,,,
2024-02-01,46164.9,46306.9,45668.35,46188.65,305721773,,,
2024-02-02,46568.2,46892.35,45901.25,45970.95,337040622,,,
2024-02-05,45962.25,46048.6,45615.1,45825.55,265909716,,,
2024-02-06,45891.2,45932.15,45527,45690.8,178592534,,,
2024-02-07,45944.6,46062.85,45620.5,45818.5,283674776,,,
2024-02-08,45973.85,46181.2,44893.75,45012.0,319908560,,,
2024-02-09,44986.75,45718.15,44859.15,45634.55,275980366,,,
2024-02-12,45664.3,45748.5,44633.85,44882.25,268816417,,,
2024-02-13,45056.8,45750.4,44819.55,45502.4,245860544,,,
2024-02-14,45014.65,46170.45,44860.75,45908.3,279949703,,,
2024-02-15,46027.1,46297.7,45590.2,46218.9,277735723,,,
2024-02-16,46454.3,46693.4,46264.4,46384.85,291383103,,,
2024-02-19,46554.9,46717.4,46317.7,46535.5,158391356,,,
2024-02-20,46444.9,47136.75,46367.8,47094.2,171886069,,,
2024-02-21,47363.4,47363.4,46886.95,47019.7,198947007,,,
2024-02-22,46934.55,47024.05,46426.85,46919.8,177182875,,,
2024-02-23,47060.7,47245.35,46723.15,46811.75,200518213,,,
2024-02-26,46615.85,46893.15,46513.55,46576.5,223684075,,,
2024-02-27,46480.2,46722.25,46324.9,46588.05,157256037,,,
2024-02-28,46640.9,46754.55,45852.55,45963.15,167271103,,,
2024-02-29,45881.45,46329.65,45661.75,46120.9,544734727,,,
2024-03-01,46218,47342.25,46218,47286.9,172519003,,,
2024-03-02,47377.45,47433.85,47237,47297.5,12241084,,,
2024-03-04,47318.5,47529.6,47191.65,47456.1,158086247,,,
2024-03-05,47265.7,47737.85,47196.75,47581.0,176908608,,,
2024-03-06,47451.65,48161.25,47442.25,47965.4,301719696,,,
2024-03-07,48035.8,48071.7,47747.2,47835.8,146312130,,,
2024-03-11,47792.2,47853.8,47230.65,47327.85,204168522,,,
2024-03-12,47351.35,47812.75,46884.45,47282.4,207215490,,,
2024-03-13,47341.15,47468.7,46842.15,46981.3,274610911,,,
2024-03-14,46825.75,47231.5,46565.55,46789.95,220394655,,,
2024-03-15,46572.1,46802.55,46310.5,46594.1,339276817,,,
2024-03-18,46458.75,46739.25,46022.15,46575.9,151328904,,,
2024-03-19,46421.9,46602.35,46258.75,46384.8,147080034,,,
2024-03-20,46392.9,46655.55,45828.8,46310.9,210365443,,,
2024-03-21,46674.85,46990.25,46570.15,46684.9,150392246,,,
2024-03-22,46634.9,46974.15,46566.8,46863.75,172184807,,,
2024-03-26,46552.95,46788.35,46529.05,46600.2,171655734,,,
2024-03-27,46643.45,46956.1,46643.45,46785.95,285050400,,,
2024-03-28,46827.85,47440.45,46827.85,47124.6,347979603,,,
2024-04-01,47391.05,47646.8,47373.1,47578.25,134089417,,,
2024-04-02,47490.75,47707.35,47408.55,47545.45,183398624,,,
2024-04-03,47350.25,47676.95,47279.8,47624.25,283779413,,,
2024-04-04,48086.2,48254.65,47712.7,48060.8,324271925,,,
2024-04-05,48104.65,48557.4,47894.5,48493.05,214305236,,,
2024-04-08,48586.75,48716.95,48424.65,48581.7,263381555,,,
2024-04-09,48810.8,48960.75,48568.25,48730.55,147583296,,,
2024-04-10,48879.55,49057.4,48669.25,48986.6,247065747,,,
2024-04-12,48671.2,48882.65,48477.55,48564.55,207985339,,,
2024-04-15,48057.5,48255.5,47725.8,47773.25,197115142,,,
2024-04-16,47436.7,47609,47316.55,47484.8,186069576,,,
2024-04-18,47592.7,47829.75,46982.15,47069.45,186371057,,,
2024-04-19,46744.95,47668.7,46579.05,47574.15,164580371,,,
2024-04-22,48145.7,48146.3,47628.45,47924.9,177719481,,,
2024-04-23,48299.6,48302.7,47899.3,47970.45,141110604,,,
2024-04-24,48120.9,48246.2,48028.7,48189.0,112159300,,,
2024-04-25,47772.65,48625.45,47737.2,48494.95,337412581,,,
2024-04-26,48660,48679.65,48088.25,48201.05,208118242,,,
2024-04-29,48359.9,49473.6,48342.7,49424.05,327134115,,,
2024-04-30,49477.1,49974.75,49249.9,49396.75,402874252,,,
2024-05-02,49262,49529.35,49123.6,49231.05,291857104,,,
2024-05-03,49375.05,49607.75,48659.7,48923.55,222964426,,,
2024-05-06,49174.55,49252.65,48784,48895.3,340187386,,,
2024-05-07,48965.05,49023.5,48213.75,48285.35,230306618,,,
2024-05-08,48124.2,48223.05,47851.15,48021.1,286041100,,,
2024-05-09,47976.35,48258.65,47440.65,47487.9,272914366,,,
2024-05-10,47555.5,47868.7,47313.35,47421.1,218854712,,,
2024-05-13,47389.8,47841.6,46983.25,47754.1,220865860,,,
2024-05-14,47748.85,47937.25,47607.85,47859.45,151958187,,,
2024-05-15,47923.1,47957.2,47534.5,47687.45,188783717,,,
2024-05-16,47945.85,48052.9,47340.35,47977.05,219943967,,,
2024-05-17,47842.95,48188.65,47758.8,48115.65,143821357,,,
2024-05-18,48197.3,48222.35,48108.15,48199.5,19246577,,,
2024-05-21,47927.1,48259.75,47927.1,48048.2,166750558,,,
2024-05-22,48113.9,48114.05,47435.25,47781.95,204867369,,,
2024-05-23,47899.35,48829.7,47873.15,48768.6,184456258,,,
2024-05-24,48668,49052.95,48644.8,48971.65,135007612,,,
2024-05-27,49105.9,49688.85,49051.25,49281.8,226530645,,,
2024-05-28,49390.9,49511.15,49043.65,49142.15,155174235,,,
2024-05-29,48786.7,49022.6,48401.55,48501.35,183590101,,,
2024-05-30,48313.6,49044.6,48313.6,48682.35,151037825,,,
2024-05-31,48895.15,49122.55,48569.05,48983.95,303626980,,,
2024-06-03,50889.85,51133.2,50092.65,50979.95,453245928,,,
2024-06-04,50667.05,50667.05,46077.85,46928.6,653139446,,,
2024-06-05,47486.6,49362.9,46446.8,49054.6,546764854,,,
2024-06-06,49426.4,49672.75,48906.75,49291.9,250402400,,,
2024-06-07,49316.95,49943.2,49080.45,49803.2,170266438,,,
2024-06-10,49808.15,50252.95,49622.75,49780.9,195780219,,,
2024-06-11,49751.2,49970.3,49530.45,49705.75,128463766,,,
2024-06-12,49857.45,50233.4,49697.35,49895.1,211727177,,,
2024-06-13,50179,50186.45,49799.65,49846.7,125683920,,,
2024-06-14,49993.95,50102.6,49693.35,50002.0,154981105,,,
2024-06-18,50194.35,50562.15,49900.2,50440.9,189237872,,,
2024-06-19,50607.9,51957,50441.75,51398.05,435312462,,,
2024-06-20,51712.9,51842.2,51281.5,51783.25,235938598,,,
2024-06-21,51927.3,51934.35,51224.95,51661.45,289444673,,,
2024-06-24,51280.25,51783.95,51138.9,51703.95,176606126,,,
2024-06-25,51759.45,52746.5,51747.65,52606.0,204026702,,,
2024-06-26,52653.2,52988.3,52373.7,52870.5,214289918,,,
2024-06-27,52980.3,53180.75,52639,52811.3,332885647,,,
2024-06-28,52874.95,53030.3,52242.3,52342.25,244632703,,,
2024-07-01,52351.15,52656.15,52166.05,52574.75,139055322,,,
2024-07-02,52793.75,52828.45,51996.65,52168.1,194676008,,,
2024-07-03,52872.3,53256.7,52482.65,53089.25,332402593,,,
2024-07-04,53357.7,53357.7,52815.9,53103.7,163672180,,,
2024-07-05,52560.1,52817.85,52290.05,52660.35,199567941,,,
2024-07-08,52533.1,52710.8,52246.7,52425.8,158002550,,,
2024-07-09,52390.5,52626.6,52292.95,52568.8,145059721,,,
2024-07-10,52528.8,52528.8,52075.4,52189.3,228018571,,,
2024-07-11,52316.9,52400.3,51749.45,52270.65,138311489,,,
2024-07-12,52272.65,52794.55,52171.15,52278.9,170981035,,,
2024-07-15,52330.05,52662.25,52154,52455.9,186148129,,,
2024-07-16,52466.7,52619.05,52331.6,52396.8,158801629,,,
2024-07-18,52215.05,52782.75,52168.65,52620.7,139447000,,,
2024-07-19,52531.55,52586.75,52146.3,52265.6,134136064,,,
2024-07-22,52145.6,52427,51874.55,52280.4,175252965,,,
2024-07-23,52511,52547.55,51342.65,51778.3,207779807,,,
2024-07-24,51657.65,51944.65,50784.25,51317.0,292240419,,,
2024-07-25,50762.3,51006.1,50559.9,50888.75,188408002,,,
2024-07-26,50456.1,51398.6,50438.3,51295.95,215682852,,,
2024-07-29,51546.65,52340.25,51186.95,51406.25,513698890,,,
2024-07-30,51383.9,51957.75,51260.05,51499.3,235230150,,,
2024-07-31,51583.45,51663.1,51335.7,51553.4,219033329,,,
2024-08-01,51672.6,51877.15,51456.2,51564.0,156350445,,,
2024-08-02,51172.25,51608.7,51087.85,51350.15,162974928,,,
2024-08-05,50586.25,50747.55,49719.1,50092.1,257765967,,,
2024-08-06,50436.9,50688.8,49659.05,49748.3,162841378,,,
2024-08-07,50286.2,50292.45,49782.2,50119.0,170992476,,,
2024-08-08,50051.9,50440.75,49829.6,50156.7,124815472,,,
2024-08-09,50612.1,50707.75,50386.45,50484.5,120151553,,,
2024-08-12,50412.6,50830.7,50149.25,50577.95,163540890,,,
2024-08-13,50395.35,50559.25,49785.1,49831.85,148944173,,,
2024-08-14,49887.15,49959.25,49654.65,49727.3,137132065,,,
2024-08-16,50133,50603.4,49806.05,50516.9,130691206,,,
2024-08-19,50683.55,50728.25,50283.55,50368.35,115323210,,,
2024-08-20,50417.25,51025.6,50398.6,50803.15,144159443,,,
2024-08-21,50666.65,50772.45,50333.35,50685.55,180795768,,,
2024-08-22,50894.8,51080,50794.45,50985.7,133056374,,,
2024-08-23,51040.05,51117.85,50856.7,50933.45,88479768,,,
2024-08-26,51100.65,51317.85,51061.55,51148.1,100320793,,,
2024-08-27,51214.05,51404.7,50938.1,51278.75,111416843,,,
2024-08-28,51208.95,51260.75,51033.7,51143.85,128085581,,,
2024-08-29,51103.75,51368.95,50984.4,51152.75,143629783,,,
2024-08-30,51437.45,51466.55,51256,51351.0,478573056,,,
2024-09-02,51579.5,51579.5,51295.8,51439.55,150152857,,,
2024-09-03,51479.75,51750.1,51240.05,51689.1,127204798,,,
2024-09-04,51364.65,51503.55,51259.9,51400.25,159700071,,,
2024-09-05,51544.25,51636.75,51389.15,51473.05,129639285,,,
2024-09-06,51200.4,51380.05,50447.3,50576.85,185967220,,,
2024-09-09,50549.25,51192.75,50369.4,51117.8,172392082,,,
2024-09-10,51328.3,51366,50958.25,51272.3,119254409,,,
2024-09-11,51218.55,51420.15,50947.7,51010.0,145073630,,,
2024-09-12,51271,51878.1,51025,51772.4,127898149,,,
2024-09-13,51952.55,51994.1,51643.95,51938.05,151963664,,,
2024-09-16,52038.7,52208.7,51921.45,52153.15,93777745,,,
2024-09-17,52249.05,52284.6,52085.5,52188.65,111430870,,,
2024-09-18,52177.1,52954.2,52154.55,52750.4,205126988,,,
2024-09-19,52929.25,53353.3,52847.9,53037.6,164882787,,,
2024-09-20,53235.8,54066.1,53037.6,53793.2,271883692,,,
2024-09-23,53917.9,54197.95,53741.4,54105.8,163673628,,,
2024-09-24,54110.65,54247.7,53904.65,53968.6,192600707,,,
2024-09-25,53794,54141.3,53792.85,54101.65,184559680,,,
2024-09-26,54045.85,54467.35,54010.9,54375.35,170534996,,,
2024-09-27,54338.7,54338.7,53763.2,53834.3,217415265,,,
2024-09-30,53556.95,53726.4,52926.55,52978.1,190319755,,,
2024-10-01,52844,53235.25,52817.8,52922.6,240165035,,,
2024-10-03,52314.45,52582.95,51683.4,51845.2,272327853,,,
2024-10-04,51643.75,52358.35,51347.25,51462.05,255769234,,,
2024-10-07,51543.2,51784.8,50194.3,50478.9,328679712,,,
2024-10-08,50736.1,51176.05,50466,51021.0,153214037,,,
2024-10-09,51161.75,51707.15,50903.75,51007.0,310003563,,,
2024-10-10,51195.7,51659.45,51047,51530.9,123685597,,,
2024-10-11,51491.9,51560,51005.85,51172.3,109416180,,,
2024-10-14,51263.25,51893,51220.85,51816.9,126590926,,,
2024-10-15,51975.95,52022.05,51698.75,51906.0,101408546,,,
2024-10-16,51711.2,52031.6,51711.2,51801.05,94424408,,,
2024-10-17,51849.3,51930.2,51150.25,51288.8,107821058,,,
2024-10-18,51261,52199.45,51000.9,52094.2,139076902,,,
2024-10-21,52361.1,52577.5,51855.15,51962.7,145727673,,,
2024-10-22,52071.35,52257.3,51179.6,51257.15,203947181,,,
2024-10-23,51117.8,51551.55,51107.9,51239.0,208111850,,,
2024-10-24,51272.3,51781.55,51201.85,51531.15,171818678,,,
2024-10-25,51369.75,51501.05,50382.1,50787.45,271735399,,,
2024-10-28,51061.35,51589.15,51012.55,51259.3,447571902,,,
2024-10-29,51404.1,52354.85,51278.9,52320.7,374629247,,,
2024-10-30,51988.7,52220,51733,51807.5,247658224,,,
2024-10-31,51649.45,52005.6,51318.1,51475.35,319910762,,,
2024-11-01,51550.15,51825.5,51459.4,51673.9,51350377,,,
2024-11-04,51764.5,51764.5,51066.8,51215.25,320472374,,,
2024-11-05,51052.6,52289.55,50865.45,52207.25,244983932,,,
2024-11-06,52440.4,52493.95,52185.4,52317.4,219097414,,,
2024-11-07,52258.95,52377.25,51752.25,51916.5,160476603,,,
2024-11-08,51869.15,52007.15,51494,51561.2,157226476,,,
2024-11-11,51562.7,52177.7,51294.2,51876.75,160694052,,,
2024-11-12,52053.75,52169.05,51006.85,51157.8,131415636,,,
2024-11-13,51030.95,51353.5,49904.4,50088.35,207050329,,,
2024-11-14,50053.45,50561.8,49939.35,50179.55,133887043,,,
2024-11-18,50312.45,50445.8,50074,50363.8,161525597,,,
2024-11-19,50580.55,50983.5,50440.85,50626.5,185755396,,,
2024-11-21,50625,50652.15,49787.1,50372.9,254623745,,,
2024-11-22,50512.8,51271.5,50508.25,51135.4,183377690,,,
2024-11-25,52046.35,52331.1,51774.05,52207.5,458462507,,,
2024-11-26,52554.9,52555.5,51999.75,52191.5,113118684,,,
2024-11-27,52154.3,52444.35,52019.65,52301.8,151590455,,,
2024-11-28,52389.95,52760.2,51782.9,51906.85,172034869,,,
2024-11-29,51984.15,52170.9,51759.45,52055.6,139625360,,,
2024-12-02,52087.65,52197.25,51693.95,52109.0,102500670,,,
2024-12-03,52357.95,52780.9,52216.85,52695.75,173561594,,,
2024-12-04,52775,53387.1,52685.15,53266.9,228584540,,,
2024-12-05,53354.45,53888.3,52850.35,53603.55,155605811,,,
2024-12-06,53634.2,53868.5,53160.65,53509.5,209369122,,,
2024-12-09,53380.75,53775.1,53326.4,53407.75,121821865,,,
2024-12-10,53450.05,53624.05,53302.65,53577.7,121836590,,,
2024-12-11,53459.3,53648.05,53302.15,53391.35,101587795,,,
2024-12-12,53201,53537.45,53174.4,53216.45,99473861,,,
2024-12-13,53109.8,53654,52264.55,53583.8,139912483,,,
2024-12-16,53502.5,53738.9,53335,53581.35,85755127,,,
2024-12-17,53394.1,53515.7,52709.4,52834.8,116219553,,,
2024-12-18,52696.95,52827.6,52010.65,52139.55,149536630,,,
2024-12-19,51428.45,51789.85,51263.75,51575.7,145941694,,,
2024-12-20,51401.35,51629,50609.35,50759.2,228200799,,,
2024-12-23,51044.4,51417.35,51030.4,51317.6,110847696,,,
2024-12-24,51314.95,51382.1,51137.5,51233.0,112046629,,,
2024-12-26,51395.8,51740,50951.8,51170.7,0,,,
2024-12-27,51268.2,51628.45,51240.1,51311.3,78171919,,,
2024-12-30,51255.35,51979.75,50718.35,50952.75,316292024,,,
2024-12-31,50648.2,50945.55,50599.8,50860.2,105274010,,,
2025-01-01,50841.9,51321.95,50485.05,51060.6,81129924,,,
2025-01-02,51084.95,51672.75,50992.8,51605.55,134402813,,,
2025-01-03,51567.15,51671.6,50904.35,50988.8,148238026,,,
2025-01-06,50990.65,51026.1,49751,49922.0,184590426,,,
2025-01-07,50061.2,50447.6,49969.3,50202.15,103825140,,,
2025-01-08,50201.75,50246.9,49389.75,49835.05,131178850,,,
2025-01-09,49712.55,49798.1,49230.15,49503.5,136379631,,,
2025-01-10,49426.5,49483.15,48631.2,48734.15,142386637,,,
2025-01-13,48264.25,48606.35,47898.35,48041.25,168780899,,,
2025-01-14,48266.9,49007.35,48235.2,48729.15,151923269,,,
2025-01-15,48832.75,49083.65,48522.4,48751.7,145112403,,,
2025-01-16,49082.9,49459,49038.45,49278.7,146732136,,,
2025-01-17,48959.5,49047.2,48309.5,48540.6,130598508,,,
2025-01-20,48834.15,49650.6,48683.6,49350.8,173115109,,,
2025-01-21,49532,49543.15,48430.95,48570.9,134686328,,,
2025-01-22,48689.55,48781.75,48074.05,48724.4,151683951,,,
2025-01-23,48770.15,48892.7,48493,48589.0,124573638,,,
2025-01-24,48546.05,48858.65,48203,48367.8,139948431,,,
2025-01-27,47881.65,48319.2,47844.15,48064.65,271808231,,,
2025-01-28,48642.5,49247.15,48449.05,48866.85,299944475,,,
2025-01-29,48997.2,49199.65,48849.8,49165.95,177169221,,,
2025-01-30,49206.2,49426.2,49031.8,49311.95,197906088,,,
2025-01-31,49259.65,49674.8,49031.8,49587.2,232021331,,,
2025-02-01,49592.55,50009.5,48925.45,49506.95,118009351,,,
2025-02-03,49074.8,49373.45,48906.05,49210.55,122888691,,,
2025-02-04,49538.8,50206.6,49482.5,50157.95,155659931,,,
2025-02-05,50402.3,50522.15,50215.45,50343.05,148953623,,,
2025-02-06,50468.35,50553.35,50149.8,50382.1,158402021,,,
2025-02-07,50484.45,50641.75,49871.15,50158.85,178726541,,,
2025-02-10,50052.5,50155.65,49703.1,49981.0,98420678,,,
2025-02-11,49812.15,49906.75,49177.4,49403.4,127015655,,,
2025-02-12,49402.25,49702.35,48734.35,49479.45,136468017,,,
2025-02-13,49469.35,49836.1,49276.1,49359.85,118606192,,,
2025-02-14,49485.65,49592.95,48719.75,49099.45,130641404,,,
2025-02-17,48880.4,49319,48525.6,49258.9,114805488,,,
2025-02-18,49211.85,49328.55,48814.95,49087.3,107781259,,,
2025-02-19,48895.35,49628.25,48804,49570.1,113250369,,,
2025-02-20,49314.1,49455.8,49150.95,49334.55,111960237,,,
2025-02-21,49127.95,49306.55,48764,48981.2,95345014,,,
2025-02-24,48619.8,48748.4,48281.9,48651.95,95748720,,,
2025-02-25,48691.2,48862.15,48534.15,48608.35,106651228,,,
2025-02-27,48732.2,48972.55,48627.1,48743.8,186728631,,,
2025-02-28,48437.55,48574.5,48078.7,48344.7,287716653,,,
2025-03-03,48478.6,48574.7,47841.3,48114.3,151025906,,,
2025-03-04,47942.5,48374.9,47924.75,48245.2,139300167,,,
2025-03-05,48241.3,48657.65,48190.25,48489.95,127803810,,,
2025-03-06,48760,48839.1,48299.4,48627.7,137393647,,,
2025-03-07,48463.8,48709.05,48359.35,48497.5,106040439,,,
2025-03-10,48312,48599.15,48124.65,48216.8,123771352,,,
2025-03-11,47874.8,48029.05,47702.9,47853.95,222380296,,,
2025-03-12,47894.4,48222.15,47844.95,48056.65,243281505,,,
2025-03-13,48219.15,48352.45,48006.1,48060.4,145864976,,,
2025-03-17,48219.55,48481.35,48196.1,48354.15,131272921,,,
2025-03-18,48792.9,49400.3,48629.45,49314.5,146550294,,,
2025-03-19,49375.4,49807.55,49324.8,49702.6,137635415,,,
2025-03-20,49947.6,50155.3,49771.65,50062.85,115743962,,,
2025-03-21,49927.1,50672.15,49891.95,50593.55,225498916,,,
2025-03-24,50982.7,51801.15,50795.9,51704.95,180444979,,,
2025-03-25,51874.2,52063.95,51429.6,51607.95,185197665,,,
2025-03-26,51640.05,51875.8,51069.15,51209.0,152895952,,,
2025-03-27,51084.7,51714.35,51050.85,51575.85,415772852,,,
2025-03-28,51608.4,51839.1,51335.35,51564.85,171152969,,,
2025-04-01,51178.15,51683.85,50742,50827.5,176322972,,,
2025-04-02,50966.9,51404.2,50908.35,51348.05,149906457,,,
2025-04-03,50910,51661.6,50906.65,51597.35,291159558,,,
2025-04-04,51711.6,51893.6,51360.4,51502.7,189607641,,,
2025-04-07,49336.1,50426.25,49156.95,49860.1,236789593,,,
2025-04-08,50388.55,50793.7,50030.8,50511.0,162259279,,,
2025-04-09,50487.1,50496.9,49910.85,50240.15,141787861,,,
2025-04-11,50634.1,51244.7,50634.1,51002.35,139974934,,,
2025-04-15,52299,52486.35,51863.3,52379.5,203761353,,,
2025-04-16,52690.9,53164.45,52471.35,53117.75,200504101,,,
2025-04-17,53153.75,54407.2,53084.9,54290.2,294946433,,,
2025-04-21,54891.25,55461.65,54674.95,55304.5,267372839,,,
2025-04-22,55414.3,55961.2,55243.55,55647.2,276879053,,,
2025-04-23,56097.1,56098.7,55162.5,55370.05,245520423,,,
2025-04-24,55103.9,55550.45,55088.4,55201.4,233218409,,,
2025-04-25,55233.55,55350.55,54176.45,54664.05,210766304,,,
2025-04-28,54610.3,55577.4,54582.35,55432.8,178630188,,,
2025-04-29,55524.35,55957.75,55262.4,55391.25,193903416,,,
2025-04-30,55382.4,55478.25,54723.7,55087.15,193527310,,,
2025-05-02,55100.95,55691.95,54994.4,55115.35,154187346,,,
2025-05-05,55065.8,55345.5,54786.5,54919.5,139409242.0,,,
2025-05-06,54918.25,55036.95,54172.95,54271.4,198690472.0,,,
2025-05-07,54013.4,54684.3,53919.9,54610.9,268883957.0,,,
2025-05-08,54801.75,54937.25,54108.0,54365.65,302197374.0,,,
2025-05-09,53595.95,54054.8,53483.05,53595.25,179290315.0,,,
2025-05-12,54658.75,55466.3,54558.05,55382.85,199594158.0,,,
2025-05-13,55233.5,55499.65,54888.5,54940.85,190035885.0,,,
2025-05-14,55008.55,55208.6,54491.0,54801.3,145169571.0,,,
2025-05-15,54853.7,55490.55,54442.3,55355.6,138421253.0,,,
2025-05-16,55276.0,55418.9,55170.25,55354.9,136045212.0,,,
2025-05-19,55326.05,55695.55,55296.55,55420.7,138063909.0,,,
2025-05-20,55445.3,55568.35,54829.45,54877.35,143426306.0,,,
2025-05-21,55060.2,55336.85,54690.8,55075.1,119459912.0,,,
2025-05-22,54875.9,54996.1,54576.6,54941.3,148227670.0,,,
2025-05-23,54959.3,55441.3,54854.5,55398.25,88891444.0,,,
2025-05-26,55534.9,55875.75,55307.5,55572.0,90838669.0,,,
2025-05-27,55458.95,55831.35,55037.85,55352.8,145380504.0,,,
2025-05-28,55328.6,55521.8,55235.55,55417.0,128321511.0,,,
2025-05-29,55571.4,55782.75,55096.45,55546.05,185730254.0,,,
2025-05-30,55615.55,55813.3,55356.6,55749.7,281056831.0,,,
2025-06-02,55598.25,55966.3,55400.55,55903.4,211302101.0,,,
2025-06-03,56104.8,56161.4,55455.8,55599.95,212808078.0,,,
2025-06-04,55650.35,55791.0,55408.35,55676.85,151488202.0,,,
2025-06-05,55806.75,56010.15,55580.45,55760.85,141281084.0,,,
2025-06-06,55699.45,56695.0,55534.75,56578.4,347023400.0,,,
2025-06-09,57049.5,57049.5,56792.7,56839.6,207484622.0,,,
2025-06-10,56993.9,57015.4,56564.15,56629.1,145969879.0,,,
2025-06-11,56639.85,56782.5,56399.4,56459.75,135259963.0,,,
2025-06-12,56480.9,56611.05,55968.5,56082.55,135273988.0,,,
2025-06-13,55149.3,55688.0,55149.3,55527.35,142013350.0,,,
2025-06-16,55554.1,55999.85,55381.45,55944.9,107684846.0,,,
2025-06-17,55975.0,56067.3,55643.95,55714.15,106308600.0,,,
2025-06-18,55544.95,55933.6,55511.8,55828.75,116387466.0,,,
2025-06-19,55784.85,55942.45,55475.45,55577.45,131337052.0,,,
2025-06-20,55566.7,56328.2,55566.4,56252.85,161498033.0,,,
2025-06-23,55832.35,56233.55,55779.25,56059.35,86815983.0,,,
2025-06-24,56529.45,56862.0,56276.15,56461.9,132949497.0,,,
2025-06-25,56564.5,56681.4,56420.65,56621.15,98673656.0,,,
2025-06-26,56693.55,57263.45,56558.35,57206.7,176543280.0,,,
2025-06-27,57234.7,57475.4,56993.85,57443.9,237982623.0,,,
2025-06-30,57529.95,57614.5,57193.8,57312.75,182974016.0,,,
2025-07-01,57375.8,57533.85,57150.35,57459.45,283276197.0,,,
2025-07-02,57558.2,57628.4,56833.8,56999.2,169590882.0,,,
2025-07-03,57050.4,57193.25,56764.1,56791.95,149891510.0,,,
2025-07-04,56825.25,57075.1,56623.6,57031.9,93858205.0,,,
2025-07-07,56938.7,57152.2,56838.55,56949.2,103275989.0,,,
2025-07-08,56942.55,57303.3,56923.05,57256.3,105496181.0,,,
2025-07-09,57199.75,57290.65,57037.9,57213.55,91106919.0,,,
2025-07-10,57339.75,57363.7,56886.6,56956.0,101997889.0,,,
2025-07-11,56843.45,57091.05,56607.75,56754.7,95543477.0,,,
2025-07-14,56780.75,56896.3,56594.25,56765.35,123043716.0,,,
2025-07-15,56709.2,57134.95,56707.8,57006.65,124577638.0,,,
2025-07-16,57111.25,57276.55,56937.6,57168.95,161253321.0,,,
2025-07-17,57231.95,57262.85,56780.15,56828.8,129763690.0,,,
2025-07-18,56524.25,56705.15,56204.85,56283.0,141249347.0,,,
2025-07-21,56558.9,56983.45,56255.7,56952.75,133656637.0,,,
2025-07-22,57253.35,57286.15,56692.0,56756.0,132755588.0,,,
2025-07-23,56918.15,57249.0,56715.8,57210.45,129781223.0,,,
2025-07-24,57316.6,57316.6,56850.9,57066.05,179807625.0,,,
2025-07-25,57170.7,57170.7,56439.4,56528.9,125071034.0,,,
2025-07-28,56215.1,56578.4,55997.45,56084.9,145685401.0,,,
2025-07-29,55881.8,56296.4,55843.25,56222.0,145111592.0,,,
2025-07-30,56310.1,56321.15,56064.55,56150.7,139650524.0,,,
2025-07-31,55728.15,56406.2,55547.35,55961.95,182793120.0,,,
2025-08-01,55897.15,56097.6,55562.1,55617.6,98888023.0,,,
2025-08-04,55557.5,55752.45,55437.3,55619.35,131113299.0,,,
2025-08-05,55545.05,55648.15,55202.85,55360.25,105715243.0,,,
2025-08-06,55329.8,55559.4,55227.7,55411.15,117597509.0,,,
2025-08-07,55215.65,55614.8,54973.55,55521.15,95473822.0,,,
2025-08-08,55609.35,55652.6,54905.6,55004.9,97278488.0,,,
2025-08-11,54999.35,55582.15,54927.55,55510.75,105180632.0,,,
2025-08-12,55441.1,55566.7,55001.5,55043.7,74654204.0,,,
2025-08-13,55340.05,55340.05,55026.95,55181.45,80068987.0,,,
2025-08-14,55102.55,55472.8,55074.3,55341.85,74186271.0,,,
2025-08-18,55940.6,56156.3,55647.65,55734.9,101715772.0,,,
2025-08-19,55622.3,55965.55,55608.15,55865.15,89334976.0,,,
2025-08-20,55751.5,55812.6,55577.35,55698.5,69080256.0,,,
2025-08-21,55972.05,55993.65,55708.2,55755.45,70335704.0,,,
2025-08-22,55669.25,55745.0,55102.6,55149.4,77141295.0,,,
2025-08-25,55147.75,55306.0,55048.4,55139.3,79872789.0,,,
2025-08-26,54999.05,55068.9,54396.1,54450.45,123812430.0,,,
2025-08-28,54256.0,54382.25,53768.45,53820.35,134329841.0,,,
2025-08-29,53660.35,54086.0,53606.45,53655.65,103888450.0,,,
2025-09-01,53658.15,54035.85,53658.15,54002.45,78043463.0,,,
2025-09-02,54038.25,54160.95,53578.0,53661.0,77543435.0,,,
2025-09-03,53630.75,54136.15,53561.75,54067.55,100090205.0,,,
2025-09-04,54379.6,54450.55,53971.85,54075.45,120031588.0,,,
2025-09-05,54308.05,54308.05,53719.55,54114.55,79909524.0,,,
2025-09-08,54215.4,54518.7,54067.15,54186.9,76257333.0,,,
2025-09-09,54330.55,54350.65,54079.45,54216.1,93756212.0,,,
2025-09-10,54554.75,54705.2,54400.0,54536.0,116930374.0,,,
2025-09-11,54413.05,54757.45,54402.4,54669.6,96854156.0,,,
2025-09-12,54781.55,54852.25,54580.35,54809.3,80119831.0,,,
2025-09-15,54884.05,55018.7,54807.5,54887.85,72024180.0,,,
2025-09-16,54778.4,55185.45,54777.75,55147.6,98659319.0,,,
2025-09-17,55158.35,55540.75,55146.55,55493.3,155327382.0,,,
